Meetup Number,Meetup Date,Meetup Title,Venue,Book ID,Book Title,Author,Brought By,Notes
98,01/07/2026,BBB Meetup #98,Bookworm,49693046-60cc-4a1f-ada2-72d5f64c4907,A Brief History of Seven Killings,Marlon James,Mishael,
98,01/07/2026,BBB Meetup #98,Bookworm,f7a41275-29da-4f26-abca-2aaa968fa951,A Little Life,Hanya Yanagihara,Smriti,
98,01/07/2026,BBB Meetup #98,Bookworm,0e7d2134-de69-4a34-a4dd-95cc20d34533,"Adult Children Of Emotionally Immature Parents, by",Lindsay Gibson,Unknown,General Discussion
98,01/07/2026,BBB Meetup #98,Bookworm,0e60d9de-0b4d-4491-823d-b9a70a41ab8c,Alfred Hitchcock,Mystery Magazine,Shivankar,
98,01/07/2026,BBB Meetup #98,Bookworm,2d0f3807-a189-43be-96bd-600098ce9b04,Anil's Ghost,Michael Ondaatje,Unknown,General Discussion
98,01/07/2026,BBB Meetup #98,Bookworm,6426dae5-d689-4450-a09d-f003b7bda2a8,Are You Still Eleven (substack article),Unknown,Unknown,General Discussion
98,01/07/2026,BBB Meetup #98,Bookworm,9973d5e6-018b-4910-b8ca-33c5e6e5a070,"Best American Short Stories, edited",Celeste Ng,Alfa,
98,01/07/2026,BBB Meetup #98,Bookworm,32d241f9-8934-44f4-8b1c-62c89ffee338,Cleopatra and Frankenstein,Coco Mellors,Smriti,
98,01/07/2026,BBB Meetup #98,Bookworm,cf7b9d5c-94ce-42c9-8b91-3aeb389918af,"Dear Author, You Are Wrong",Varsha Varghese,Vinay Leo,
98,01/07/2026,BBB Meetup #98,Bookworm,815106ee-e9c2-4235-b5fc-243142c93612,Desi Delicacies,Claire Chambers,Bharath,
98,01/07/2026,BBB Meetup #98,Bookworm,36b35b0e-6e99-4fb9-87a8-4666fda34200,Do Androids Dream of Electric Sheep?,Philip K. Dick,Madhusudan,
98,01/07/2026,BBB Meetup #98,Bookworm,de32fd5e-21cd-433b-a6ca-2fea1c0494d4,Empire of AI,Karen Hao,Anushya,
98,01/07/2026,BBB Meetup #98,Bookworm,c92b1a76-d513-4586-9cb9-5068aa3b0a7b,"Hampi, Ellora, Brhadeeshwara (guides)",ASI,Niveditha,
98,01/07/2026,BBB Meetup #98,Bookworm,a4601555-86e1-4bcf-8a95-b7f43915bfca,Heartburn,Nora Ephron,Rini,
98,01/07/2026,BBB Meetup #98,Bookworm,e8a4b55f-22b3-4c84-94f0-9141e662b344,Holes,Louis Sachar,Shivankar,
98,01/07/2026,BBB Meetup #98,Bookworm,eefa22c3-6d41-4e97-8a00-b13b166c3b5a,Ini Njan Urangatte,P K Balakrishnan,Unknown,General Discussion
98,01/07/2026,BBB Meetup #98,Bookworm,d0e33797-fcb2-40ae-943d-e31316f9c4d4,Kalodinja Punyalan,Shinoj,Alfa,
98,01/07/2026,BBB Meetup #98,Bookworm,9c149540-d750-4783-8706-1f3db4682909,Made in America,Sam Walton,Vinay Keerthi,
98,01/07/2026,BBB Meetup #98,Bookworm,d08c1b94-7f23-4f9b-b665-c6f9057174fa,Made in Japan,Akio Morita and Sony,Vinay Keerthi,
98,01/07/2026,BBB Meetup #98,Bookworm,eba6cc04-08b9-4064-9f6c-7c0e07978c9f,Mandodari,Koral Dasgupta,Unknown,General Discussion
98,01/07/2026,BBB Meetup #98,Bookworm,fbddf685-23de-4ae8-a834-6b66f9b42767,Maneaters of Kumaon,Jim Corbett,Unknown,General Discussion
98,01/07/2026,BBB Meetup #98,Bookworm,e869606c-faa0-48d6-87f0-c988709127cd,Memories of Midnight,Sidney Sheldon,Sherwin,
98,01/07/2026,BBB Meetup #98,Bookworm,a234f201-faad-4d39-af1b-b7209baa9084,My India,Jim Corbett,Bharath,
98,01/07/2026,BBB Meetup #98,Bookworm,22a98506-d837-41b6-8aaa-061f93f003d3,Out Stealing Horses,Per Petterson,Bhargavi,
98,01/07/2026,BBB Meetup #98,Bookworm,7b0ad3b1-7667-4427-b37b-d0ff074950fe,Pretty Baby (movie),Louis Malle,Unknown,General Discussion
98,01/07/2026,BBB Meetup #98,Bookworm,5ca58042-affe-4363-9e49-575af38a3cba,Randamoozham,M.T. Vasudevan Nair,Unknown,General Discussion
98,01/07/2026,BBB Meetup #98,Bookworm,e4e3bd20-da88-4ee4-941e-919f5947e8dd,Ravana's Kingdom,Justin W Henry,Unknown,General Discussion
98,01/07/2026,BBB Meetup #98,Bookworm,2c1839dd-fed9-4d52-9ce5-e83b5d95b422,Seasons of Trouble,Rohini Mohan,Unknown,General Discussion
98,01/07/2026,BBB Meetup #98,Bookworm,964ab9bb-8c4d-45a9-9a2b-0abbbc22c8ae,Strange Pictures,Uketsu,Ipsa,
98,01/07/2026,BBB Meetup #98,Bookworm,30a4de65-36be-417b-aa05-e66df01aa78d,Tales of the Supernatural Terror,Guy de Maupassant,Unknown,General Discussion
98,01/07/2026,BBB Meetup #98,Bookworm,e05c4346-7027-4fb6-b847-4d7209d513f5,That Divided Island,Samanth Subramanian,Jeffy,
98,01/07/2026,BBB Meetup #98,Bookworm,c5e3b751-6220-4698-86b5-9fad50a2a42e,That Hideous Strength,CS Lewis,Sherwin,
98,01/07/2026,BBB Meetup #98,Bookworm,e177e9cb-7ac6-41e0-876e-6d08f4a7e294,The BFG,Roald Dahl,Amit Charles,
98,01/07/2026,BBB Meetup #98,Bookworm,79543094-1458-4d2c-a778-c3e5497c1294,The Boy In The Dress,David Walliams,Vinay Leo,
98,01/07/2026,BBB Meetup #98,Bookworm,3898130a-bb58-4c34-9d9b-de5c7a237e94,The End of Imagination,Arundhati Roy,Ipsa,
98,01/07/2026,BBB Meetup #98,Bookworm,b2387820-f55e-4181-87ff-fe07948dc496,The Everything Store,Brad Stone,Vinay Keerthi,
98,01/07/2026,BBB Meetup #98,Bookworm,0ad200aa-acc5-4b00-a9b1-f91a958896c4,H.P Lovecraft Omnibus,H.P Lovecraft,Shivankar,
98,01/07/2026,BBB Meetup #98,Bookworm,9bc2e1cb-517b-4659-ad8d-56002aa8d5c9,The Hidden Hindu series,Akshat Gupta,Anindita,
98,01/07/2026,BBB Meetup #98,Bookworm,ada79b70-055a-4679-a0aa-12e023bd5c89,The Mystery of Edwin Drood,Charles Dickens,Unknown,General Discussion
98,01/07/2026,BBB Meetup #98,Bookworm,ad590da2-b00f-405a-9e00-87dd04a37903,The Namesake,Jhumpa Lahiri,Darshan,
98,01/07/2026,BBB Meetup #98,Bookworm,68bbbefe-073c-42cf-a7f2-d0f27063b568,The Other Side of Midnight,Sidney Sheldon,Unknown,General Discussion
98,01/07/2026,BBB Meetup #98,Bookworm,1aded50d-6481-45ee-9466-1dc00327d45f,The Safekeep,Yael van der Wouden,Anindita,
98,01/07/2026,BBB Meetup #98,Bookworm,ecf35444-1d2b-4b27-8575-67a265a6a569,The Seed Children,Bontekanye Botumile,Abhiram,
98,01/07/2026,BBB Meetup #98,Bookworm,660befb1-edec-472b-b51b-a36f12d8ab66,The Seven Moons of Mali Almeida,Shehan Karunatilaka,Unknown,General Discussion
98,01/07/2026,BBB Meetup #98,Bookworm,0a7a8dc5-89ef-4d37-9cf2-16d77f7262d2,The Temple Is Not My Father,Rasana Atreya,Vinay Leo,
98,01/07/2026,BBB Meetup #98,Bookworm,06b21914-d8a2-4f14-a489-842975b5d0e3,The Two Kingdoms,Bontekanye Botumile,Abhiram,
98,01/07/2026,BBB Meetup #98,Bookworm,71f133e1-526f-4bd9-afca-78185edd81b8,The Veldt,Ray Bradbury,Unknown,General Discussion
98,01/07/2026,BBB Meetup #98,Bookworm,98d45c3c-13ed-48c1-b7c5-67eee5ef8bfc,Vani (graphic novel),Benjamin Dix,Unknown,General Discussion
98,01/07/2026,BBB Meetup #98,Bookworm,63e5c8ce-16e3-45b6-be5f-6f4bf9b5ae15,Whistler,Ann Patchett,Rini,
98,01/07/2026,BBB Meetup #98,Bookworm,f516639e-aac0-4a2c-a9e0-fc1e48314c78,Woman at Point Zero,Nawal El Saadawi,Madhusudan,
98,01/07/2026,BBB Meetup #98,Bookworm,fa120f30-7d2d-4e34-a8cd-e523b0f4de59,Yesteryear,Caro Claire Burke,Darshan,
98,01/07/2026,BBB Meetup #98,Bookworm,f26751cd-2af8-4bff-8e16-a10a608468c5,4-Part Essays,Karen Hao,Unknown,General Discussion
97,28/06/2026,BBB Meetup #97,Bookworm,87a9ecc6-cfea-4838-8d78-76ba066d8522,A House Without Windows,Nadia Hashimi,Rida,
97,28/06/2026,BBB Meetup #97,Bookworm,7e8582f7-dfb0-45de-a945-4a7722c8a699,A Painted House,John Grisham,Ipsa ,
97,28/06/2026,BBB Meetup #97,Bookworm,b5d6ce43-76d4-465e-9bab-4db7e6bba656,After Dark,Haruki Murakami,Unknown,General Discussion
97,28/06/2026,BBB Meetup #97,Bookworm,6bd5dc72-5254-4025-a8eb-e5d240116c3a,As Good As Gold,Colin Dexter,Ipsa,
97,28/06/2026,BBB Meetup #97,Bookworm,62450afb-1fbd-4526-98f8-7faf29950950,Atmosphere,Taylor Jenkins Reid,Rida,
97,28/06/2026,BBB Meetup #97,Bookworm,65dce153-cade-4501-93e8-a9f2fc7d217b,Aug-17,S. Hareesh,Bharath,
97,28/06/2026,BBB Meetup #97,Bookworm,31a4094a-d621-41a2-898a-82645a52b952,Before the Coffee Gets Cold,Toshikazu Kawaguchi,Harshit,
97,28/06/2026,BBB Meetup #97,Bookworm,2359ae8f-992e-4620-86da-d8ff6997f53b,Birthday Girl,Haruki Murakami,Unknown,General Discussion
97,28/06/2026,BBB Meetup #97,Bookworm,a5a2d832-6ff5-4394-8639-685871110023,Boar Hunt,V. M. Devadas,Bharath,
97,28/06/2026,BBB Meetup #97,Bookworm,244b5f20-2bdc-453d-a749-91e475d2e13b,Djinn City,Saad Z Hossain,Unknown,General Discussion
97,28/06/2026,BBB Meetup #97,Bookworm,af4f4310-0b57-49e8-ba05-f51fa8d78047,Dungeon Crawler Carl,Matt Dinniman,"Avinash, Abhiram",
97,28/06/2026,BBB Meetup #97,Bookworm,5064af7c-8ab2-4d96-a9da-43e3231a744e,Edgedancer,Brandon Sanderson,Unknown,General Discussion
97,28/06/2026,BBB Meetup #97,Bookworm,9018b7ea-361f-42f0-af11-e33da6a44a55,Ellora ,ASI,Niveditha,
97,28/06/2026,BBB Meetup #97,Bookworm,3a690eec-9764-425b-a804-aacf8014903f,Ghachar Ghochar,Vivek Shanbhag,Ipsa,
97,28/06/2026,BBB Meetup #97,Bookworm,ab9127a1-8a1c-4f8f-ac7b-66a19d50c8ee,Good Arguments,Deepika Arwind,Sridevi,
97,28/06/2026,BBB Meetup #97,Bookworm,9802a902-960e-4c6b-9a4a-457775d320f4,Guilt,Keigo Higashino,Leah,
97,28/06/2026,BBB Meetup #97,Bookworm,267d5ab0-660f-4a71-9d55-f7b6f34ca536,Hampi ,ASI,Niveditha,
97,28/06/2026,BBB Meetup #97,Bookworm,5d1ff690-2e85-4c6c-8508-45dc00b0ca90,Harry Potter and the Chamber of Secrets,JK Rowling,Vinay Leo,
97,28/06/2026,BBB Meetup #97,Bookworm,b3ede854-3ebd-4430-a777-b0cfe5f66a61,Heartstopper ,Alice Oseman,Unknown,General Discussion
97,28/06/2026,BBB Meetup #97,Bookworm,d12826f9-4275-4ab8-a753-b9b8c778fd41,Heated Rivalry,Rachel Reid,Leah,
97,28/06/2026,BBB Meetup #97,Bookworm,5467feb4-3294-4c6f-bc56-1528f925b7d3,Hitwoman,Elsie Marks,Unknown,General Discussion
97,28/06/2026,BBB Meetup #97,Bookworm,396cfd00-7d25-4c7a-8eb3-a986541836b6,How Oakley Lost His Spots,D. C. Swain,Vinay Leo,
97,28/06/2026,BBB Meetup #97,Bookworm,5982a944-046d-4574-80e1-fb3758a9b792,Jacked,David Kushner,Abhiram,
97,28/06/2026,BBB Meetup #97,Bookworm,36d530a4-728d-44e8-bd5f-479962c93d8d,Kiki's Delivery Service,Eiko Kadono,Priyanka,
97,28/06/2026,BBB Meetup #97,Bookworm,e5c3e47b-0da3-4152-b2e9-949ae5bd6fd6,Lust for Life,Irving Stone,Darshan,
97,28/06/2026,BBB Meetup #97,Bookworm,d2a6a134-3199-43f2-82b6-14b9b5584403,Mermaids in the Moonlight,Saranya Maniyannan,Sridevi,
97,28/06/2026,BBB Meetup #97,Bookworm,c544fb5b-e39d-4f82-ac9d-7f00207c9507,Mort,Terry Pratchett,Madhusudan,
97,28/06/2026,BBB Meetup #97,Bookworm,ec43a3ed-dcb4-4745-90c0-ab0f81f3a497,Murder with Bengali Characteristics,Shovon Chowdhury,Priyanka,
97,28/06/2026,BBB Meetup #97,Bookworm,3720cd86-2c7d-495c-91ed-6a692758e058,Norwegian Wood,Haruki Murakami,Unknown,General Discussion
97,28/06/2026,BBB Meetup #97,Bookworm,4dc8f6f7-80e6-4c5d-b444-e96e564c03ed,Number the Stars,Lois Lowry,Unknown,General Discussion
97,28/06/2026,BBB Meetup #97,Bookworm,d986debe-2c87-427f-bf80-8078ba8b43c0,Numbercaste,Yudhanjaya Wijeratne,Unknown,General Discussion
97,28/06/2026,BBB Meetup #97,Bookworm,ce6c970b-1144-4afd-8ed5-4ebd9e135a64,Odyssey,Stephen Fry,Shivankar,
97,28/06/2026,BBB Meetup #97,Bookworm,9b9a6c99-fb9a-4a00-bc66-dff1986e3e3d,Prisoners of Geography,Tim Marshall,Bharath,
97,28/06/2026,BBB Meetup #97,Bookworm,fa3edaa1-e46c-4018-9212-d3549a16e43c,Project Hail Mary,Andy Weir,Harshit,
97,28/06/2026,BBB Meetup #97,Bookworm,7c40f3ce-b8a5-4dea-9bc2-69f79b0504da,Shameless (series),Unknown,Unknown,General Discussion
97,28/06/2026,BBB Meetup #97,Bookworm,a770ff21-5beb-4a96-b806-b448a30882e0,Siddhartha,Hermann Hesse,Harshit,
97,28/06/2026,BBB Meetup #97,Bookworm,2f5e24d9-2e5a-4f3a-b7df-f1e1fae63b14,Sivagami's Vow,Kalki,Leah,
97,28/06/2026,BBB Meetup #97,Bookworm,964ab9bb-8c4d-45a9-9a2b-0abbbc22c8ae,Strange Pictures,Uketsu,Avinash,
97,28/06/2026,BBB Meetup #97,Bookworm,589bc2f8-d973-4d2b-ae25-1cf2466a2d9f,The Agony and the Ecstasy,Irving Stone,Darshan,
97,28/06/2026,BBB Meetup #97,Bookworm,6a0c00fd-cd7f-4f3e-ae5b-06d6a81c32f5,The Appeal,John Grisham,Unknown,General Discussion
97,28/06/2026,BBB Meetup #97,Bookworm,81606b54-06b1-45e7-859a-1bf372b0e8e8,The City of Brass,SA Chakraborty,Avinash,
97,28/06/2026,BBB Meetup #97,Bookworm,5795ecca-9f63-46ca-9f01-459fe8194a9a,The Devotion of Suspect X,Keigo Higashino,Unknown,General Discussion
97,28/06/2026,BBB Meetup #97,Bookworm,dd4a374b-1447-401e-85b1-cac840a087b5,The Eden Paradox,Barry Kirwan,Madhusudan,
97,28/06/2026,BBB Meetup #97,Bookworm,f767e0e9-8a34-4bb2-9e15-51220901f17b,The Ex Vows,Jessica Joyce,Rida,
97,28/06/2026,BBB Meetup #97,Bookworm,61e36e6b-d761-4cc1-a86f-388319522538,The Giver,Lois Lowry,Shivankar,
97,28/06/2026,BBB Meetup #97,Bookworm,f953b44e-f64b-4039-9446-881f91eddfd6,The God of small things,Arundhati Roy,Ahona,
97,28/06/2026,BBB Meetup #97,Bookworm,e427c62b-e148-4ed0-b20b-72abd44fb5ff,The Good Enough Job,Simone Stolzoff,Unknown,General Discussion
97,28/06/2026,BBB Meetup #97,Bookworm,3e3cb0c2-3467-4fea-9778-4b475b8589b6,The Hound of the Baskervilles,Arthur Conan Doyle,Vinay Leo,
97,28/06/2026,BBB Meetup #97,Bookworm,,The Odyssey,Homer,Mishael,
97,28/06/2026,BBB Meetup #97,Bookworm,5f371bf4-d9e2-4569-9589-df763ecaa62e,The Iliad,Homer,Mishael,
97,28/06/2026,BBB Meetup #97,Bookworm,c2a794ab-20ad-491e-9a7b-5d97f618afb4,The Saint of Bright Doors,Vajra Chandrasekera,Jyothi,
97,28/06/2026,BBB Meetup #97,Bookworm,4847e703-6cd2-47fd-99fd-e8b1c0d9f907,The Seven Husbands of Evelyn Hugo,Taylor Jenkins Reid,Unknown,General Discussion
97,28/06/2026,BBB Meetup #97,Bookworm,4c6a75f2-a076-4cb1-8e3d-8a2f548cb58c,The Song of Troy,Colleen McCullough,Unknown,General Discussion
97,28/06/2026,BBB Meetup #97,Bookworm,f345de69-08ff-4121-8389-38b9a1b141b2,The Thursday Murder Club ,Richard Osman,Unknown,General Discussion
97,28/06/2026,BBB Meetup #97,Bookworm,9fb1740e-aad9-428b-a2ee-471315afa622,"The Tree, The Well and The Drag Queen",Salini Vineeth,Jyothi,
97,28/06/2026,BBB Meetup #97,Bookworm,9648a6a6-151d-4a1f-a1e2-eff67df47e76,The Wave,Morton Rhue,Mishael,
97,28/06/2026,BBB Meetup #97,Bookworm,69c00168-ac01-411d-8221-ddee6fefa710,We Solve Murders,Richard Osman,Priyanka,
97,28/06/2026,BBB Meetup #97,Bookworm,f01dc77a-c2a1-49d4-801a-b4a2662f1856,What I talk about when I talk about Running,Haruki Murakami,Niveditha,
97,28/06/2026,BBB Meetup #97,Bookworm,5e270da2-f5ca-4c8c-8f16-077224aafe3b,"Tomorrow, and tomorrow, and tomorrow",Gabrielle Zevin,Pradeep,
96,01/05/2026,BBB Meetup #96,Bookworm,7ca638e6-3b2e-4a09-8473-96e4c6dd9b82,A Passage to India,E. M. Forster,Unknown,
96,01/05/2026,BBB Meetup #96,Bookworm,3c380850-3716-46f1-bf73-ae3940a00620,A Prayer for The Crown Shy,Becky Chambers,Unknown,
96,01/05/2026,BBB Meetup #96,Bookworm,6f87d00b-7fdd-457d-82c1-a9f3029a20a2,AI Snake Oil,Aravind Narayanan,Unknown,
96,01/05/2026,BBB Meetup #96,Bookworm,92305e3b-2d4e-42d7-83a6-07aa9dc618ef,Alone,Brett Archibald,Unknown,
96,01/05/2026,BBB Meetup #96,Bookworm,828b269a-aedd-42a4-8248-c4c656b6bc69,Apples Never Fall,Liane Moriarty,Unknown,
96,01/05/2026,BBB Meetup #96,Bookworm,08516999-857b-4fca-8efe-6e44acf22805,Audition,Ryu Murakami,Unknown,
96,01/05/2026,BBB Meetup #96,Bookworm,6827e8a9-75eb-4981-bb09-1c0091df41a6,"BrokeBibliophilesBangalore,Meetup#96",Unknown,Unknown,
96,01/05/2026,BBB Meetup #96,Bookworm,f1d9e56d-1869-4d82-be2e-5386ab8a2280,Dilbert (Comics),Scott Adams,Unknown,
96,01/05/2026,BBB Meetup #96,Bookworm,8c879f25-73f5-426a-af1e-2781c6f2729a,Edible Economics,Ha-Joon Chang,Unknown,
96,01/05/2026,BBB Meetup #96,Bookworm,2e6c32a5-65d4-4b2c-a544-ab1f73697f24,Embroideries,Marjane Satrapi,Unknown,
96,01/05/2026,BBB Meetup #96,Bookworm,f3ff2cde-10aa-43db-98ea-f1a83c637e02,Every Day I Read,Hwang Bo-Reum,Unknown,
96,01/05/2026,BBB Meetup #96,Bookworm,c8686e5c-f93a-49e0-940e-3b5cffae982f,HBR’s 10 Must Reads for New Managers Harvard,Business Review,Unknown,
96,01/05/2026,BBB Meetup #96,Bookworm,64029bee-c9de-4638-959c-f9c8c6d25e01,Harry Potter & The Philosopher’s Stone,JK Rowling,Unknown,
96,01/05/2026,BBB Meetup #96,Bookworm,e6f43c40-49f8-4ade-a2e8-d6541020d859,Headshot,Rita Bullwinkel,Unknown,
96,01/05/2026,BBB Meetup #96,Bookworm,7e682d95-4484-4eaa-9fb3-b5cf7229b022,ISRO: A Personal History,Gita Aravamudan,Unknown,
96,01/05/2026,BBB Meetup #96,Bookworm,ed8cebe8-e974-40f4-814c-66638bc131ce,Infinite Jest David,Foster Wallace,Unknown,
96,01/05/2026,BBB Meetup #96,Bookworm,99fbb795-1870-4ad5-b150-21bb0a2c4435,Journey to the Centre of the Earth,Jules Verne,Unknown,
96,01/05/2026,BBB Meetup #96,Bookworm,026c0261-cfe9-412b-af11-15b64a0444b4,Nammamma Andre,Nangishta Vasudhendra,Unknown,
96,01/05/2026,BBB Meetup #96,Bookworm,bb541062-90c8-4a4d-be7c-354c58e7593f,One Life is Not Enough,Natwar Singh,Unknown,
96,01/05/2026,BBB Meetup #96,Bookworm,fe872028-3fb0-418b-b8ea-13c7dbcbcfbb,One Minute Manager,Kenneth Blanchard,Unknown,
96,01/05/2026,BBB Meetup #96,Bookworm,54b37da8-098a-4231-bb42-ae84991b763f,R Aravamudan,Unknown,Unknown,
96,01/05/2026,BBB Meetup #96,Bookworm,c584ee2a-ae42-49a1-a7b3-763e18b6ee91,Ralph Leighton,Unknown,Unknown,
96,01/05/2026,BBB Meetup #96,Bookworm,a0b62b0f-e5ff-4d70-b607-20c80c06bc97,Resurrection,Danielle Steel,Unknown,
96,01/05/2026,BBB Meetup #96,Bookworm,6d8aa563-d9cd-4e21-a626-e45ba4000443,Sayash Kapoor,Unknown,Unknown,
96,01/05/2026,BBB Meetup #96,Bookworm,e710504a-d038-412f-b9ce-21ec08c7dd1c,Son of Nobody,Yann Martel,Unknown,
96,01/05/2026,BBB Meetup #96,Bookworm,6355bd2b-202b-4ba9-a8fb-a582dbd3f57d,St Clare’s Series,Enid Blyton,Unknown,
96,01/05/2026,BBB Meetup #96,Bookworm,65fdcd9b-d264-45c0-a970-210e98153731,Stories of the,True Jeyamohan,Unknown,
96,01/05/2026,BBB Meetup #96,Bookworm,a31abfaa-0577-4234-af12-48414c6073ed,Strange,Buildings Uketsu,Unknown,
96,01/05/2026,BBB Meetup #96,Bookworm,d0fd9f55-d953-46e5-97b5-86efd41832f0,"Surely You’re Joking, Mr Feynman!",Richard Feynman,Unknown,
96,01/05/2026,BBB Meetup #96,Bookworm,f8e171bc-fbd1-4326-92be-169bd07bc239,Test Cricket: A History,Tim Wigmore,Unknown,
96,01/05/2026,BBB Meetup #96,Bookworm,0e50bb84-8b70-435b-abdd-4efd82ce05c4,The Bucket,Arnab Ray,Unknown,
96,01/05/2026,BBB Meetup #96,Bookworm,486157b3-38a3-4ec8-bd25-3c4f5fad0efc,The Covenant of Water,Abraham Verghese,Unknown,
96,01/05/2026,BBB Meetup #96,Bookworm,f777e4fa-7379-42dd-add6-6a91bbaff360,The Last Devil to Die,Richard Osman,Unknown,
96,01/05/2026,BBB Meetup #96,Bookworm,959f66d4-a057-4da2-b78b-e3a6e2fc4894,The Last Murder at the End of the World,Stuart Turton,Unknown,
96,01/05/2026,BBB Meetup #96,Bookworm,ce75bc34-8c27-4f64-96ba-ef0254ee3295,The Long Silence,Shashi Deshpande,Unknown,
96,01/05/2026,BBB Meetup #96,Bookworm,2168bd5f-79fe-4057-84d4-9ac33a399743,The Mill House Murders,Yukito Ayatsuji,Unknown,
96,01/05/2026,BBB Meetup #96,Bookworm,826902ad-7c93-425b-b402-9479790ffda4,The Seven Deaths of Evelyn Hardcastle,Stuart Turton,Unknown,
96,01/05/2026,BBB Meetup #96,Bookworm,ed81c6bc-8beb-48c7-9be3-e7aab0acead9,The Sign of the Four Sir Arthur,Conan Doyle,Unknown,
96,01/05/2026,BBB Meetup #96,Bookworm,9fb1740e-aad9-428b-a2ee-471315afa622,"The Tree, The Well and The Drag Queen",Salini Vineeth,Unknown,
96,01/05/2026,BBB Meetup #96,Bookworm,906b1950-7d70-4ab9-8ebf-b1cc233bf16f,The White Book,Han Kang,Unknown,
96,01/05/2026,BBB Meetup #96,Bookworm,9152555a-6f8b-4b36-918c-ac3da445d33c,Zero to One,Peter Thiel,Unknown,
96,01/05/2026,BBB Meetup #96,Bookworm,72349431-c69b-4a68-9773-f0d04b5d532c,additional books 54,Unknown,Unknown,
96,01/05/2026,BBB Meetup #96,Bookworm,731c07fe-f1fa-4290-a321-86f2d80dd2ca,participants 43 books,Unknown,Unknown,
96,01/05/2026,BBB Meetup #96,Bookworm,adabd9e9-170a-4e7f-809c-f7dc6d84b438,"stMay2026@TheBookworm,ChurchStreet",Unknown,Unknown,
96,01/05/2026,BBB Meetup #96,Bookworm,b86fe943-56a0-4de1-8acc-8e66c9326bb8,"∙ If on a winter’s night, a traveler",Italo Calvino,Unknown,
95,01/04/2026,BBB Meetup #95,Bookworm,faa151f8-05b1-442f-a32b-abb55de11888,A Lonely Harvest,Perumal Murugan,Unknown,
95,01/04/2026,BBB Meetup #95,Bookworm,3a4ca42a-f34f-4d14-bd87-8c4454670d3b,A Mouthful of Birds,Samantha Schweblin,Unknown,
95,01/04/2026,BBB Meetup #95,Bookworm,1d0d5dce-650f-4a59-8648-52470f9e264e,A Visit from The Goon Squad,Jennifer Egan,Unknown,
95,01/04/2026,BBB Meetup #95,Bookworm,555c6811-2818-43b6-a76a-911ed1bf0bc7,Atana and The Firebird,Vivian Zhou,Unknown,
95,01/04/2026,BBB Meetup #95,Bookworm,9f902dac-efa4-440a-80de-e76d04668dea,Conclave,Robert Harris,Unknown,
95,01/04/2026,BBB Meetup #95,Bookworm,5467feb4-3294-4c6f-bc56-1528f925b7d3,Hitwoman,Elsie Marks,Unknown,
95,01/04/2026,BBB Meetup #95,Bookworm,751d8687-9ef4-4c18-a835-635810200db7,Invitation to a Banquet,Fuchsia Dunlop,Unknown,
95,01/04/2026,BBB Meetup #95,Bookworm,b847405b-74cd-48d7-9730-e8ea7d28b80e,Letters from an Astrophysicist,Neil de Grasse Tyson,Unknown,
95,01/04/2026,BBB Meetup #95,Bookworm,4120fda2-6398-4a04-a226-ab15ac1f7ca9,Little Eyes,Samantha Schweblin,Unknown,
95,01/04/2026,BBB Meetup #95,Bookworm,87c47b55-9a6c-42c5-8d9c-49daadec2c65,Miriam & Son,Mirza Waheed,Unknown,
95,01/04/2026,BBB Meetup #95,Bookworm,3bd51fb4-818b-4c33-a663-1f77efb2247e,"Miss Laila, Armed and Dangerous",Manu Joseph,Unknown,
95,01/04/2026,BBB Meetup #95,Bookworm,df08f5f1-49a0-4177-b2e6-b7813adbe546,Murdle,GT Karber,Unknown,
95,01/04/2026,BBB Meetup #95,Bookworm,aaeaf5cc-925a-42c0-bb1d-7d862f322028,One Part Woman,Perumal Murugan,Unknown,
95,01/04/2026,BBB Meetup #95,Bookworm,4e5ba367-08bc-426b-91b3-f068bdf2cf13,Paradais,Fernanda Melchor,Unknown,
95,01/04/2026,BBB Meetup #95,Bookworm,8421ebd8-1165-485d-bb5e-19577b69673f,The Artists Way,Julia Cameron,Unknown,
95,01/04/2026,BBB Meetup #95,Bookworm,4b0f8507-8963-41d4-8535-c01fdd39e3a2,The Blue Umbrella,Ruskin Bond,Unknown,
95,01/04/2026,BBB Meetup #95,Bookworm,1fd3d59c-541d-463a-aaa5-00b4376d69be,The Dilemmas of Working Women,Fumio Yamamoto,Unknown,
95,01/04/2026,BBB Meetup #95,Bookworm,11e10e44-2fd3-4eaa-91f1-8389f8620675,The Hound of The Baskervilles,Sir Arthur Conan Doyle,Unknown,
95,01/04/2026,BBB Meetup #95,Bookworm,826902ad-7c93-425b-b402-9479790ffda4,The Seven Deaths of Evelyn Hardcastle,Stuart Turton,Unknown,
95,01/04/2026,BBB Meetup #95,Bookworm,7ffc4f0d-5a33-46de-a3c1-0384b0217fef,The Star from Calcutta,Sujata Massey,Unknown,
95,01/04/2026,BBB Meetup #95,Bookworm,86268988-83ca-47ab-b361-07b107d2d18a,The Story of CO is The Story of Everything,Peter Brannen,Unknown,
95,01/04/2026,BBB Meetup #95,Bookworm,0bae4194-59c6-4dab-883d-686e0f09c4aa,The Vital Question,NickLane,Unknown,
95,01/04/2026,BBB Meetup #95,Bookworm,ae6ba99d-26d5-4f08-b02c-29dd773da589,The Wings That Bind,Briar Boleyn,Unknown,
95,01/04/2026,BBB Meetup #95,Bookworm,8ba4e265-42f5-49f1-810d-92d611268f67,There is Gunpowder in the Air,Manoranjan Byapari,Unknown,
95,01/04/2026,BBB Meetup #95,Bookworm,b27dfdaf-c8e8-4e75-8f09-cbce8f182a66,Why The Poor Don't Kill Us,Manu Joseph,Unknown,
95,01/04/2026,BBB Meetup #95,Bookworm,7a6f4a7d-316e-4d21-a2ed-e84b31c01e35,Wuthering Heights,Emily Bronte,Unknown,
95,01/04/2026,BBB Meetup #95,Bookworm,900fbfbd-3560-4bb8-a05d-0736c856be9a,Zardozi,Debasmita Dasgupta,Unknown,
95,01/04/2026,BBB Meetup #95,Bookworm,c38c2943-1d40-4c11-8845-86b3588620c6, Days at the Morisaki Bookshop,Satoshi Yagisawa,Unknown,
94,01/03/2026,BBB Meetup #94,Bookworm,3a4ca42a-f34f-4d14-bd87-8c4454670d3b,A Mouthful of Birds,Samantha Schweblin,Unknown,
94,01/03/2026,BBB Meetup #94,Bookworm,3c380850-3716-46f1-bf73-ae3940a00620,A Prayer for The Crown Shy,Becky Chambers,Unknown,
94,01/03/2026,BBB Meetup #94,Bookworm,b71f9bc5-1428-4d95-824d-a1b2f6476c08,A Psalm for The Wild Built,Becky Chambers,Unknown,
94,01/03/2026,BBB Meetup #94,Bookworm,9a2d587f-7f54-4576-a13b-2df7c8733650,A Zoo in My Luggage,Gerard Durrell,Unknown,
94,01/03/2026,BBB Meetup #94,Bookworm,d00eed70-b756-4c02-b350-992c8b415fd3,Absolute Jafar,Sarnath Banerjee,Unknown,
94,01/03/2026,BBB Meetup #94,Bookworm,86a7e431-763c-44a8-a364-6659d9b5e245,Acts of God,Kanan Gill,Unknown,
94,01/03/2026,BBB Meetup #94,Bookworm,d4b0af94-ce28-464b-ac52-fc25909dfcde,Alcatraz,Brandon Sanderson,Unknown,
94,01/03/2026,BBB Meetup #94,Bookworm,131ebe21-3ce4-48f2-a009-3adfe6a16f7b,Becoming an Artist,Scott Christian Sava,Unknown,
94,01/03/2026,BBB Meetup #94,Bookworm,77a7741a-072f-4318-92cd-f6157b778f8d,Clap When You Land,Elizabeth Acevedo,Unknown,
94,01/03/2026,BBB Meetup #94,Bookworm,b0ea2c85-e193-456d-b2bf-f2d215eb436f,Corpokshetra,Deepak Kaul,Unknown,
94,01/03/2026,BBB Meetup #94,Bookworm,91d6a731-cf24-49f3-a2c8-69e0945f9010,"Day Tripper, graphic novel",Unknown,Unknown,
94,01/03/2026,BBB Meetup #94,Bookworm,cf7b9d5c-94ce-42c9-8b91-3aeb389918af,"Dear Author, You Are Wrong",Varsha Varghese,Unknown,
94,01/03/2026,BBB Meetup #94,Bookworm,aea161a7-8479-47a1-8c50-864c049b17d2,Feet of Clay,Terry Pratchett,Unknown,
94,01/03/2026,BBB Meetup #94,Bookworm,ad6dbd40-6a51-4d20-8bb9-629822bfaa93,Graphic Novels,Sarnath Banerjee,Unknown,
94,01/03/2026,BBB Meetup #94,Bookworm,790070c3-16d4-43b3-be28-7b2e27c172cd,Hamnet,Maggie O’Farrell,Unknown,
94,01/03/2026,BBB Meetup #94,Bookworm,5467feb4-3294-4c6f-bc56-1528f925b7d3,Hitwoman,Elsie Marks,Unknown,
94,01/03/2026,BBB Meetup #94,Bookworm,69949fab-033d-426c-bbcd-16dc3a25ba36,Icebreaker,Hannah Grace,Unknown,
94,01/03/2026,BBB Meetup #94,Bookworm,bccaa113-d422-4776-9ae7-7938d352afc9,In The Heart of The Sea,Nathaniel Philbrick,Unknown,
94,01/03/2026,BBB Meetup #94,Bookworm,40555816-1956-44a9-bca8-aa1998ded4e9,Lethal Spice,Swati Kaushal,Unknown,
94,01/03/2026,BBB Meetup #94,Bookworm,ba1081f5-cf0d-48a7-9119-8f06023f22ee,Little Lies,Samantha Schweblin,Unknown,
94,01/03/2026,BBB Meetup #94,Bookworm,130f5b19-6d9a-476c-94c9-46a65dbac8c3,Mother India,Prayag Akbar,Unknown,
94,01/03/2026,BBB Meetup #94,Bookworm,ce24f616-c543-4a9b-8053-3f67d7c3cc41,Murder on the Lusitania,Edward Marston,Unknown,
94,01/03/2026,BBB Meetup #94,Bookworm,71e8ba7e-92ba-453f-9fcb-2fe022cfe088,Never Lie,Frieda McFadden,Unknown,
94,01/03/2026,BBB Meetup #94,Bookworm,aaac599a-5feb-40c1-a63d-d7295ae2d225,Remarkably Bright Creatures,ShelbyVanPelt,Unknown,
94,01/03/2026,BBB Meetup #94,Bookworm,8f4e973c-638b-4a29-8cb9-b6ceb9a92d89,Sharp Objects,Gillian Flynn,Unknown,
94,01/03/2026,BBB Meetup #94,Bookworm,98694941-e723-40f4-98d0-9de9fd9c605d,The Art of PostgreSQL,Dimitri Fontaine,Unknown,
94,01/03/2026,BBB Meetup #94,Bookworm,908d4526-fe1d-4750-88bf-4ed34924eb11,The Beast Within,Rudraneel Sengupta,Unknown,
94,01/03/2026,BBB Meetup #94,Bookworm,15ce9f61-0f08-4025-b6a7-1eb6855f0748,The Cat Who Taught Zen,James Norbury,Unknown,
94,01/03/2026,BBB Meetup #94,Bookworm,bf2e60d8-a877-40a7-8965-6588883992d9,The Clocks,Agatha Christie,Unknown,
94,01/03/2026,BBB Meetup #94,Bookworm,cd6f03bb-dac6-4be4-a8f8-1bcb3e4c1d08,The Last Speaker,Agha Shahid Ali,Unknown,
94,01/03/2026,BBB Meetup #94,Bookworm,972d5f2f-d623-494f-aa48-4a3d157d2953,The Lathe of Heaven,Ursula K Le Guin,Unknown,
94,01/03/2026,BBB Meetup #94,Bookworm,d79a7d36-c5b6-4f63-b332-e2bac661572b,The Many Deaths of Laila Starr,Ram V,Unknown,
94,01/03/2026,BBB Meetup #94,Bookworm,17f7213e-7360-4fbf-9264-5592c996162e,"The Mistletoe Murders, audible cozy mysteries",Ken Cuperus,Unknown,
94,01/03/2026,BBB Meetup #94,Bookworm,e12dbbdb-4b90-44a3-938c-49a7657dcb98,The Thursday Murder Club,Richard Osman,Unknown,
94,01/03/2026,BBB Meetup #94,Bookworm,bf0f7dcc-71e6-406a-a85d-011710caa062,Tripping Down The Ganga,Siddharth Kapila,Unknown,
94,01/03/2026,BBB Meetup #94,Bookworm,aa7ac6ef-9413-4d9e-a22b-219fb1751a5b,Troy,Stephen Fry,Unknown,
93,01/02/2026,BBB Meetup #93,Bookworm,23903bd4-7055-4637-910f-a5a7235af54f,(translator:AnjaliSingh),Unknown,Unknown,
93,01/02/2026,BBB Meetup #93,Bookworm,e18a4ca9-4305-4641-9aec-1e427c6cd8cf,(translator:HenningKoch),Unknown,Unknown,
93,01/02/2026,BBB Meetup #93,Bookworm,9e27aa79-ccd6-4f4a-9ebe-61f37faf38ff,(translator:NeilSmith),Unknown,Unknown,
93,01/02/2026,BBB Meetup #93,Bookworm,9e27aa79-ccd6-4f4a-9ebe-61f37faf38ff,(translator:NeilSmith),Unknown,Unknown,
93,01/02/2026,BBB Meetup #93,Bookworm,80fc61bf-fcb2-4355-8e87-21ac2a1ceb52,(translator:ShannaTan),Unknown,Unknown,
93,01/02/2026,BBB Meetup #93,Bookworm,80fc61bf-fcb2-4355-8e87-21ac2a1ceb52,(translator:ShannaTan),Unknown,Unknown,
93,01/02/2026,BBB Meetup #93,Bookworm,80fc61bf-fcb2-4355-8e87-21ac2a1ceb52,(translator:ShannaTan),Unknown,Unknown,
93,01/02/2026,BBB Meetup #93,Bookworm,f261c171-95d4-4bcf-a534-032d40b955a9,(translator:SophieHughes),Unknown,Unknown,
93,01/02/2026,BBB Meetup #93,Bookworm,6298a9ad-dc4b-4da2-b4ae-dd1f7adf3917,AWrinkleinTime MadelineL’Engle,Unknown,Unknown,
93,01/02/2026,BBB Meetup #93,Bookworm,c800dc79-eebd-468b-a222-a4dc7e63e013,Abhiram 20,TheLincolnLawyer MichaelConnelly,Unknown,
93,01/02/2026,BBB Meetup #93,Bookworm,c09258cb-8115-44e7-babf-1f7a120a4991,Amel 27,JeevesCollectionVol-1 PGWodehouse,Unknown,
93,01/02/2026,BBB Meetup #93,Bookworm,76534adb-2fd3-401d-a7c5-8c51229a0837,Antigone Sophocles,Unknown,Unknown,
93,01/02/2026,BBB Meetup #93,Bookworm,19592787-1afa-46ba-8a38-7540724b6290,Anuj 30,TheBody BillBryson,Unknown,
93,01/02/2026,BBB Meetup #93,Bookworm,7baa5ce9-9c25-4001-b2bd-842e7bd29b66,Archana 5,IRhymeWithoutReason VinayLeoR.,Unknown,
93,01/02/2026,BBB Meetup #93,Bookworm,648437e4-ec24-4460-aea6-b04d1072a7d4,Avinash 17,Devils JoeAbercrombie,Unknown,
93,01/02/2026,BBB Meetup #93,Bookworm,59def0c2-3ac6-4e52-afc1-d202006f94ef,Bharath 32,TheDig SowmiyaAshok,Unknown,
93,01/02/2026,BBB Meetup #93,Bookworm,de32c310-162b-4d49-96cd-2be8aff12416,Chaitanya 13,TheGroovyGreeks TerryDeary,Unknown,
93,01/02/2026,BBB Meetup #93,Bookworm,7bbcd5e8-0052-42f4-af16-2ae046e4e89e,Darshan 25,EveryDayIRead HwangBo-Reum,Unknown,
93,01/02/2026,BBB Meetup #93,Bookworm,e2202812-c303-49f6-9ac3-cdf4ff25d72b,DeathAroundTheBend TEKinsey,Unknown,Unknown,
93,01/02/2026,BBB Meetup #93,Bookworm,d67e4cd4-5d78-432d-81af-d7544ca4a16d,Deepak 11,Embroideries MarjaneSatrapi,Unknown,
93,01/02/2026,BBB Meetup #93,Bookworm,2075e83b-65fa-472e-a7ee-c23794dd46de,EveryDayIRead HwangBo-Reum,Unknown,Unknown,
93,01/02/2026,BBB Meetup #93,Bookworm,7f06a489-17cf-424b-95d8-c5515bfc1611,HurricaneSeason FernandaMelchor,Unknown,Unknown,
93,01/02/2026,BBB Meetup #93,Bookworm,66d9b04b-7715-444d-9e24-54d44e8f6a16,InstrumentsofTorture AparnaSanyal,Unknown,Unknown,
93,01/02/2026,BBB Meetup #93,Bookworm,0b470d7e-df32-4269-a305-b075eff3bf6b,Irene 1,Beartown FrederikBackman,Unknown,
93,01/02/2026,BBB Meetup #93,Bookworm,d839d41a-c833-43b7-bd55-58214adc4ce5,JohnRaju 14,Heroes StephenFry,Unknown,
93,01/02/2026,BBB Meetup #93,Bookworm,cf40bbf0-3f16-45ab-92b4-988571cda273,Leah 2,TheDig SowmiyaAshok,Unknown,
93,01/02/2026,BBB Meetup #93,Bookworm,84f6735a-f8a6-4efc-b9c0-f9c3f6c42b28,MaheshIyer 23,InspectorGhoteTrustsThe HRFKeating,Unknown,
93,01/02/2026,BBB Meetup #93,Bookworm,cc0e87c8-943e-4ec7-a0d4-e5a4ed2f17cb,Mentions ⟩⟩⟩,AManCalledOve FrederikBackman,Unknown,
93,01/02/2026,BBB Meetup #93,Bookworm,66a77178-4706-4d76-83a1-793c4c05443f,MyFriends FrederikBackman,Unknown,Unknown,
93,01/02/2026,BBB Meetup #93,Bookworm,9a306808-3f60-4575-9317-c3bec74b3e62,Mythos StephenFry,Unknown,Unknown,
93,01/02/2026,BBB Meetup #93,Bookworm,3225e197-3424-456b-8915-857c696c5e7c,PiotrSarna,Unknown,Unknown,
93,01/02/2026,BBB Meetup #93,Bookworm,c31e8bef-9eec-48fa-994d-cfe663888097,Pradeep 29,TheLifeChangingMagicof MarieKondo,Unknown,
93,01/02/2026,BBB Meetup #93,Bookworm,ec1f7c02-118c-4d8b-aef9-7bde3ca99dee,Proto LauraSpinney,Unknown,Unknown,
93,01/02/2026,BBB Meetup #93,Bookworm,abf195a1-00df-4b7a-b15f-e50ab6e5ccb7,Shivankar 34,AKnightofTheSeven GeorgeRRMartin,Unknown,
93,01/02/2026,BBB Meetup #93,Bookworm,ef79be6c-9942-4aaa-ab1c-742780f69f6c,Sindhuja 36,ChikkammaToursPvtLtd Unmana,Unknown,
93,01/02/2026,BBB Meetup #93,Bookworm,4f46b7e8-367e-40e4-8530-46f51a280fb9,Sorcery TerryPratchett,Unknown,Unknown,
93,01/02/2026,BBB Meetup #93,Bookworm,104a786a-d3c4-4ddd-83db-3fbb86e1200d,Sreelakshmi 7,EveryDayIRead HwangBo-Reum,Unknown,
93,01/02/2026,BBB Meetup #93,Bookworm,2a11569b-d8cf-4062-af11-2eb8457db815,TheBirthofKoreanKool EunyHong,Unknown,Unknown,
93,01/02/2026,BBB Meetup #93,Bookworm,f8416c5a-33bc-4d98-b531-ae8a8d6e3536,TheFirstLawTrilogy JoeAbercrombie,Unknown,Unknown,
93,01/02/2026,BBB Meetup #93,Bookworm,17ff5a37-bd12-4b20-9643-626f0df91686,TheImpossibleFortune RichardOsman,Unknown,Unknown,
93,01/02/2026,BBB Meetup #93,Bookworm,ed688ca7-aaaa-4658-a03d-0ef64c07459c,TheLonelinessofSoniaand KiranDesai,Unknown,Unknown,
93,01/02/2026,BBB Meetup #93,Bookworm,16ab8851-07a2-41e6-ac18-7269c1c5ca92,TheOneandOnlyFamily KatherineApplegate,Unknown,Unknown,
93,01/02/2026,BBB Meetup #93,Bookworm,f1df79b8-0195-45c9-abc9-87eb6347de52,TheRobeandTheSword SoniaFaleiro,Unknown,Unknown,
93,01/02/2026,BBB Meetup #93,Bookworm,5c70bd73-ed96-405a-aaa8-7d37900b1424,Tidying-up,Unknown,Unknown,
93,01/02/2026,BBB Meetup #93,Bookworm,aa9911d4-fe9e-460c-8adb-a2243e420fa0,Varadaraj (translator:AnjaliSingh),Unknown,Unknown,
93,01/02/2026,BBB Meetup #93,Bookworm,c43e58dd-31dc-4ebb-ba9b-cd2f46a0b066,VinayLeo 9,ToKillAMockingbird HarperLee,Unknown,
93,01/02/2026,BBB Meetup #93,Bookworm,8378ff32-42ed-4ae8-b15c-3b62ca6bfe2e,"WhyIKilledMyHusband,and AnitaNair",Unknown,Unknown,
93,01/02/2026,BBB Meetup #93,Bookworm,0cb8b133-d3fd-4b74-8155-2de4d4230bf7,WomenWithoutKids RubyWarrington,Unknown,Unknown,
93,01/02/2026,BBB Meetup #93,Bookworm,4af7b2c4-875c-4583-bc4d-3b6015fad948,WritingforDevelopers CynthiaDunlop,Unknown,Unknown,
93,01/02/2026,BBB Meetup #93,Bookworm,b367935e-1aa6-4180-af97-1553e2309813,otherstories,Unknown,Unknown,
86,01/07/2025,BBB Meetup #86,Bookworm,b6933a10-a33f-448a-8a7e-262cf8b10643,"(hottige_mithraru, Kannada book club)",Unknown,Unknown,
86,01/07/2025,BBB Meetup #86,Bookworm,a60b625f-eae0-4997-ae8a-f80aa3d253cc,A Gentle Reminder,Bianca Sparacino,Unknown,
86,01/07/2025,BBB Meetup #86,Bookworm,a35dc0cb-8126-43a8-b58a-02f47e4bd0dd,ANUJN,Unknown,Unknown,
86,01/07/2025,BBB Meetup #86,Bookworm,995f7dca-082e-45a0-a667-825ff25fd4f2,An Educated Woman in Prostitution,Manada Devi,Unknown,
86,01/07/2025,BBB Meetup #86,Bookworm,d28b2769-1ebd-4073-89a8-2d2e95ef614c,Around the World with a Chilli,Nayan Chanda,Unknown,
86,01/07/2025,BBB Meetup #86,Bookworm,8328516e-3173-45b7-b8fe-22d71c1e5d89,Ashoka,Charles Allen,Unknown,
86,01/07/2025,BBB Meetup #86,Bookworm,bbd8069c-9869-4e16-afac-ff9dadcbb302,Becoming Bangalore,Roopa Pai,Unknown,
86,01/07/2025,BBB Meetup #86,Bookworm,eebcef60-b743-4918-8707-586ac24e165f,Big Dumb Eyes,Nate Bargatze,Unknown,
86,01/07/2025,BBB Meetup #86,Bookworm,dedcd18e-c84a-4b71-b23f-a12d93b5e0ed,Brotopia,Emily Chang,Unknown,
86,01/07/2025,BBB Meetup #86,Bookworm,c6164eda-9974-47cd-899b-b62c0e28e568,Burma Chronicles,Guy Delisle,Unknown,
86,01/07/2025,BBB Meetup #86,Bookworm,2a311849-c5b8-463e-a280-0991786b668a,Dopamine Nation,Anna Lembke,Unknown,
86,01/07/2025,BBB Meetup #86,Bookworm,aea161a7-8479-47a1-8c50-864c049b17d2,Feet of Clay,Terry Pratchett,Unknown,
86,01/07/2025,BBB Meetup #86,Bookworm,4ef744e7-e719-4a65-97f2-bf59b9c53441,Fluke,Brian Klaas,Unknown,
86,01/07/2025,BBB Meetup #86,Bookworm,b31dc11c-eaf4-4c9d-a060-99f174c4d9e6,Following Fish,Samanth Subramanian,Unknown,
86,01/07/2025,BBB Meetup #86,Bookworm,9accb4d8-7475-4581-8abb-ca0aa4cd5645,Friend,Akram Ghasempour,Unknown,
86,01/07/2025,BBB Meetup #86,Bookworm,a6cd43eb-227f-4e1c-88a2-fdc6bad29feb,Genghis Khan,John Man,Unknown,
86,01/07/2025,BBB Meetup #86,Bookworm,61f3e111-89fb-4008-9994-82ea708df2fe,George and,S Anand,Unknown,
86,01/07/2025,BBB Meetup #86,Bookworm,61f3e111-89fb-4008-9994-82ea708df2fe,George and,S Anand,Unknown,
86,01/07/2025,BBB Meetup #86,Bookworm,a36ca3a9-1a15-4089-9c97-2de5387efe9a,I Rhyme Without Reason,Vinay Leo R.,Unknown,
86,01/07/2025,BBB Meetup #86,Bookworm,70a61eb7-3b5f-40c3-9e7d-79408569b4c2,In Cold Blood,Truman Capote,Unknown,
86,01/07/2025,BBB Meetup #86,Bookworm,3eb0c5d1-b5d1-44f3-82aa-f9d435bfc489,In Defence of Leisure,Akshi Singh,Unknown,
86,01/07/2025,BBB Meetup #86,Bookworm,2dd2b0c2-79aa-47d9-b313-e140c7985ded,India in Triangles,Shruti Rao and Meera Iyer,Unknown,
86,01/07/2025,BBB Meetup #86,Bookworm,71d5913d-8737-4c9b-8896-3a7a1ade0d82,Indira Gandhi and the Years that Transformed India,Srinath,Unknown,
86,01/07/2025,BBB Meetup #86,Bookworm,2c73e25d-9f5b-4e3b-9a86-bc0f301ce6e3,Infinite Life,Jules Howard,Unknown,
86,01/07/2025,BBB Meetup #86,Bookworm,e90b9282-77d6-4573-a5a3-3cb2d9a51bc3,JOHNA.R,Unknown,Unknown,
86,01/07/2025,BBB Meetup #86,Bookworm,805d7306-74cc-44ba-908c-2dc929fa6b58,Kitchen,Banana Yoshimoto,Unknown,
86,01/07/2025,BBB Meetup #86,Bookworm,a9dab032-214f-4813-91a0-1f66dc721681,Lady Doctors,Kavitha Rao,Unknown,
86,01/07/2025,BBB Meetup #86,Bookworm,d6905a48-b4d1-4ccc-87bb-5ca0ff7f09cd,Magpie Murders,Anthony Horowitz,Unknown,
86,01/07/2025,BBB Meetup #86,Bookworm,07ef8039-f352-4f40-9725-f06fb8fb7237,Marble Hall Murders,Anthony Horowitz,Unknown,
86,01/07/2025,BBB Meetup #86,Bookworm,07ef8039-f352-4f40-9725-f06fb8fb7237,Marble Hall Murders,Anthony Horowitz,Unknown,
86,01/07/2025,BBB Meetup #86,Bookworm,40380b55-8fb4-43f3-9b53-9d8b02c19789,Meet the Savarna,Ravikant Kisana,Unknown,
86,01/07/2025,BBB Meetup #86,Bookworm,56331354-9ae3-41c9-8eb0-fbee3ea853d8,Moonflower Murders,Anthony Horowitz,Unknown,
86,01/07/2025,BBB Meetup #86,Bookworm,731a2fb9-c4b0-4a08-a3b9-c9adbe183783,Mother Wit,Urmila Pawar,Unknown,
86,01/07/2025,BBB Meetup #86,Bookworm,b313ddbf-07c8-4fac-bd68-960c9a5ca273,Murder on the Orient Express,Agatha Christie,Unknown,
86,01/07/2025,BBB Meetup #86,Bookworm,b78ec8ba-65af-453c-b2f2-bca28fdcf8e1,My Days in the Underworld,Agni Sreedhar,Unknown,
86,01/07/2025,BBB Meetup #86,Bookworm,0ecea9d9-ddf2-4bde-a63f-0809c379157c,My Life,Fidel Castro,Unknown,
86,01/07/2025,BBB Meetup #86,Bookworm,163144e6-c282-4a0d-a636-01c638ae99e0,Palestine Laboratory,Anthony Loewenstein,Unknown,
86,01/07/2025,BBB Meetup #86,Bookworm,3958a496-fd44-423d-848c-7b3297332d16,Pico Iyer books,Unknown,Unknown,
86,01/07/2025,BBB Meetup #86,Bookworm,97145990-45ad-4e35-bdee-2c8a6512ee03,Proto,Laura Spinney,Unknown,
86,01/07/2025,BBB Meetup #86,Bookworm,91abfb43-f609-4166-85c2-d3c6dcaf449b,Several People are Typing,Calvin Kasulke,Unknown,
86,01/07/2025,BBB Meetup #86,Bookworm,4928d093-9a93-46c6-ab9c-6325fbd5ae97,Tagore Never Ate Here,Mohammad Nazim Uddin,Unknown,
86,01/07/2025,BBB Meetup #86,Bookworm,bbcda06b-2cf6-41ca-8bb2-5f53e8ef6954,Terrace,The Write Club,Unknown,
86,01/07/2025,BBB Meetup #86,Bookworm,b5971b4f-c78c-49fc-bfcf-68cc07d9db29,The ABC Murders,Agatha Christie,Unknown,
86,01/07/2025,BBB Meetup #86,Bookworm,82d022bc-cebb-43f2-a1e1-762a59e892a9,The Blood Telegram,Gary J. Bass,Unknown,
86,01/07/2025,BBB Meetup #86,Bookworm,0c3ac052-4719-4e68-8628-92879910d8b9,The Book of Exodus,VJ James,Unknown,
86,01/07/2025,BBB Meetup #86,Bookworm,9f2c8b3d-b23f-4955-9e79-eee517df91ae,The Good Enough Job,Simon Stolzoff,Unknown,
86,01/07/2025,BBB Meetup #86,Bookworm,1c77294a-44ad-4a63-93d7-c9614275a841,The Last Bench,Adhir Biswas,Unknown,
86,01/07/2025,BBB Meetup #86,Bookworm,618f4435-b191-4433-bb0c-6ad81aea2290,The Master & Margarita,Mikhail Bulgakov,Unknown,
86,01/07/2025,BBB Meetup #86,Bookworm,0701edbf-2c6f-40fe-b488-e541ec51df02,The Mauryas,Devaki Rangachari,Unknown,
86,01/07/2025,BBB Meetup #86,Bookworm,470d3522-ac01-49fc-9614-acf5c1b447ca,The Museum of Terror,Jinji Ito,Unknown,
86,01/07/2025,BBB Meetup #86,Bookworm,d290cd6a-7a6e-47af-a946-e524440b6d39,The Mysterious Bakery on Rue de Paris,Evie Woods,Unknown,
86,01/07/2025,BBB Meetup #86,Bookworm,75e5c28d-5d94-4dba-98ff-9c7938ffabe9,The Unquiet Ones,Osman Samiuddin,Unknown,
86,01/07/2025,BBB Meetup #86,Bookworm,fd74cc8d-fa89-4bb9-8ed4-f364cbaecdb9,There's Gunpowder In The Air,Manoranjan Byapari,Unknown,
86,01/07/2025,BBB Meetup #86,Bookworm,f3045c5d-f93b-43d8-baef-2d2973bb81f2,To Be Taught If Fortunate,Becky Chambers,Unknown,
86,01/07/2025,BBB Meetup #86,Bookworm,8a4564af-298a-4616-a8f3-a9ccc95371d0,Unveiling Jasbaa,Aayush Putran,Unknown,
86,01/07/2025,BBB Meetup #86,Bookworm,f4b9e18a-85bc-4dbb-a664-82c1cd626ed2,Vaadivaasal: The Arena,"Perumal Murugan, Appupen and CS",Unknown,
86,01/07/2025,BBB Meetup #86,Bookworm,4b116be1-706d-4580-9101-ff29f11befe9,Welcome to The Hyunam-Dong Bookshop,Hwang Bo-Reum,Unknown,
86,01/07/2025,BBB Meetup #86,Bookworm,6d26e9d3-f0f5-4456-807a-66731e27cfda,What Have You Done,Shari Lapena,Unknown,
86,01/07/2025,BBB Meetup #86,Bookworm,a7e71ba4-20c5-48d9-8cae-ab89fa6160f7,When Ardhasatya met Himmatwala,Avijit Ghosh,Unknown,
86,01/07/2025,BBB Meetup #86,Bookworm,f81dbae6-85ae-4f3a-b7a5-97a80854c2b2,White Devils,Paul McAuley,Unknown,
86,01/07/2025,BBB Meetup #86,Bookworm,fb0697b8-e492-42e4-a37c-5f2d764a68e9,Why I Am a Hindu,Shashi Tharoor,Unknown,
86,01/07/2025,BBB Meetup #86,Bookworm,73f72a35-7448-4641-bdab-d07119218d47,Your Name,Makoto Shinkai,Unknown,
86,01/07/2025,BBB Meetup #86,Bookworm,233677b5-ced3-44c6-ab98-f75b6ae9c1c5,Yumi and the Nightmare Painter,Brandon Sanderson,Unknown,
86,01/07/2025,BBB Meetup #86,Bookworm,14b46351-8fa3-4192-be33-6440eff90fa9, Hidden Pictures,Jason Rekulak,Unknown,
85,,BBB Meetup #85,Bookworm,faa151f8-05b1-442f-a32b-abb55de11888,A Lonely Harvest,Perumal Murugan,Unknown,
85,,BBB Meetup #85,Bookworm,22c06fd9-7b1a-4e80-af84-0595edc6af6f,Agatha Raisin and the Murderous Marriage,MC Beaton,Unknown,
85,,BBB Meetup #85,Bookworm,37b6da44-d9c5-49ce-b4e2-d5c334a9c0e2,Beastly,Keggie Carew,Unknown,
85,,BBB Meetup #85,Bookworm,dff41107-f764-439c-bd59-d1251941ec6e,Castigliano),Unknown,Unknown,
85,,BBB Meetup #85,Bookworm,8b435d57-5024-4ecd-9754-a380ba1df73d,Doctor Sally,Wodehouse,Unknown,
85,,BBB Meetup #85,Bookworm,af22a2eb-72bf-4cc7-b10f-ec4acbb5abf9,Everything is Tuberculosis,John Green,Unknown,
85,,BBB Meetup #85,Bookworm,da27e47b-a17a-4526-974d-b30f74b2f417,Fer de Lance,Rex Stout,Unknown,
85,,BBB Meetup #85,Bookworm,9b6ea343-1037-43b5-b0e9-b1367e12d8ff,Flaneur: The Art of Wandering The Streets of Paris (Federico,Unknown,Unknown,
85,,BBB Meetup #85,Bookworm,5bb95972-3a5a-48a8-82eb-9a45235eb48c,Heart of Darkness,Joseph Conrad,Unknown,
85,,BBB Meetup #85,Bookworm,3eb0c5d1-b5d1-44f3-82aa-f9d435bfc489,In Defence of Leisure,Akshi Singh,Unknown,
85,,BBB Meetup #85,Bookworm,ccb37baf-236c-4bfa-9de9-fa7d1b2e770e,James,Percival Everett,Unknown,
85,,BBB Meetup #85,Bookworm,49b52c30-7789-40e3-83bc-3c201556d8db,Lifequake,Tarini Mohan,Unknown,
85,,BBB Meetup #85,Bookworm,26dc8d87-62c4-4649-9a94-f628991ac483,Lost Painting,Jonathan Harr,Unknown,
85,,BBB Meetup #85,Bookworm,4f502e29-681c-478d-b1b2-49b1551bd2b1,Madonna in a Fur Coat,Sabahattin Ali,Unknown,
85,,BBB Meetup #85,Bookworm,04edd9cb-a6f4-45f8-9b1b-2db74ffccfae,Mein Kampf (Adolf Hitler) https://amzn.in/d/6AzvCp7,Unknown,Unknown,
85,,BBB Meetup #85,Bookworm,0bfee954-bde6-4b5e-b606-f182f195cc84,Men at Arms,Terry Pratchett,Unknown,
85,,BBB Meetup #85,Bookworm,731a2fb9-c4b0-4a08-a3b9-c9adbe183783,Mother Wit,Urmila Pawar,Unknown,
85,,BBB Meetup #85,Bookworm,a9180675-5c3b-41f4-8368-9a6be1c58bea,Of Boys and Men,Richard V Reeves,Unknown,
85,,BBB Meetup #85,Bookworm,aaeaf5cc-925a-42c0-bb1d-7d862f322028,One Part Woman,Perumal Murugan,Unknown,
85,,BBB Meetup #85,Bookworm,944f1517-3132-4f5b-9e99-daace211cdf6,Pedro Paramo,Juan Rulfo,Unknown,
85,,BBB Meetup #85,Bookworm,5833ee61-d19b-4fa8-ad80-301d2be24f31,Platform Ticket,Sangeetha Vallat,Unknown,
85,,BBB Meetup #85,Bookworm,8237528d-cb55-458e-809d-10aba438eb44,Quest for Love,Anneke Lucas,Unknown,
85,,BBB Meetup #85,Bookworm,a41156b2-c505-44e8-ba93-61efaa00cfe2,Reaper Man,Terry Pratchett,Unknown,
85,,BBB Meetup #85,Bookworm,c1e0f708-cac6-4457-8279-8be927484ee2,Separate Journeys,Geeta Dharmarajan,Unknown,
85,,BBB Meetup #85,Bookworm,34744edf-58df-4b55-9da7-ea1595b3331d,Solo,Indrajeet More,Unknown,
85,,BBB Meetup #85,Bookworm,438030d5-dce6-4b03-a5aa-82f12904417f,Source Code,Bill Gates,Unknown,
85,,BBB Meetup #85,Bookworm,b9827048-7d4e-4578-bb95-4d382b48424c,"South of the Border, West of the Sun",Haruki Murakami,Unknown,
85,,BBB Meetup #85,Bookworm,1ff3f389-061d-4c54-b7b2-37a2299a575e,Susan),Unknown,Unknown,
85,,BBB Meetup #85,Bookworm,7e46e4a8-fb45-4c51-b394-8983fdf4ffb0,The Bookstore Family,Alice Hoffman,Unknown,
85,,BBB Meetup #85,Bookworm,acec9e41-dba9-4749-a4c1-96440a18274f,The Discreet Hero,Mario Vargas Llosa,Unknown,
85,,BBB Meetup #85,Bookworm,505571c9-ae48-4e5c-9a07-f5eae6b69198,The Life of Chuck,Stephen King,Unknown,
85,,BBB Meetup #85,Bookworm,3654cc34-3fbb-441f-a0ad-900729207acc,The Little Sparrow Murders,Seisho Yokomizo,Unknown,
85,,BBB Meetup #85,Bookworm,26be6732-3619-4f0d-8e93-97754faa9eaa,The Shepherd's Life,James Rebanks,Unknown,
85,,BBB Meetup #85,Bookworm,d0674842-f569-46c3-9c02-1ae252721f97,The Tunnel,Ernesto Sobato,Unknown,
85,,BBB Meetup #85,Bookworm,8d7dc6ef-64d0-4a6b-9592-9a1a8684634d,The Universe in Verse,Maria Popova,Unknown,
85,,BBB Meetup #85,Bookworm,7c653f9c-88ba-4150-9a39-a530d34aa936,The Upanishads,Unknown,Unknown,
85,,BBB Meetup #85,Bookworm,af4d8c7c-d1dc-43d9-915e-08291608b56f,The Women Who Forgot to Invent Facebook and Other Stories (Nisha,Unknown,Unknown,
85,,BBB Meetup #85,Bookworm,a4834a88-cc4d-4b6a-abc0-7ebf2327127b,Trial,Silence,Unknown,
85,,BBB Meetup #85,Bookworm,98f97477-a887-457f-8569-a9bf59325bf2,Vietnam: A War Lost and Won,Nigel Cawthorne,Unknown,
85,,BBB Meetup #85,Bookworm,7a276172-a033-4dec-bedb-3783c5712f58,Vineland,Thomas Pynchon,Unknown,
85,,BBB Meetup #85,Bookworm,68b89132-10f2-4d3a-ae62-4d1154999955,West_of_the_Sun,Unknown,Unknown,
85,,BBB Meetup #85,Bookworm,759c984f-51e5-44a3-aa0d-182698962e4a,White Nights,Fyodor Dostoyevsky,Unknown,
85,,BBB Meetup #85,Bookworm,cabee5c1-cbdb-4a0e-aa80-1576165202ed,Yangdol,Pankaj Singh,Unknown,
85,,BBB Meetup #85,Bookworm,78c8d556-7a14-4321-a6cf-0b86740252c3,coat,Unknown,Unknown,
85,,BBB Meetup #85,Bookworm,4ed24224-b0ab-4080-b6ab-ec7666f73824,e_Murderous_Marriage,Unknown,Unknown,
85,,BBB Meetup #85,Bookworm,b18720fb-2fb7-46b3-a6ad-0b9678913de9,erculosis,Unknown,Unknown,
85,,BBB Meetup #85,Bookworm,416c862d-deaa-413a-868c-2e0fd9f821f7,erse,Unknown,Unknown,
85,,BBB Meetup #85,Bookworm,622c4c64-6898-4360-9fda-4e61f40b61b3,hronicles,Unknown,Unknown,
85,,BBB Meetup #85,Bookworm,c30f674a-1fd6-4b00-b198-044e6f06fa9e,mily,Unknown,Unknown,
85,,BBB Meetup #85,Bookworm,2c14f142-48a8-43a7-bb44-d63717477358,murders,Unknown,Unknown,
85,,BBB Meetup #85,Bookworm,3bca61ba-a903-4ef7-8779-694009a988f2,rgot-to-invent-facebook-and-other-stories,Unknown,Unknown,
85,,BBB Meetup #85,Bookworm,6cf5a9af-c00e-47a2-bfc9-ca065cf30ef3,ure,Unknown,Unknown,
85,,BBB Meetup #85,Bookworm,99c5e0b1-8d60-478f-b9e3-2e87a5779415, Bunny,Mona Awad,Unknown,
84,01/05/2025,BBB Meetup #84,Bookworm,3bfcc297-b83c-47e6-8b3b-0587d99bc72c,@ The Bookworm,Unknown,Unknown,
84,01/05/2025,BBB Meetup #84,Bookworm,338253ca-d806-40a8-a6cd-80aa33a009dd,Abhiram,Unknown,Unknown,
84,01/05/2025,BBB Meetup #84,Bookworm,0db8e351-73ef-432b-9cd2-a9e307bb9276,"BBB #84, May 2025",Unknown,Unknown,
84,01/05/2025,BBB Meetup #84,Bookworm,bcfa9248-177c-47ec-a4e2-2679a040b032,Babel,RF Kuang,Unknown,
84,01/05/2025,BBB Meetup #84,Bookworm,44c34b85-fd73-4af7-8b27-34abdfe30e62,Central Asia,Adeeb Khalid,Unknown,
84,01/05/2025,BBB Meetup #84,Bookworm,773e86fe-f61c-4947-bc8e-1ca6977ade60,Contagion,Movie,Unknown,
84,01/05/2025,BBB Meetup #84,Bookworm,642f2056-de7e-4f08-a14e-1827fa710397,Counter Attacks at Thirty,Won-Pyung Sohn,Unknown,
84,01/05/2025,BBB Meetup #84,Bookworm,c5da98bc-1e60-4f21-af79-0c0b4a0b91f1,Daanish,Unknown,Unknown,
84,01/05/2025,BBB Meetup #84,Bookworm,d01e3b0f-97c9-414a-ac97-0efae6bc146a,Damascus Station,David McCloskey,Unknown,
84,01/05/2025,BBB Meetup #84,Bookworm,f449348d-b376-4f80-8412-fa9b219cc9b7,Deepak Varadaraj,Unknown,Unknown,
84,01/05/2025,BBB Meetup #84,Bookworm,97ac8747-1a95-44d6-9a0c-8668c3937b64,Designing Data Intensive Applications,MartinKleppmann,Unknown,
84,01/05/2025,BBB Meetup #84,Bookworm,c087bef9-c8a2-47cf-bc59-8633c80ce4ca,Digital Minimalism,Subreddit,Unknown,
84,01/05/2025,BBB Meetup #84,Bookworm,622d3cde-6ca6-42aa-92ab-322f78546ec6,Every Living Thing,Cynthia Rylant,Unknown,
84,01/05/2025,BBB Meetup #84,Bookworm,8595ecc6-5b2f-44ff-8c14-810dbbfaee63,Ferdowsnama,Shandana Minhas,Unknown,
84,01/05/2025,BBB Meetup #84,Bookworm,fdc2685d-50e1-4b64-a634-8643a361413e,Heart Lamp: Stories,Banu Mushtaq & Deepa Bhasthi,Unknown,
84,01/05/2025,BBB Meetup #84,Bookworm,1122b342-cf66-485e-a4e3-4ddfe7322d31,His Dark Materials,Philip Pullman,Unknown,
84,01/05/2025,BBB Meetup #84,Bookworm,6768d885-5317-444e-b7db-7d2b276b225d,Humankind,Rutger Bregman,Unknown,
84,01/05/2025,BBB Meetup #84,Bookworm,66a608c7-c053-4f47-a341-e23a9c224197,Inspector Imanishi Investigates,Seicho Matsumoto,Unknown,
84,01/05/2025,BBB Meetup #84,Bookworm,a01f2043-09b8-4352-a70f-04f6b7fd2b7d,Irene,Unknown,Unknown,
84,01/05/2025,BBB Meetup #84,Bookworm,cbf20ec6-6976-4ecb-b8b4-888ed91b13d8,John Raju,Unknown,Unknown,
84,01/05/2025,BBB Meetup #84,Bookworm,7f464afe-bfde-4b11-b271-a99b9b530993,Jyothi,Unknown,Unknown,
84,01/05/2025,BBB Meetup #84,Bookworm,609471da-e653-4dcb-a898-cb24ad1322a3,Leah,Unknown,Unknown,
84,01/05/2025,BBB Meetup #84,Bookworm,9a6ae08e-2d29-45c8-ade9-3b5228db22a8,Missing May,Cynthia Rylant,Unknown,
84,01/05/2025,BBB Meetup #84,Bookworm,847a8739-0748-4880-b407-ad14a7022572,No Country for Old Men,Cormac McCarthy,Unknown,
84,01/05/2025,BBB Meetup #84,Bookworm,a4236f52-3c2c-4014-8d88-007b5043652c,"Norman Cathedrals of England, a guidebook",Unknown,Unknown,
84,01/05/2025,BBB Meetup #84,Bookworm,756a1039-d2eb-45b4-a854-e698156175bf,Pavan,Unknown,Unknown,
84,01/05/2025,BBB Meetup #84,Bookworm,ed5965c6-67f9-4879-aa17-4ffeb87e73e7,Pradeep,Unknown,Unknown,
84,01/05/2025,BBB Meetup #84,Bookworm,1504ca94-ecad-4f17-a8ac-aade4cdbc56f,Replay,Ken Grimwood,Unknown,
84,01/05/2025,BBB Meetup #84,Bookworm,c099814e-ab73-4cec-8996-99890facdd16,Shivankar,Unknown,Unknown,
84,01/05/2025,BBB Meetup #84,Bookworm,9ee5a6c1-c382-488e-9886-46d3478c566f,Shradha,Unknown,Unknown,
84,01/05/2025,BBB Meetup #84,Bookworm,c7ccb3d4-aef6-4b72-b1fa-7ec1d012258f,Small Things Like These,Claire Keegan,Unknown,
84,01/05/2025,BBB Meetup #84,Bookworm,39b3f263-94a0-4603-8c43-e723ca791d83,Sovietstan,Erika Fatland,Unknown,
84,01/05/2025,BBB Meetup #84,Bookworm,4bbf8e0e-784f-4c12-84f7-4a3d67ee16df,The Anxious Generation,Jonathan Haidt,Unknown,
84,01/05/2025,BBB Meetup #84,Bookworm,8898fb16-05c3-4759-b688-b39e85e9aab8,The Authenticity Protocol,Varun Agarwal,Unknown,
84,01/05/2025,BBB Meetup #84,Bookworm,848400dc-2ea2-4717-a93b-7b1ff4c98859,The Black Lake,Hella S Hause,Unknown,
84,01/05/2025,BBB Meetup #84,Bookworm,4ea81b58-00ef-48ec-8eb7-85809a515858,The Book of Dust,Philip Pullman,Unknown,
84,01/05/2025,BBB Meetup #84,Bookworm,9b8ac52c-ebe3-4a46-8a16-8e7225c1bf93,The Ruhnama,Saparmurat Niyazov,Unknown,
84,01/05/2025,BBB Meetup #84,Bookworm,826902ad-7c93-425b-b402-9479790ffda4,The Seven Deaths of Evelyn Hardcastle,Stuart Turton,Unknown,
84,01/05/2025,BBB Meetup #84,Bookworm,26be6732-3619-4f0d-8e93-97754faa9eaa,The Shepherd's Life,James Rebanks,Unknown,
84,01/05/2025,BBB Meetup #84,Bookworm,e864a5f6-dfe1-40fa-9832-fa89f15d6a86,The Stand,Stephen King,Unknown,
84,01/05/2025,BBB Meetup #84,Bookworm,4a1a5665-f90c-48f1-be1c-48410cb8029e,Varunacharya,Unknown,Unknown,
84,01/05/2025,BBB Meetup #84,Bookworm,84e32c3b-af34-4245-88ff-31466ff8ea66,Vinay Leo,Unknown,Unknown,
84,01/05/2025,BBB Meetup #84,Bookworm,f01dc77a-c2a1-49d4-801a-b4a2662f1856,What I talk about when I talk about Running,Haruki Murakami,Unknown,
84,01/05/2025,BBB Meetup #84,Bookworm,c440dbae-44c0-4eaf-9a91-d6b5fbc75d4b,Yellowface,RF Kuang,Unknown,
83,01/04/2025,BBB Meetup #83,Bookworm,bc54af1d-0789-4386-a8c9-b8b53afcec8e,A Book of Light,Jerry Pinto,Unknown,
83,01/04/2025,BBB Meetup #83,Bookworm,f7a41275-29da-4f26-abca-2aaa968fa951,A Little Life,Hanya Yanagihara,Unknown,
83,01/04/2025,BBB Meetup #83,Bookworm,eb3b4da3-9036-47c7-9863-3e878aed8a2f,Ajita,K Sridhar,Unknown,
83,01/04/2025,BBB Meetup #83,Bookworm,e38b4daf-0852-4f26-96c3-dfac40273b9d,Angela's Ashes,Frank McCourt,Unknown,
83,01/04/2025,BBB Meetup #83,Bookworm,63d2a581-9691-4904-92c0-9600bee33ea3,Around India in 80 Trains,Unknown,Unknown,
83,01/04/2025,BBB Meetup #83,Bookworm,8610dbed-648d-43b5-8e33-2ee33667f575,BBB-83,Apr-25,Unknown,
83,01/04/2025,BBB Meetup #83,Bookworm,d2f6f9bb-5479-4f19-864d-c91933d8ace6,Beartown,Frederik Backman,Unknown,
83,01/04/2025,BBB Meetup #83,Bookworm,bbd8069c-9869-4e16-afac-ff9dadcbb302,Becoming Bangalore,Roopa Pai,Unknown,
83,01/04/2025,BBB Meetup #83,Bookworm,839773cf-f314-41e1-8992-e0e14ec49b9f,Breath,JamesNestor,Unknown,
83,01/04/2025,BBB Meetup #83,Bookworm,bb00c52e-b740-466f-814b-104643cd7f9a,Careless People,Sarah Wynn-Williams,Unknown,
83,01/04/2025,BBB Meetup #83,Bookworm,f4b8e981-6648-4617-b33e-1ceef74d5b67,Contest,Matthew Reilly,Unknown,
83,01/04/2025,BBB Meetup #83,Bookworm,795a0b9d-f707-4a0a-91ba-5624abd65275,DATE : 27th Apr 2025,Unknown,Unknown,
83,01/04/2025,BBB Meetup #83,Bookworm,bf26e2b0-d3f1-4274-ab72-0f7f867dc5e9,Dakhini,K Hari Kumar,Unknown,
83,01/04/2025,BBB Meetup #83,Bookworm,e4d163a8-0903-405c-baae-096f9c06c934,Doomsday Conspiracy,Sidney Sheldon,Unknown,
83,01/04/2025,BBB Meetup #83,Bookworm,1016c402-18ff-41de-bb61-24f20d5da9c4,From the Mixed-Up Files of Mrs. Basil E. Frankweiler,E L Konigsburg,Unknown,
83,01/04/2025,BBB Meetup #83,Bookworm,4c980adb-2f05-4af7-8d73-136cf476da6f,How We Die,Sherwin Nuland,Unknown,
83,01/04/2025,BBB Meetup #83,Bookworm,55c26566-0854-4926-a44a-6dae66270cb3,Hunchback,Saou Ichikawa,Unknown,
83,01/04/2025,BBB Meetup #83,Bookworm,062b4ec8-d216-4cf2-8362-1ad36df0fca4,I am thinking of ending things,Iaim Reed,Unknown,
83,01/04/2025,BBB Meetup #83,Bookworm,6ce99f7e-4a55-4f6c-99e9-3c8a7b84eccb,I let you go,Claire Mackintosh,Unknown,
83,01/04/2025,BBB Meetup #83,Bookworm,7a6667b3-cabb-44bb-8fab-ed0a8939a0fe,I. Abhiram,Unknown,Unknown,
83,01/04/2025,BBB Meetup #83,Bookworm,48a374bc-5a86-4dc3-8d73-e180ac3d876a,II. Sherwin,Unknown,Unknown,
83,01/04/2025,BBB Meetup #83,Bookworm,ad879021-3bb3-4513-9e8c-4338ea94abbe,III,Deepak Varadaraj,Unknown,
83,01/04/2025,BBB Meetup #83,Bookworm,0b85bdcf-30b5-4021-994a-9d87c4c8d5dc,IX. Sridevi,Unknown,Unknown,
83,01/04/2025,BBB Meetup #83,Bookworm,eb268c83-120e-4192-831c-6460480cd922,In Other Words,Jhumpa Lahiri,Unknown,
83,01/04/2025,BBB Meetup #83,Bookworm,b95d5703-f310-411b-81fd-74ed782aeadc,Kafka & The Doll,Larissa Theule,Unknown,
83,01/04/2025,BBB Meetup #83,Bookworm,76d831b2-ff10-4390-b734-d877e05037a7,Last Among Equals,M. R. Sharan,Unknown,
83,01/04/2025,BBB Meetup #83,Bookworm,f5223039-7a53-4551-904e-6732e01c2651,Mindset,Carol Dweck,Unknown,
83,01/04/2025,BBB Meetup #83,Bookworm,473b6034-fc35-49e6-987f-95bf3a59563b,My Bookstore,Ronald Rice,Unknown,
83,01/04/2025,BBB Meetup #83,Bookworm,68825694-90a6-45c6-a0e3-8e9d33620fd7,Never Let Me Go,Kazuo Ishiguro,Unknown,
83,01/04/2025,BBB Meetup #83,Bookworm,6c6e6a53-13b8-4acc-9185-9b0bd1823890,Physics and Philosophy,Werner Heisenberg,Unknown,
83,01/04/2025,BBB Meetup #83,Bookworm,5833ee61-d19b-4fa8-ad80-301d2be24f31,Platform Ticket,Sangeetha Vallat,Unknown,
83,01/04/2025,BBB Meetup #83,Bookworm,8acb8ce6-6ea3-4c98-ae95-4420bcf28ff0,Qabar,KR Meera,Unknown,
83,01/04/2025,BBB Meetup #83,Bookworm,46a277b5-4df4-42b4-960f-07cb247db1d0,Rental Person Who Does Nothing,ShojiMorimoto,Unknown,
83,01/04/2025,BBB Meetup #83,Bookworm,687bd3eb-f634-4dab-a7cf-ec00c12438a4,Roman Stories,Jhumpa Lahiri,Unknown,
83,01/04/2025,BBB Meetup #83,Bookworm,d5c9071c-a1fc-405d-b4ba-27faafd5e4e1,"Spies, Lies and Allies",Kavitha Rao,Unknown,
83,01/04/2025,BBB Meetup #83,Bookworm,41a1346b-c844-435a-99bc-1e649d1a02da,The Anthropologists,Aysegul Savas,Unknown,
83,01/04/2025,BBB Meetup #83,Bookworm,37a90eca-81e6-4026-bf32-8f75642d73e4,The Chibineko Kitchen,Yuta Takahashi,Unknown,
83,01/04/2025,BBB Meetup #83,Bookworm,ed6a8e28-a17c-4783-8e71-f5505fa3553c,The Garden Against Time,Olivia Laing,Unknown,
83,01/04/2025,BBB Meetup #83,Bookworm,e9d23a6a-00ec-488f-b807-519876132af4,The Gates of Europe,Serhii Plokhy,Unknown,
83,01/04/2025,BBB Meetup #83,Bookworm,88f27bc0-35e6-4dc1-8c92-4cf5927f02d5,The Language of History,Audrey Truschke,Unknown,
83,01/04/2025,BBB Meetup #83,Bookworm,0f32e5d1-6fbb-4d59-8c55-b480d471825b,The Palestine Laboratory,Anthony Lowenstein,Unknown,
83,01/04/2025,BBB Meetup #83,Bookworm,0422d027-9cda-4ba2-b413-787a402e37f6,The Rabbit Listened,Cori Doerrfield,Unknown,
83,01/04/2025,BBB Meetup #83,Bookworm,ebb339a7-0a4c-4bb8-9248-6dad9afde15a,The Sad Ghost Club 2,Lize Meddings,Unknown,
83,01/04/2025,BBB Meetup #83,Bookworm,0dbe932d-b553-4ebf-879d-25b5da84827c,The Westing Game,Ellen Raskin,Unknown,
83,01/04/2025,BBB Meetup #83,Bookworm,0645aee4-8513-4691-b9db-96d3b8309554,The Word for The World is Forest,Ursula K Le Guin,Unknown,
83,01/04/2025,BBB Meetup #83,Bookworm,44932536-6d09-436e-8761-0fe70f01574b,The ministry of utmost happiness,Arundhati Roy,Unknown,
83,01/04/2025,BBB Meetup #83,Bookworm,bfc20da6-47cc-4476-b6f3-e4eae89030db,The vegetarian,Han Kang,Unknown,
83,01/04/2025,BBB Meetup #83,Bookworm,c304bbef-c3c0-4b5a-9f52-51279541fbcc,Three Thousand Stitches,Sudha Murty,Unknown,
83,01/04/2025,BBB Meetup #83,Bookworm,c004e235-18de-479d-a9be-4fe3f456bb1e,V. Pradeep,Unknown,Unknown,
83,01/04/2025,BBB Meetup #83,Bookworm,bb35bad8-6be7-4caa-b72d-e1b6fc2a4ee3,VENUE: THE BOOKWORM,Unknown,Unknown,
83,01/04/2025,BBB Meetup #83,Bookworm,44271d8a-2de5-460c-bf72-9b46390bcb35,VI. Priyanka,Unknown,Unknown,
83,01/04/2025,BBB Meetup #83,Bookworm,25a17327-33b4-4abe-a70a-e1ee75a3669b,VII. Padmaja,Unknown,Unknown,
83,01/04/2025,BBB Meetup #83,Bookworm,9d891354-6ac2-488f-9bfb-52aa48f06c4f,VIII. Jyothi,Unknown,Unknown,
83,01/04/2025,BBB Meetup #83,Bookworm,39bbce38-36a6-4259-905a-e8aa9e2ba2b5,Vaadivaasal,"CS Chellappa, Perumal Murugan, Appupen",Unknown,
83,01/04/2025,BBB Meetup #83,Bookworm,5d55d14c-7cfb-4dee-9593-4899b74cc849,Whereabouts,Jhumpa Lahiri,Unknown,
83,01/04/2025,BBB Meetup #83,Bookworm,7c7eab82-6e43-4f2c-b3b2-1cd714c66d2c,X. Asif,Unknown,Unknown,
83,01/04/2025,BBB Meetup #83,Bookworm,e4e86ba7-a4fe-4525-897f-9bbae5e01891,XI. Bharath,Unknown,Unknown,
83,01/04/2025,BBB Meetup #83,Bookworm,3ebde539-2f34-4d13-8ede-0fc2af0ff27e,XII. Shehnaaz,Unknown,Unknown,
83,01/04/2025,BBB Meetup #83,Bookworm,eedca1f2-6fe8-4a67-ae9b-f23c96bc4e8e,XIII. Darshan,Unknown,Unknown,
83,01/04/2025,BBB Meetup #83,Bookworm,a4ffd4ec-9080-4df2-9a48-da884c266525,XIV. Madhusudhan,Unknown,Unknown,
83,01/04/2025,BBB Meetup #83,Bookworm,cc2e2ffd-70b6-427f-9cdc-87bc1231c171,XV. Anuj,Unknown,Unknown,
83,01/04/2025,BBB Meetup #83,Bookworm,6b7c14f2-1deb-46d5-a9dd-c19b3208de10,XVI. Shivankar,Unknown,Unknown,
83,01/04/2025,BBB Meetup #83,Bookworm,60e69953-aebc-4f5a-8be6-ef41140af857,XVII. Jeffy,Unknown,Unknown,
83,01/04/2025,BBB Meetup #83,Bookworm,b55e9a78-a2e0-497e-acef-2cab85ef753c,infinite jest,David Wallace,Unknown,
83,01/04/2025,BBB Meetup #83,Bookworm,0febb062-c825-4791-9171-598d1415d50b,looking away,Harsh Mandar,Unknown,
83,01/04/2025,BBB Meetup #83,Bookworm,709f6cdb-2797-4cef-b29c-85b11ea6930c,∙ Temple,Matthew Reilly,Unknown,
83,01/04/2025,BBB Meetup #83,Bookworm,28ec9792-9b96-4f21-9f0d-d772c8bbb442, The Alchemist,Paulo Coelho,Unknown,
82,01/03/2025,BBB Meetup #82,Bookworm,bc54af1d-0789-4386-a8c9-b8b53afcec8e,A Book of Light,Jerry Pinto,Unknown,
82,01/03/2025,BBB Meetup #82,Bookworm,bc54af1d-0789-4386-a8c9-b8b53afcec8e,A Book of Light,Jerry Pinto,Unknown,
82,01/03/2025,BBB Meetup #82,Bookworm,7ca638e6-3b2e-4a09-8473-96e4c6dd9b82,A Passage to India,E. M. Forster,Unknown,
82,01/03/2025,BBB Meetup #82,Bookworm,105d87c5-3598-4b74-9068-a0dd7f6646ea,AI vs,Artist? Ghibli-fication?,Unknown,
82,01/03/2025,BBB Meetup #82,Bookworm,ae46555b-f32a-4606-9525-cae95e5d252b,Amazonia,James Rollins,Unknown,
82,01/03/2025,BBB Meetup #82,Bookworm,770c71d9-9e06-48fa-a7a3-becd66239c4c,Best Served Cold,Joe Abercrombie,Unknown,
82,01/03/2025,BBB Meetup #82,Bookworm,6aa4f20b-9db9-49e7-8046-20cff7b01129,Blade Runner,Movie,Unknown,
82,01/03/2025,BBB Meetup #82,Bookworm,839773cf-f314-41e1-8992-e0e14ec49b9f,Breath,JamesNestor,Unknown,
82,01/03/2025,BBB Meetup #82,Bookworm,e0d2b15c-113a-40d8-85b3-e64ddd8f3d41,Capital Mind,Podcast,Unknown,
82,01/03/2025,BBB Meetup #82,Bookworm,57d77b12-290f-4819-ab74-c072820d446f,Chikkamma Tours Pvt Ltd,Unmana,Unknown,
82,01/03/2025,BBB Meetup #82,Bookworm,36b35b0e-6e99-4fb9-87a8-4666fda34200,Do Androids Dream of Electric Sheep?,Philip K. Dick,Unknown,
82,01/03/2025,BBB Meetup #82,Bookworm,c2271c4e-6ea7-4db1-85cb-378cf142d499,Dubai: A Gilded Cage,Syed Ali,Unknown,
82,01/03/2025,BBB Meetup #82,Bookworm,c43953fa-4f2d-4bb3-b4d7-231a0ee40270,"English, August",Movie,Unknown,
82,01/03/2025,BBB Meetup #82,Bookworm,d53cd6de-85aa-48a0-8731-e0422fc1e781,Everything I Know About Love,Dolly Alderton,Unknown,
82,01/03/2025,BBB Meetup #82,Bookworm,df5b3a0a-3b24-4e7d-8c00-a7ff1de2d45c,Five Centimeters per Second,Makoto Shinkai,Unknown,
82,01/03/2025,BBB Meetup #82,Bookworm,07b38dfe-5b77-423c-947e-82f6d7dc455d,God of War I,Robert E. Vardeman,Unknown,
82,01/03/2025,BBB Meetup #82,Bookworm,4ed95f3a-10b3-42eb-86e6-4cd827c9a80d,God of War II,Robert E. Vardeman,Unknown,
82,01/03/2025,BBB Meetup #82,Bookworm,f68dcaec-26a8-4542-b9e3-a03e08e5fb17,Gunpowder in the Air,Manoranjan Byapari,Unknown,
82,01/03/2025,BBB Meetup #82,Bookworm,db92524f-d061-4ce0-aed9-b93db5ca2990,Heaven,Mieko Kawakami,Unknown,
82,01/03/2025,BBB Meetup #82,Bookworm,b1244e00-ae3d-41ff-b268-acdba95bf560,Heavy Metal,Ameet Shahul,Unknown,
82,01/03/2025,BBB Meetup #82,Bookworm,33a196c9-570a-42a3-bff8-a73bd130823a,Inspector Maigret,TV series feat. Rowan Atkinson,Unknown,
82,01/03/2025,BBB Meetup #82,Bookworm,f97be7f5-5849-4c6a-bcf3-66165658434c,Let's Talk Mutual Funds,Monika Halan,Unknown,
82,01/03/2025,BBB Meetup #82,Bookworm,c7f85663-53d7-4904-a872-2114749743a1,Lost in Time,Namita Gokhale,Unknown,
82,01/03/2025,BBB Meetup #82,Bookworm,1f2b41ae-6b1f-4dd3-b9bc-316a0a54edd6,Maigret and the Wine Merchant,Georges Simenon,Unknown,
82,01/03/2025,BBB Meetup #82,Bookworm,d8bc7a8c-f7b0-4557-8e73-3cd36fca8781,Mammaries of the Welfare State,Upamanyu Chatterjee,Unknown,
82,01/03/2025,BBB Meetup #82,Bookworm,c6d82934-294d-40d3-9596-6dde26d3d276,Murder at Maybridge Castle,Ada Moncrieff,Unknown,
82,01/03/2025,BBB Meetup #82,Bookworm,5833ee61-d19b-4fa8-ad80-301d2be24f31,Platform Ticket,Sangeetha Vallat,Unknown,
82,01/03/2025,BBB Meetup #82,Bookworm,f7f69ed2-1be0-415b-bd16-cd4ceffc3945,Priory of the Orange Tree,Samantha Shannon,Unknown,
82,01/03/2025,BBB Meetup #82,Bookworm,46a277b5-4df4-42b4-960f-07cb247db1d0,Rental Person Who Does Nothing,ShojiMorimoto,Unknown,
82,01/03/2025,BBB Meetup #82,Bookworm,6aeebfdf-54e2-4530-b4d4-c8294ee8e1f8,Steal Like an Artist,Austin Kleon,Unknown,
82,01/03/2025,BBB Meetup #82,Bookworm,95f48e9e-a3c9-4153-a43b-0a082b5f721d,Strictly Personal,Daman Singh,Unknown,
82,01/03/2025,BBB Meetup #82,Bookworm,bebb8bc9-fb37-493b-b36c-f2d481f9bf0b,The Accidental Prime Minister,Sanjaya Baru,Unknown,
82,01/03/2025,BBB Meetup #82,Bookworm,c0b8968f-1a07-468d-9daf-bc6612e1075e,The Guide,R K Narayan,Unknown,
82,01/03/2025,BBB Meetup #82,Bookworm,49a6fc68-f4da-4b5d-8176-fa3450bdb065,The Interloper,Manoranjan Byapari,Unknown,
82,01/03/2025,BBB Meetup #82,Bookworm,3bfdf877-b1ae-4723-9a9e-708660e4b749,The Last Ambassador of Cairo,Book?,Unknown,
82,01/03/2025,BBB Meetup #82,Bookworm,971feaa6-a878-45a3-b216-09b108b4a6ce,The Mendicant Prince,ArunaChakravarti,Unknown,
82,01/03/2025,BBB Meetup #82,Bookworm,7fd4f101-0c73-491b-bc66-cdcdbcda2ed3,The Perfect Murder,H. R. F. Keating,Unknown,
82,01/03/2025,BBB Meetup #82,Bookworm,e8495795-4de4-45ad-9163-e54e4ea2dc30,The Richest Man in Babylon,George S. Clason,Unknown,
82,01/03/2025,BBB Meetup #82,Bookworm,d6e6ecee-00f2-4375-92b8-a5d25446e30c,The Rise of Islam and Bengal's Frontier,Richard Eaton,Unknown,
82,01/03/2025,BBB Meetup #82,Bookworm,fa06bf80-ef29-4c2d-ab3f-c5932f4a145c,The Sea Hawk,Manohar Malgonkar,Unknown,
82,01/03/2025,BBB Meetup #82,Bookworm,44932536-6d09-436e-8761-0fe70f01574b,The ministry of utmost happiness,Arundhati Roy,Unknown,
82,01/03/2025,BBB Meetup #82,Bookworm,bfc20da6-47cc-4476-b6f3-e4eae89030db,The vegetarian,Han Kang,Unknown,
82,01/03/2025,BBB Meetup #82,Bookworm,60da52c4-4e56-454b-86b9-399a7067afc1, Why We Sleep,Matthew Walker,Unknown,
80,01/01/2025,BBB Meetup #80,Bookworm,fc5b7d3f-7936-4f78-99af-81f2d745844f,A Portrait of the Artist as a,Young Man,Unknown,
80,01/01/2025,BBB Meetup #80,Bookworm,cb97523c-fd6e-4d12-a849-68c1c2ce68e6,A Simple Passion,Annie Ernaux,Unknown,
80,01/01/2025,BBB Meetup #80,Bookworm,4df43f86-9cbe-43f5-a905-1e8df31feb40,Act of God,Kanan Gill,Unknown,
80,01/01/2025,BBB Meetup #80,Bookworm,bfb555d4-f8ae-4bcf-9e55-c5d37e504391,Agatha Raisin and the,Vicious Vet,Unknown,
80,01/01/2025,BBB Meetup #80,Bookworm,1521f6a5-2901-4038-be98-d59c2f1097c7,Agatha Raisin and the Potted Gardener,Marion Chesney,Unknown,
80,01/01/2025,BBB Meetup #80,Bookworm,29bedf45-5e56-4087-b879-82ca45be1105,Agatha Raisin and the Quiche of Death,Unknown,Unknown,
80,01/01/2025,BBB Meetup #80,Bookworm,154fe7cd-0695-40d3-9c45-7b01822cf769,Airplane Mode,Habib,Unknown,
80,01/01/2025,BBB Meetup #80,Bookworm,ae60dad4-b8f1-486e-b386-3a08c6481cc8,Anuj,Unknown,Unknown,
80,01/01/2025,BBB Meetup #80,Bookworm,e8affa24-99be-49de-8c3d-927e1677fe68,Asif,Unknown,Unknown,
80,01/01/2025,BBB Meetup #80,Bookworm,df908fcd-0932-473e-ae2c-e4121b6416df,Bharath,Unknown,Unknown,
80,01/01/2025,BBB Meetup #80,Bookworm,445acfa3-ca27-472c-a8de-3fa1f5f6d057,Bhima,Lone Warrior,Unknown,
80,01/01/2025,BBB Meetup #80,Bookworm,e5c44b83-b6e5-4938-b12e-56f2f32f63bf,Bhima: Lone Warrior,M.T. Vasudevan Nair,Unknown,
80,01/01/2025,BBB Meetup #80,Bookworm,88280344-e583-4599-b5a4-6ca8598370ee,"Birds, Beasts, and Bandits",Unknown,Unknown,
80,01/01/2025,BBB Meetup #80,Bookworm,a5fa11a9-4836-4854-bc61-329ed694738e,Blue is Like Blue,Vinod Kumar Shukla,Unknown,
80,01/01/2025,BBB Meetup #80,Bookworm,66e241eb-25e1-404e-a23c-d6f16bc1bc5e,Brotherless Night,V.V. Ganeshananthan,Unknown,
80,01/01/2025,BBB Meetup #80,Bookworm,b63eb07c-9b43-42fb-8242-91237563fad2,Charlie and the Chocolate Factory,Roald Dahl,Unknown,
80,01/01/2025,BBB Meetup #80,Bookworm,b63eb07c-9b43-42fb-8242-91237563fad2,Charlie and the Chocolate Factory,Roald Dahl,Unknown,
80,01/01/2025,BBB Meetup #80,Bookworm,401eafc6-cda6-400a-88dd-cf404fbfcec3,Charlie and the Great,Glass Elevator,Unknown,
80,01/01/2025,BBB Meetup #80,Bookworm,6c341f74-6500-416f-83d0-e333aad9058a,Charlie and the Great Glass Elevator,Roald Dahl,Unknown,
80,01/01/2025,BBB Meetup #80,Bookworm,171ecaaa-91de-493e-8826-0887a144a2b4,Classic Literature,Unknown,Unknown,
80,01/01/2025,BBB Meetup #80,Bookworm,87cbf815-e704-407f-93e6-d0240c878c90,Darshan,Unknown,Unknown,
80,01/01/2025,BBB Meetup #80,Bookworm,0d018cf6-2ddf-4d1a-8907-2a46596e9d9a,Davis,Unknown,Unknown,
80,01/01/2025,BBB Meetup #80,Bookworm,f449348d-b376-4f80-8412-fa9b219cc9b7,Deepak Varadaraj,Unknown,Unknown,
80,01/01/2025,BBB Meetup #80,Bookworm,7a50934b-e86b-462e-aaed-2b0d17b329c3,Draupadi,Ira Mukhoty,Unknown,
80,01/01/2025,BBB Meetup #80,Bookworm,aa5fcfcc-7194-429d-856c-4b943f881dfa,Fantasy,Unknown,Unknown,
80,01/01/2025,BBB Meetup #80,Bookworm,5e77fc9c-7617-475c-853e-9fd3ab5a06da,Giovanni’s Room,James Arthur Baldwin,Unknown,
80,01/01/2025,BBB Meetup #80,Bookworm,3fd85176-1ded-4c20-b4eb-46db3843c670,Historical,Unknown,Unknown,
80,01/01/2025,BBB Meetup #80,Bookworm,e36c2fa2-e85d-49ab-a4b9-d13880e89b49,How Democracies Die,Steven Levitsky and Daniel Ziblatt,Unknown,
80,01/01/2025,BBB Meetup #80,Bookworm,dc93d6e3-9cd6-4cc3-8d13-087c894e1e6e,How to,Watch Football,Unknown,
80,01/01/2025,BBB Meetup #80,Bookworm,998e0349-b13c-4cf2-8573-376b19a15914,How to Watch Football,Tifo - The Athletic,Unknown,
80,01/01/2025,BBB Meetup #80,Bookworm,99653bbb-44d3-4175-9520-73d71af6c826,India's Rarest Birds,Dalvi,Unknown,
80,01/01/2025,BBB Meetup #80,Bookworm,561b9cd4-f5ff-46ed-806f-832f110fafc3,John Benedict,Unknown,Unknown,
80,01/01/2025,BBB Meetup #80,Bookworm,095b646d-3a89-477b-ad2d-fa5bb0cba259,Krishna,Unknown,Unknown,
80,01/01/2025,BBB Meetup #80,Bookworm,2efbb4c4-8549-4422-8e47-c130642cbf53,Lord of the Flies,William Gerald Golding,Unknown,
80,01/01/2025,BBB Meetup #80,Bookworm,26e14119-88b6-42e9-bce1-b6028e2daa4a,Meeting #80  BBB Jan 2025 2,Unknown,Unknown,
80,01/01/2025,BBB Meetup #80,Bookworm,e21d3c63-65a8-447b-a768-0151127166cd,Meeting #80  BBB Jan 2025 3,Unknown,Unknown,
80,01/01/2025,BBB Meetup #80,Bookworm,86fb1a91-de03-4bb6-b33e-caec7da5f64f,Meeting #80  BBB Jan 2025 4,Unknown,Unknown,
80,01/01/2025,BBB Meetup #80,Bookworm,7db47d21-42e4-44d5-a5a3-d894ba278258,Meeting #80  BBB Jan 2025 5,Unknown,Unknown,
80,01/01/2025,BBB Meetup #80,Bookworm,812f3974-1ad8-4adc-8a7f-7c3d211ddbb5,Metamorphosis,Franz Kafka,Unknown,
80,01/01/2025,BBB Meetup #80,Bookworm,d5dc7e19-3efd-4075-b6d7-054499cb75e1,Mosquito,Spielman,Unknown,
80,01/01/2025,BBB Meetup #80,Bookworm,63b9cad5-3980-4224-a33a-8d8d6f5b26ca,Mystery/Crime,Unknown,Unknown,
80,01/01/2025,BBB Meetup #80,Bookworm,09929be5-c9d3-429a-a311-216794caba4a,On Writing Well,William Zinsser,Unknown,
80,01/01/2025,BBB Meetup #80,Bookworm,dd37b369-a6d4-41ce-ae32-e77c82ea6d6c,Out on a Limb,Bonam Young,Unknown,
80,01/01/2025,BBB Meetup #80,Bookworm,9c8319f1-52ce-4631-875e-c5566d8fe2d0,Pigeons,Andrew D. Blechman,Unknown,
80,01/01/2025,BBB Meetup #80,Bookworm,0a52c060-8d27-40b0-b6b5-069a0419159a,Priyanka,Unknown,Unknown,
80,01/01/2025,BBB Meetup #80,Bookworm,3510acd8-afc6-450c-b69d-989e2c4fde30,Rahul Kumaresan,Unknown,Unknown,
80,01/01/2025,BBB Meetup #80,Bookworm,c0b7983d-92e1-4cb5-b86e-8a7dccc519f7,Remember,Lisa Genova,Unknown,
80,01/01/2025,BBB Meetup #80,Bookworm,d1b2d32f-249f-4016-a7e8-2b24e00e1eba,Rida,Unknown,Unknown,
80,01/01/2025,BBB Meetup #80,Bookworm,969b2a96-f8be-48dc-9c33-0f222e24c1be,Science Fiction/Futuristic,Unknown,Unknown,
80,01/01/2025,BBB Meetup #80,Bookworm,a31eb6c6-8f33-40e8-9212-2d78bb5063b0,Self-Help/Personal Development,Unknown,Unknown,
80,01/01/2025,BBB Meetup #80,Bookworm,8253c366-e172-436d-a4e0-66a5a3c38455,Sridevi,Unknown,Unknown,
80,01/01/2025,BBB Meetup #80,Bookworm,f96dd993-a49f-4546-88ef-7138908f4c76,The 100-Year-Old Man Who Climbed Out of the Window and Disappeared,Unknown,Unknown,
80,01/01/2025,BBB Meetup #80,Bookworm,2caa2c6b-7b3d-4098-b281-581cbe1519b0,The Answer is No,Frederik Backman,Unknown,
80,01/01/2025,BBB Meetup #80,Bookworm,23c1f7ca-4972-4914-99ea-f4b481ca5b30,The Colour of Magic,Terence David John Pratchett,Unknown,
80,01/01/2025,BBB Meetup #80,Bookworm,13abe57e-61e2-4788-8193-59edad16b248,"The Courtesan, the Mahatma & the",Italian Brahmin,Unknown,
80,01/01/2025,BBB Meetup #80,Bookworm,8365d7f2-7123-4e23-87e7-c4c642d18a69,The Djinn Waits a Hundred Years,Sharbari Zohra Ahmed,Unknown,
80,01/01/2025,BBB Meetup #80,Bookworm,5c1cc25c-af61-488b-bfb3-98f055d1daab,The Golden Gandhi Statue from America,Unknown,Unknown,
80,01/01/2025,BBB Meetup #80,Bookworm,1de2b06b-399b-469b-9310-72f1c3e7a96f,The Golden Road,Wiliam Dalrymple,Unknown,
80,01/01/2025,BBB Meetup #80,Bookworm,3c284e4c-a7b1-4004-a57e-c2e147cffacb,The Missed Call,Oberoi,Unknown,
80,01/01/2025,BBB Meetup #80,Bookworm,44d47d2a-266e-4812-bb7e-946afc461bcb,The Power Broker,Robert Caro,Unknown,
80,01/01/2025,BBB Meetup #80,Bookworm,459a47a3-da88-473e-8a8a-59057e78764b,The Ten Types of Human,Dexter Dias,Unknown,
80,01/01/2025,BBB Meetup #80,Bookworm,24b183fe-a38b-4c0d-833e-9f065786bcb9,The Trees,Percival Everett,Unknown,
80,01/01/2025,BBB Meetup #80,Bookworm,6ef8248a-266d-4e05-a258-09dd1e9ae6c2,The Very Secret Society of,Irregular Witches,Unknown,
80,01/01/2025,BBB Meetup #80,Bookworm,fb3b2d44-58a7-4007-80c3-52e627a13d74,Too Good to Be True,Koli,Unknown,
80,01/01/2025,BBB Meetup #80,Bookworm,ad4b6745-9b1c-479b-b180-657e20858002,Travellers in the,Golden Age,Unknown,
80,01/01/2025,BBB Meetup #80,Bookworm,11bb56c2-9a90-4abe-bda0-fdafaad5a39a,Travellers in the Golden Realm,Al Azami,Unknown,
80,01/01/2025,BBB Meetup #80,Bookworm,84e32c3b-af34-4245-88ff-31466ff8ea66,Vinay Leo,Unknown,Unknown,
80,01/01/2025,BBB Meetup #80,Bookworm,b89f8f6d-e6d5-427e-8c20-0a0fe1b6f2c7,Watchmen,Alan Moore,Unknown,
80,01/01/2025,BBB Meetup #80,Bookworm,89c3417b-5fb0-43ec-aa58-92ffb19ef5b8,We'll Prescribe You a Cat,Takashi Hiraide,Unknown,
80,01/01/2025,BBB Meetup #80,Bookworm,94da880a-c7f0-4c00-97e2-63f54a88e57b,Why We Die,Venki Ramakrishnan,Unknown,
80,01/01/2025,BBB Meetup #80,Bookworm,ecf2eb8e-2f4b-49d6-aeaa-db8d4eb3a7d6,"Why We Kneel, How We Rise",MichaelHolding,Unknown,
80,01/01/2025,BBB Meetup #80,Bookworm,60da52c4-4e56-454b-86b9-399a7067afc1, Why We Sleep,Matthew Walker,Unknown,
76,01/09/2024,BBB Meetup #76,Bookworm,7d48ca18-3fbe-437b-b77a-a3fc6c4a6dee,AloneTogether,SherryTirkle,Unknown,
76,01/09/2024,BBB Meetup #76,Bookworm,40b70127-4563-4474-9fd9-d3e0acc1a887,BackMechanic,StuartMcGill,Unknown,
76,01/09/2024,BBB Meetup #76,Bookworm,839773cf-f314-41e1-8992-e0e14ec49b9f,Breath,JamesNestor,Unknown,
76,01/09/2024,BBB Meetup #76,Bookworm,c9b4efc6-ce33-4cb7-8bcf-b597cbf9f697,DarkForest,Cixin Liu,Unknown,
76,01/09/2024,BBB Meetup #76,Bookworm,8ca7d6b7-1ff1-493b-b6fb-06f0630da246,DarkMatter,BlakeCrouch,Unknown,
76,01/09/2024,BBB Meetup #76,Bookworm,b7a7e7f4-2dc3-41e2-9aa1-440f060ebc57,DesigningDataIntensiveApplications,MartinKleppmann,Unknown,
76,01/09/2024,BBB Meetup #76,Bookworm,11242f67-0982-4be9-8066-a2b85c65d16c,DesperatelySeekingShahRukh,Shrayana Bhattacharya,Unknown,
76,01/09/2024,BBB Meetup #76,Bookworm,f9b92264-1277-4152-aeb1-e00181e4257a,DutchShortStoriesforBeginners,LingoMastery,Unknown,
76,01/09/2024,BBB Meetup #76,Bookworm,20bb86f2-66a0-4f38-b2e5-98ea657d940d,FromPhansiYard,SudhaBharadwaj,Unknown,
76,01/09/2024,BBB Meetup #76,Bookworm,42064e15-5fe2-451f-af16-29b207c3ffb5,HowtoTalktoyourCataboutGunSafety,ZacharyAuburn,Unknown,
76,01/09/2024,BBB Meetup #76,Bookworm,0136eb4d-ce34-47e7-b8b9-4c6b7ad71271,JadeWar,FondaLee,Unknown,
76,01/09/2024,BBB Meetup #76,Bookworm,eb3348bd-6c28-4dfb-9ef0-546abb31f666,MalevolentRepublic,Komireddi,Unknown,
76,01/09/2024,BBB Meetup #76,Bookworm,6f4a81c9-845f-4d69-bbc2-88ad2893c580,Palestine,JoeSacco,Unknown,
76,01/09/2024,BBB Meetup #76,Bookworm,985ce398-a836-4d80-a7df-8e753c8dac60,PeopleWhoTalkedtoStuedAnimalsareNice,OmaeAo,Unknown,
76,01/09/2024,BBB Meetup #76,Bookworm,8e27f75d-7c5f-46a0-a16e-331112caee2d,"Power,Sex,Suicide",NickLane,Unknown,
76,01/09/2024,BBB Meetup #76,Bookworm,5cfa7805-524b-4b77-b9e4-781ec852cf6e,RemarkablyBrightCreatures,ShelbyVanPelt,Unknown,
76,01/09/2024,BBB Meetup #76,Bookworm,e086518b-6e21-44c5-b6c7-d7dc046fe8c1,RentalPersonwhodoesnothing,ShojiMorimoto,Unknown,
76,01/09/2024,BBB Meetup #76,Bookworm,487bb002-9156-41da-891c-7ac79b1d8fc7,StolenFocus,JohannHari,Unknown,
76,01/09/2024,BBB Meetup #76,Bookworm,021fb515-67c5-43de-adb7-2e7e9d9df740,TheArtofStillness,PicoIyer,Unknown,
76,01/09/2024,BBB Meetup #76,Bookworm,fcd166a6-5b6b-46f7-b3df-4aec6f32861e,TheBookofEmperors,AshwithaJayakumar,Unknown,
76,01/09/2024,BBB Meetup #76,Bookworm,b039c2b2-d7c6-4ba5-880d-f5b4f09a742c,TheCouragetobeDisliked,IchiroKishimi,Unknown,
76,01/09/2024,BBB Meetup #76,Bookworm,69acd910-9334-4b15-a769-af5e81b7792a,TheDayIBecameaRunner,SohiniChattopadhyay,Unknown,
76,01/09/2024,BBB Meetup #76,Bookworm,93a08450-ea5d-46b4-81bf-6be43fd3b564,TheFullMoonCoeeShop,MaiMochizuki,Unknown,
76,01/09/2024,BBB Meetup #76,Bookworm,6f43dedb-ddec-4adf-bf51-77a5bd218c73,TheGodoftheWoods,LizMoore,Unknown,
76,01/09/2024,BBB Meetup #76,Bookworm,2bd518ce-8f40-4d6f-85eb-1d10fd29a7d6,TheGoodbyeCat,HiroArikawa,Unknown,
76,01/09/2024,BBB Meetup #76,Bookworm,50f95d98-dc05-4a8a-96e2-c87d8659364e,TheGormenghastTrilogy,MervynPeake,Unknown,
76,01/09/2024,BBB Meetup #76,Bookworm,a5cf8667-cf7b-4a50-8275-8f9cfb2727fb,TheLastEmperor,Unknown,Unknown,
76,01/09/2024,BBB Meetup #76,Bookworm,068cf512-05bf-441f-8ea8-4cfa0b3367b7,TheManyLivesofSyedaX,NehaDixit,Unknown,
76,01/09/2024,BBB Meetup #76,Bookworm,eeeeefaf-3092-4b61-9dd0-97543f5746bc,TheMonkeyandtheMonk,WuCheng’en,Unknown,
76,01/09/2024,BBB Meetup #76,Bookworm,eeeeefaf-3092-4b61-9dd0-97543f5746bc,TheMonkeyandtheMonk,WuCheng’en,Unknown,
76,01/09/2024,BBB Meetup #76,Bookworm,aff79b88-85f2-4618-8b67-ae109e8da82d,TheMysteriousAairatStyles,Agatha Christie,Unknown,
76,01/09/2024,BBB Meetup #76,Bookworm,e4a6693c-32d7-4028-a062-50f0cf9dcac8,TheUndergroundRailroad,ColsonWhitehead,Unknown,
76,01/09/2024,BBB Meetup #76,Bookworm,3d923f55-ede6-4f1c-b96c-e79f892756e3,ThereareRiversintheSky,ElifShafak,Unknown,
76,01/09/2024,BBB Meetup #76,Bookworm,8ee6cb37-0d8a-4d34-a71a-47025cfed628,ThreeBlueOneBrown,YouTubechannel,Unknown,
76,01/09/2024,BBB Meetup #76,Bookworm,cea8e278-a3fb-48b7-b0aa-efbfeaff2b0b,Upheaval,Jared Diamond,Unknown,
76,01/09/2024,BBB Meetup #76,Bookworm,9a635b08-7b83-4c66-b454-009e4eb1521f,VinayLeo,Unknown,Unknown,
76,01/09/2024,BBB Meetup #76,Bookworm,deeb6d18-c0c7-409b-a027-c676cb960837,"WhyWeKneel,HowWeRise",MichaelHolding,Unknown,
76,01/09/2024,BBB Meetup #76,Bookworm,f57ea8a7-b2f9-4c4b-9c3e-5b599904ab85,WitchesAbroad,Terry Pratchett,Unknown,
76,01/09/2024,BBB Meetup #76,Bookworm,ab493b88-adce-441b-b396-91abbf5871f0,https://youtube.com/@3blue1brown?si=x3mspHRVD7RCTogS,Unknown,Unknown,
76,01/09/2024,BBB Meetup #76,Bookworm,e91aa2b2-239e-4d2b-9158-e26ddf841259,nice,Unknown,Unknown,
75,01/08/2024,BBB Meetup #75,Bookworm,07dc56e1-67e4-4d14-a1b7-8d950e330203,AFirestorminParadise,RanaSafvi,Unknown,
75,01/08/2024,BBB Meetup #75,Bookworm,987b2576-13e6-43df-a77c-d454a9f5a058,Akbar,Ira Mukhoty,Unknown,
75,01/08/2024,BBB Meetup #75,Bookworm,3fad1693-966e-4fd7-8204-015505f91b59,AmazingSpace,Unknown,Unknown,
75,01/08/2024,BBB Meetup #75,Bookworm,81592f1b-e3cb-465c-99e9-15313715cb65,BorntoRun,ChristopherMcDougall,Unknown,
75,01/08/2024,BBB Meetup #75,Bookworm,888b5053-13c4-4e01-abcd-1422b8cabdc6,BreastsandEggs,Kawakami,Unknown,
75,01/08/2024,BBB Meetup #75,Bookworm,2b831b7a-41cf-434b-9a57-7ec862a79849,CodeTalkers,Unknown,Unknown,
75,01/08/2024,BBB Meetup #75,Bookworm,a09ae950-9e6f-49c0-9892-ba2d5886a239,DaughtersoftheSun,Ira Mukhoty,Unknown,
75,01/08/2024,BBB Meetup #75,Bookworm,75a31ea6-bc2c-4872-b66d-5d64e5d1f382,DaysattheMorisakiBookshop,Satoshi Yagisawa,Unknown,
75,01/08/2024,BBB Meetup #75,Bookworm,8cb57ac3-af89-49f8-a021-b9457644d98b,DeepakVaradarajan,Unknown,Unknown,
75,01/08/2024,BBB Meetup #75,Bookworm,1be78bf0-a39c-4912-b2b0-1dddbb44a3f1,DeeptiSrivatsan,Unknown,Unknown,
75,01/08/2024,BBB Meetup #75,Bookworm,f37f4353-dfd3-4a20-a24a-5e5986e9413c,DemocracyontheRoad,RuchirSharma,Unknown,
75,01/08/2024,BBB Meetup #75,Bookworm,c3fa46fd-ff5d-43fe-963c-0a6c83331d2b,Disquiet,Unknown,Unknown,
75,01/08/2024,BBB Meetup #75,Bookworm,1501398c-3eee-4365-9bef-db33c69082de,Educated,TaraWestover,Unknown,
75,01/08/2024,BBB Meetup #75,Bookworm,09922854-b8b8-4efe-965c-ca46dae234e1,FindingNouf,ZoeFerraris,Unknown,
75,01/08/2024,BBB Meetup #75,Bookworm,c81f3342-897f-4b75-9d67-8afcc5164e71,FlagsofourFathers(movie),Unknown,Unknown,
75,01/08/2024,BBB Meetup #75,Bookworm,e946d852-4349-404c-a356-e4acbd92ae61,GaudyNight,DorothySayers,Unknown,
75,01/08/2024,BBB Meetup #75,Bookworm,b97459f4-3782-404c-908d-c6e06afca5aa,Giovanni’sRoom,JamesBaldwin,Unknown,
75,01/08/2024,BBB Meetup #75,Bookworm,5e9af4bd-32ce-43e8-b671-928af49161be,Greenlight,KalpanaSwaminathan,Unknown,
75,01/08/2024,BBB Meetup #75,Bookworm,0b88716e-5fdd-4dce-9465-e90428f0e938,HillbillyElegy,JDVance,Unknown,
75,01/08/2024,BBB Meetup #75,Bookworm,ad3e405e-3893-4121-a191-d1d403b9b89c,InSearchofSiraj’sSonandDescendants,NandiniGuha,Unknown,
75,01/08/2024,BBB Meetup #75,Bookworm,333c1967-1fcb-4be8-bbe3-451c2fc9a024,KiranJ,Unknown,Unknown,
75,01/08/2024,BBB Meetup #75,Bookworm,32b89e45-49c8-495d-8fc4-3fe02a4b41df,LettersfromIojima(movie),Unknown,Unknown,
75,01/08/2024,BBB Meetup #75,Bookworm,e296b285-b5cf-43bd-b7a9-03278f4bdfa1,LoneFoxDancing,Ruskin Bond,Unknown,
75,01/08/2024,BBB Meetup #75,Bookworm,dced2a51-312c-40e5-8ce5-e5114082d362,MoreDaysattheMorisakiBookshop,Satoshi Yagisawa,Unknown,
75,01/08/2024,BBB Meetup #75,Bookworm,05c687c6-35d7-4fb1-9c0a-b976c3e5ca2e,"Name,Place,AnimalThing",Unknown,Unknown,
75,01/08/2024,BBB Meetup #75,Bookworm,745a201d-bc71-47ba-a248-88cc937c52a6,Nirakarana,Bhyrappa,Unknown,
75,01/08/2024,BBB Meetup #75,Bookworm,4b344d29-d268-444c-9671-6f64e040c76a,OnwardTowardsOurNobleDeaths,ShigeruMizuki,Unknown,
75,01/08/2024,BBB Meetup #75,Bookworm,a5562730-7f84-4f7c-8cc4-ebaab20c4890,ProjectHailMary,Andy Weir,Unknown,
75,01/08/2024,BBB Meetup #75,Bookworm,1b216e8d-78de-4174-b3c1-c68c4fd1c78f,SilkenGazelles,JokhaAlharti,Unknown,
75,01/08/2024,BBB Meetup #75,Bookworm,3aaeb249-eca6-41cd-847a-73e28125cfea,StationEleven,Emily St. John Mandel,Unknown,
75,01/08/2024,BBB Meetup #75,Bookworm,fcd166a6-5b6b-46f7-b3df-4aec6f32861e,TheBookofEmperors,AshwithaJayakumar,Unknown,
75,01/08/2024,BBB Meetup #75,Bookworm,e7629924-e331-4d9f-a7b3-d5a79df5b8eb,TheCatWhoSavedBooks,SosukeNatsukawa,Unknown,
75,01/08/2024,BBB Meetup #75,Bookworm,7d1a3cfa-1d25-4564-9076-cc77684c90b4,TheEverythingWar,DanaMattioli,Unknown,
75,01/08/2024,BBB Meetup #75,Bookworm,21b39993-0bf3-40e9-866f-fe9022664420,TheGiantBookofBedtimeStories,Unknown,Unknown,
75,01/08/2024,BBB Meetup #75,Bookworm,0bb31be9-d600-4fbd-bbf2-fdd7b36dfa9a,TheGiantBookofFairyTales,Unknown,Unknown,
75,01/08/2024,BBB Meetup #75,Bookworm,a0f32490-a1ba-4628-a143-9ceff2aa2aae,TheHouseoftheSpirits,Isabel Allende,Unknown,
75,01/08/2024,BBB Meetup #75,Bookworm,52180bf2-9a00-48bb-b56f-dcd6fc23c797,TheIdentityProject,RahulBhatia,Unknown,
75,01/08/2024,BBB Meetup #75,Bookworm,89c6fcc7-1a98-4bc3-89ee-e48e205266e1,TheLionWomanofTehran,MarjanKamali,Unknown,
75,01/08/2024,BBB Meetup #75,Bookworm,aff79b88-85f2-4618-8b67-ae109e8da82d,TheMysteriousAairatStyles,Agatha Christie,Unknown,
75,01/08/2024,BBB Meetup #75,Bookworm,a7b2f8ac-9f64-4911-884e-85eeda0b94a1,ThePrince,Machiavelli,Unknown,
75,01/08/2024,BBB Meetup #75,Bookworm,558bb2a8-7d6e-4722-994d-963971a4f2c1,TheSavageDetectives,RobertoBolano,Unknown,
75,01/08/2024,BBB Meetup #75,Bookworm,041ca65c-79c6-44ad-a27d-7d9ceb4227c2,TheUltimateHitchhiker’sGuidetotheGalaxy,Douglas Adams,Unknown,
75,01/08/2024,BBB Meetup #75,Bookworm,c450bd5e-6892-445e-9611-64e2ea84f805,ToHell&Back,NikiLauda,Unknown,
75,01/08/2024,BBB Meetup #75,Bookworm,0d0a7ece-0874-4a3e-979d-35f2836fe001,Ukiyoe-daysHaikumoments,BinaSarkar,Unknown,
75,01/08/2024,BBB Meetup #75,Bookworm,9a635b08-7b83-4c66-b454-009e4eb1521f,VinayLeo,Unknown,Unknown,
75,01/08/2024,BBB Meetup #75,Bookworm,07d3fd26-9d09-448d-a956-1d04e9a409e1,WhatWentWrongwithCapitalism,RuchirSharma,Unknown,
75,01/08/2024,BBB Meetup #75,Bookworm,423adeeb-fcee-41b4-ad14-6914fea41aff,WhiteNights,Dostoyevsky,Unknown,
74,01/07/2024,BBB Meetup #74,Bookworm,b3ab78ac-14bd-4f6f-aa54-c8c0e8411c1d,(Roberto Bolaño),Unknown,Unknown,
74,01/07/2024,BBB Meetup #74,Bookworm,49693046-60cc-4a1f-ada2-72d5f64c4907,A Brief History of Seven Killings,Marlon James,Unknown,
74,01/07/2024,BBB Meetup #74,Bookworm,76129e12-a269-4129-868d-a71c53a3194a,A Squash and a Squeeze,Julia Donaldson,Unknown,
74,01/07/2024,BBB Meetup #74,Bookworm,5ffdb423-010d-414e-b4b8-9be5879d653b,ANAND .G,Unknown,Unknown,
74,01/07/2024,BBB Meetup #74,Bookworm,f843be41-a5e1-47fc-a137-ae2a62d2c6cd,Analog/Virtual,Lavanya Lakshminarayan,Unknown,
74,01/07/2024,BBB Meetup #74,Bookworm,7712a4b4-624e-42a4-835d-bf2e20c83daf,As Long as the Lemon Tree Grows,Zoulfa Katouh,Unknown,
74,01/07/2024,BBB Meetup #74,Bookworm,66e241eb-25e1-404e-a23c-d6f16bc1bc5e,Brotherless Night,V.V. Ganeshananthan,Unknown,
74,01/07/2024,BBB Meetup #74,Bookworm,0b2b180a-838f-4a28-8b01-d0e662d9f1e1,Dangerlok,Eunice de Souza,Unknown,
74,01/07/2024,BBB Meetup #74,Bookworm,1317e455-cc07-4c18-99c3-4b664a860692,Death's End,Cixin Liu,Unknown,
74,01/07/2024,BBB Meetup #74,Bookworm,e63b2a44-6305-4b5b-ba1f-7b920403b551,Deepak T,Unknown,Unknown,
74,01/07/2024,BBB Meetup #74,Bookworm,fdfc191a-6484-4f52-bfa5-164509b3ddee,Deepak V,Unknown,Unknown,
74,01/07/2024,BBB Meetup #74,Bookworm,1c5bc261-9ad2-4922-ba53-fa6f3ed609ef,Divine Rivals,Rebecca Ross,Unknown,
74,01/07/2024,BBB Meetup #74,Bookworm,89da49bd-ab85-416f-a2cc-fb1a63e00b70,Driven to Destruction,Stefan Koldehoff and Tobias Timm,Unknown,
74,01/07/2024,BBB Meetup #74,Bookworm,b0bb5d9e-7952-43d7-8dc2-3b9e9ff923f5,Firefly Lane,Kristin Hannah,Unknown,
74,01/07/2024,BBB Meetup #74,Bookworm,0d2de812-ec03-494d-b98e-8fc1de55ed25,I've Never Been (Un)Happier,Dehlia Ephron,Unknown,
74,01/07/2024,BBB Meetup #74,Bookworm,bbdf3401-1000-4213-88ed-7e3313b61508,Karna's Wife,Kavita Kané,Unknown,
74,01/07/2024,BBB Meetup #74,Bookworm,8381b46e-46e4-447e-9b92-5e515c564ed0,Lonely Heart Bookstore,Gu Byeong-mo,Unknown,
74,01/07/2024,BBB Meetup #74,Bookworm,d55e0d49-36c7-4670-a455-ef5207f59b3c,Matilda,Roald Dahl,Unknown,
74,01/07/2024,BBB Meetup #74,Bookworm,308b458f-f1da-4617-a14d-1f2685c8db0b,More Days at the Morisaki Bookshop,Satoshi Yagisawa,Unknown,
74,01/07/2024,BBB Meetup #74,Bookworm,6ee017e0-7736-4ebf-8974-e9684b3ae8be,Pirate Enlightenment,David Graeber,Unknown,
74,01/07/2024,BBB Meetup #74,Bookworm,4af10046-255f-4c8f-80e3-7ad1314092a7,Smaller and Smaller Circles,F.H. Batacan,Unknown,
74,01/07/2024,BBB Meetup #74,Bookworm,44beef2d-cb46-41d9-b5a0-b4bfa6580367,Something Like an Autobiography,Akira Kurosawa,Unknown,
74,01/07/2024,BBB Meetup #74,Bookworm,06b04867-9d52-4727-804c-910489b50f2d,The Almanack of Naval Ravikant,Eric Jorgenson,Unknown,
74,01/07/2024,BBB Meetup #74,Bookworm,3587e7ef-22bd-4679-9c4a-5fa8230debf0,"The Greatest Gujarati Stories (Various authors, edited",Rita Kothari),Unknown,
74,01/07/2024,BBB Meetup #74,Bookworm,76f0ff5e-5ac7-4c4c-a2a1-664d5bd5f866,The Haunted Bookshop,Christopher Morley,Unknown,
74,01/07/2024,BBB Meetup #74,Bookworm,d6be0d93-d20e-4e7f-8031-7207870dcbd9,The House of the Spirits,Isabel Allende,Unknown,
74,01/07/2024,BBB Meetup #74,Bookworm,7ac48a1b-9883-4f83-bd1e-f97f9f7df674,The Lost Daughter,Elena Ferrante,Unknown,
74,01/07/2024,BBB Meetup #74,Bookworm,f8ca0fae-7407-42bd-baf9-6dcb7b85dfb8,The Nutmeg's Curse,Amitav Ghosh,Unknown,
74,01/07/2024,BBB Meetup #74,Bookworm,955a37ff-73a3-47d6-907f-dfda054fb44a,The Pyramid Principle,Barbara Minto,Unknown,
74,01/07/2024,BBB Meetup #74,Bookworm,49a995c8-64df-4ada-ba3b-92221c553370,The Silence of Bones,June Hur,Unknown,
74,01/07/2024,BBB Meetup #74,Bookworm,d6b2c67f-54cd-423a-9efe-b4b5140e9d7f,The Story of Human Language,John McWhorter,Unknown,
74,01/07/2024,BBB Meetup #74,Bookworm,8af68c8c-d726-4897-9d28-3b12e0d7ab1c,The Story of a Brief Marriage,Anuk Arudpragasam,Unknown,
74,01/07/2024,BBB Meetup #74,Bookworm,da8bd275-fe72-4cb5-a766-21086bd22fec,The Stuff of Thought,Steven Pinker,Unknown,
74,01/07/2024,BBB Meetup #74,Bookworm,2b335b93-058f-48b9-8219-98479aa0cf6b,Under Jerusalem,Andrew Lawler,Unknown,
74,01/07/2024,BBB Meetup #74,Bookworm,8eb8962f-1fa4-431e-83ab-49c80809dd16,∙ The Song of the Cell,Siddhartha Mukherjee,Unknown,
74,01/07/2024,BBB Meetup #74,Bookworm,c38c2943-1d40-4c11-8845-86b3588620c6, Days at the Morisaki Bookshop,Satoshi Yagisawa,Unknown,
74,01/07/2024,BBB Meetup #74,Bookworm,f9e2df90-b239-453e-b0b0-8ce2c8f2274c, I want to Die but I want to eat Tteokbokki,BaekSehee,Unknown,
74,01/07/2024,BBB Meetup #74,Bookworm,f9e2df90-b239-453e-b0b0-8ce2c8f2274c, I want to Die but I want to eat Tteokbokki,BaekSehee,Unknown,
74,01/07/2024,BBB Meetup #74,Bookworm,be526a69-6199-4747-94f4-51d93e9a58fd, The Latke Who Couldn’t Stop Screaming,Lemony Snicket (,Unknown,
73,01/06/2024,BBB Meetup #73,Bookworm,9a8ebe5d-5a00-4341-af9a-3bda79560d1c,Alfred Hitchcock’s,Bomb Theory,Unknown,
73,01/06/2024,BBB Meetup #73,Bookworm,42eec781-4b6b-4871-a5f5-942f4eada30d,An Ordinary Person's Guide to Empire,Arundhati Roy,Unknown,
73,01/06/2024,BBB Meetup #73,Bookworm,f843be41-a5e1-47fc-a137-ae2a62d2c6cd,Analog/Virtual,Lavanya Lakshminarayan,Unknown,
73,01/06/2024,BBB Meetup #73,Bookworm,ae3d87e0-aff6-46aa-8e79-ea543d516073,Beach Read,Emily Henry,Unknown,
73,01/06/2024,BBB Meetup #73,Bookworm,d5c75ca3-bea5-4a8f-8c5b-5ddfab83b2fc,Butter,Erin Jade Lange,Unknown,
73,01/06/2024,BBB Meetup #73,Bookworm,5280f68a-30d7-4e00-ac1c-29ac3f9a9712,Carrie,Stephen King,Unknown,
73,01/06/2024,BBB Meetup #73,Bookworm,fa14fc00-a253-4d55-bb8f-60923ef14107,Central Asia: A New History from the Imperial Conquests to the Present (Adeeb,Unknown,Unknown,
73,01/06/2024,BBB Meetup #73,Bookworm,fdfc191a-6484-4f52-bfa5-164509b3ddee,Deepak V,Unknown,Unknown,
73,01/06/2024,BBB Meetup #73,Bookworm,3310c55e-8bec-4c33-853d-4ecbd7b5258a,Fairy Tales,Hermann Hesse,Unknown,
73,01/06/2024,BBB Meetup #73,Bookworm,8f0c26c1-66a7-49f1-90eb-602f5e71a0a8,Gentle Reminder,Bianca Sparacino,Unknown,
73,01/06/2024,BBB Meetup #73,Bookworm,410b651d-553f-4795-bd2f-3144c8eb88a8,Harsha (wants historical fiction recommendations),Unknown,Unknown,
73,01/06/2024,BBB Meetup #73,Bookworm,c4b420fe-f64a-4fa5-aa60-ca251f4ca600,House of Leaves,Mark Z. Danielewski,Unknown,
73,01/06/2024,BBB Meetup #73,Bookworm,70f8e88b-90cf-4c01-a62a-ec7dfbf63cdd,Jonasson),Unknown,Unknown,
73,01/06/2024,BBB Meetup #73,Bookworm,7a2d60eb-5673-44be-bd7f-8c6e9c6e8d4f,Khalid),Unknown,Unknown,
73,01/06/2024,BBB Meetup #73,Bookworm,23e31a00-15c7-47d4-9cb3-3a40d7e4f80d,Lullaby,Chuck Palahniuk,Unknown,
73,01/06/2024,BBB Meetup #73,Bookworm,dc1a473d-9df4-443d-80da-9c83a3e1388b,Paul Thomas Anderson (director of There Will,Be Blood),Unknown,
73,01/06/2024,BBB Meetup #73,Bookworm,82e07171-fe9c-4b67-92b0-95bbf18b8233,Planet of Exile,Ursula K Le Guin,Unknown,
73,01/06/2024,BBB Meetup #73,Bookworm,687bd3eb-f634-4dab-a7cf-ec00c12438a4,Roman Stories,Jhumpa Lahiri,Unknown,
73,01/06/2024,BBB Meetup #73,Bookworm,c310d405-78b1-4da9-bb01-742edd9fe61a,Rubicon,Tom Holland,Unknown,
73,01/06/2024,BBB Meetup #73,Bookworm,34ef213c-aea2-4897-abfe-ef2eef57ab46,Santhosh,M P,Unknown,
73,01/06/2024,BBB Meetup #73,Bookworm,8403a778-e64c-4b89-a41b-511240747a50,Survivor (Chuck Palahniuk) / Fight Club,Chuck Palahniuk,Unknown,
73,01/06/2024,BBB Meetup #73,Bookworm,8e4b29e7-723b-44f2-91a5-7f912270aef1,Tejo Tungabhadra,Venkatesh Ramakrishnan,Unknown,
73,01/06/2024,BBB Meetup #73,Bookworm,16ac52ff-1964-4841-a2bb-ecaef712a620,The Boy with the Bookstore,Sarah Echavarre Smith,Unknown,
73,01/06/2024,BBB Meetup #73,Bookworm,7b701e6f-72c2-4c97-9666-15b3c5810a82,The Calcutta Chromosome,Amitav Ghosh,Unknown,
73,01/06/2024,BBB Meetup #73,Bookworm,ef4fec65-09ca-4bdd-96f6-08ceeec5d1d4,The Dark Forest,Cixin Liu,Unknown,
73,01/06/2024,BBB Meetup #73,Bookworm,beef0965-528a-4dbe-bd0a-1b4fcc76819b,The Fury,Alex Michaelides,Unknown,
73,01/06/2024,BBB Meetup #73,Bookworm,2b17a1f3-dae9-474d-9971-95de9e145c15,The Hundred-Year-Old Man Who Climbed Out the Window and Disappeared (Jonas,Unknown,Unknown,
73,01/06/2024,BBB Meetup #73,Bookworm,5850f0e3-8e3f-4506-b9ea-62cf61adbb5d,The Hungry Tide,Amitav Ghosh,Unknown,
73,01/06/2024,BBB Meetup #73,Bookworm,7da7bc82-9f3b-4d3f-b102-0b1da384de5c,The Last Templar,Raymond Khoury,Unknown,
73,01/06/2024,BBB Meetup #73,Bookworm,d116e950-3ec5-4dc1-8bb9-899033afc0db,The Lonely Hearts Book Club,Lucy Gilmore,Unknown,
73,01/06/2024,BBB Meetup #73,Bookworm,8ca492e6-4832-419b-8b8e-fd278e59be84,The Shards,Bret Easton Ellis,Unknown,
73,01/06/2024,BBB Meetup #73,Bookworm,e12dbbdb-4b90-44a3-938c-49a7657dcb98,The Thursday Murder Club,Richard Osman,Unknown,
73,01/06/2024,BBB Meetup #73,Bookworm,a70d3cb6-62a3-42c6-bc24-04077d76f295,The Tyler Mystery,Francis Durbridge,Unknown,
73,01/06/2024,BBB Meetup #73,Bookworm,04f83d63-e9f9-4cb2-963b-865a010f2f01,The Year of Magical Thinking,Joan Didion,Unknown,
73,01/06/2024,BBB Meetup #73,Bookworm,c82267df-ca85-4e18-b8ab-8b361b866ade,"Titan: The Life of John D. Rockefeller, Sr",Ron Chernow,Unknown,
73,01/06/2024,BBB Meetup #73,Bookworm,c65d6b7c-ee27-4768-af63-efc5c0f7d6a9,What You’re Looking For Is in the Library,Michiko Aoyama,Unknown,
73,01/06/2024,BBB Meetup #73,Bookworm,c8498b9a-4d50-4149-8e3a-e772fb95d818,White Fang,Jack London,Unknown,
72,01/05/2024,BBB Meetup #72,Bookworm,540b7e63-3505-4b8c-aa94-03decf00a475,48 laws of Power,Unknown,Unknown,
72,01/05/2024,BBB Meetup #72,Bookworm,63e235ea-4d36-41b1-a87b-cf762cefe8c0,A far cry from Kensington,Unknown,Unknown,
72,01/05/2024,BBB Meetup #72,Bookworm,ddd96efb-6b08-43f4-87f0-c974acd2c4ab,A psalm for the wild-built,Unknown,Unknown,
72,01/05/2024,BBB Meetup #72,Bookworm,3fcbc9e6-a6b4-4cff-871e-7ceb36a9ab08,ACOTAR,Sarah Maas,Unknown,
72,01/05/2024,BBB Meetup #72,Bookworm,28c4a8b2-f611-49f7-8482-eb1cb69b89cc,Aapka Bunty,Namrata Bhandari,Unknown,
72,01/05/2024,BBB Meetup #72,Bookworm,ce30e2e2-a08a-4d12-9c28-032c8d4dd818,Ahalya’s Awakening,Unknown,Unknown,
72,01/05/2024,BBB Meetup #72,Bookworm,ce30e2e2-a08a-4d12-9c28-032c8d4dd818,Ahalya’s Awakening,Unknown,Unknown,
72,01/05/2024,BBB Meetup #72,Bookworm,d03b98e2-b5c1-4478-a659-20e84dd4b2ff,Among the Russians,Colin Thubron,Unknown,
72,01/05/2024,BBB Meetup #72,Bookworm,e70f80fe-6772-4023-8c02-7b6a68ae18f6,An Immense world,Ed Yong,Unknown,
72,01/05/2024,BBB Meetup #72,Bookworm,6a429815-9e16-4b7d-9313-ebde92eaa7ce,Appupen graphic novel on AI,Unknown,Unknown,
72,01/05/2024,BBB Meetup #72,Bookworm,8792bcd6-286b-42a9-98e4-f64f30ab949b,Around the world in 80 games,Unknown,Unknown,
72,01/05/2024,BBB Meetup #72,Bookworm,0ec74d1e-a20f-4dcd-bd54-838743ea349e,Bad Blood,John Carreyrou,Unknown,
72,01/05/2024,BBB Meetup #72,Bookworm,7d0ddc5f-975f-4912-832d-159364c627ac,Basic AI,Unknown,Unknown,
72,01/05/2024,BBB Meetup #72,Bookworm,edbf435a-2934-4f2a-9af3-f0c405557305,Beach reads,Emily Henry,Unknown,
72,01/05/2024,BBB Meetup #72,Bookworm,f6d93d18-d743-4bf8-8260-45a99a46e584,Bottle of Lies,Katherine Eban,Unknown,
72,01/05/2024,BBB Meetup #72,Bookworm,18458fc2-742f-4154-90fa-64df9b613f2d,Breaking Twitter,Unknown,Unknown,
72,01/05/2024,BBB Meetup #72,Bookworm,8a448274-2d00-4fbb-986d-90af81e348dd,Butcher and blackbird,Unknown,Unknown,
72,01/05/2024,BBB Meetup #72,Bookworm,54b7da48-534c-4087-a9b9-1390fbc60d03,Cubbon Park,Unknown,Unknown,
72,01/05/2024,BBB Meetup #72,Bookworm,bbca3f07-b9ee-4ae0-8c08-b4208e7fe1cf,Cuckoo’s Calling,Unknown,Unknown,
72,01/05/2024,BBB Meetup #72,Bookworm,7d7f259c-60a5-4994-a295-0caa14d19ad2,Daiva,Unknown,Unknown,
72,01/05/2024,BBB Meetup #72,Bookworm,abaed4aa-e7f5-4bd7-8003-9d0571609f8b,Death and the penguin,Andrey Kurkov,Unknown,
72,01/05/2024,BBB Meetup #72,Bookworm,fdfc191a-6484-4f52-bfa5-164509b3ddee,Deepak V,Unknown,Unknown,
72,01/05/2024,BBB Meetup #72,Bookworm,b6b1103d-b6c7-4214-bad0-dd14784a5459,Everything the light touches,Unknown,Unknown,
72,01/05/2024,BBB Meetup #72,Bookworm,be05d44a-b93c-4f0a-bb52-94666d42a1d2,Funny Story,Emily Henry,Unknown,
72,01/05/2024,BBB Meetup #72,Bookworm,6b4d4efd-e292-4f6f-bcaa-adff829082b8,Godfather,Unknown,Unknown,
72,01/05/2024,BBB Meetup #72,Bookworm,6bbcc095-fd80-44fc-9911-99d98ccee0c6,H for heritage,Unknown,Unknown,
72,01/05/2024,BBB Meetup #72,Bookworm,cef5380f-9b95-4b3e-863b-2f4c8ba69e33,How to kill a guy in ten ways,Unknown,Unknown,
72,01/05/2024,BBB Meetup #72,Bookworm,8e07686a-fdd3-4fa5-8e83-2a2cda4ccd8a,How we Vote,Unknown,Unknown,
72,01/05/2024,BBB Meetup #72,Bookworm,a8864d53-de0f-4864-8305-cecfd92d5730,Hyperbole and a half,Unknown,Unknown,
72,01/05/2024,BBB Meetup #72,Bookworm,d3b46eff-8461-41e2-8d59-62207411bc35,Legends and lattes,Unknown,Unknown,
72,01/05/2024,BBB Meetup #72,Bookworm,868dedbf-4a6e-4e08-91d7-bef650c8b1a0,Love and Luck,Jenna Evans Welch,Unknown,
72,01/05/2024,BBB Meetup #72,Bookworm,86bf6a5a-f7a1-4890-b652-f19e047453b8,Manav Kaul,Theek Tumhare peeche,Unknown,
72,01/05/2024,BBB Meetup #72,Bookworm,11f93cf2-20ca-4541-b881-8033cd01aa67,Marginlands,Unknown,Unknown,
72,01/05/2024,BBB Meetup #72,Bookworm,5115f945-c82d-439e-ae51-fe4e502e2a55,Monday to Friday,Shubham Khurana,Unknown,
72,01/05/2024,BBB Meetup #72,Bookworm,d5de6857-cbe6-469b-b456-44900655098e,Murder at the bookstore 👎,Unknown,Unknown,
72,01/05/2024,BBB Meetup #72,Bookworm,d8f5c177-fad4-4aeb-a86a-a0f1323ccaba,Own it,Aparna Jain,Unknown,
72,01/05/2024,BBB Meetup #72,Bookworm,772cc462-0326-4118-b805-1683ef76862d,Psychology of money,Unknown,Unknown,
72,01/05/2024,BBB Meetup #72,Bookworm,44d4788e-0982-4073-a7f0-20589e4d0c72,Ramayana,Bibek Debroy,Unknown,
72,01/05/2024,BBB Meetup #72,Bookworm,1ef918e9-d74e-4eff-b94b-82e29f8c1758,Sentient,Unknown,Unknown,
72,01/05/2024,BBB Meetup #72,Bookworm,0995d149-959f-4e1b-a574-669da0fea46d,She and her cat,Unknown,Unknown,
72,01/05/2024,BBB Meetup #72,Bookworm,f32bc6a3-f6a3-41b6-9dc7-32024212c1ad,Showa,A History of Japan,Unknown,
72,01/05/2024,BBB Meetup #72,Bookworm,2b76e4ff-ecc2-478e-93ee-3fc1a3af1221,Sky album,Unknown,Unknown,
72,01/05/2024,BBB Meetup #72,Bookworm,cd97cd9a-8b1c-4052-9f31-3a99defd5e77,Street,Art Tblisi,Unknown,
72,01/05/2024,BBB Meetup #72,Bookworm,591e7f21-1097-4d0f-b4fa-7b30389bd64d,The Blind Trial,Sulaiman Sait,Unknown,
72,01/05/2024,BBB Meetup #72,Bookworm,415e06ec-506a-4943-8ea9-f6c378593347,The Fisher,Queens Dynasty,Unknown,
72,01/05/2024,BBB Meetup #72,Bookworm,b7556552-aa8b-44b5-8c27-9a51c1d61aaa,The Gift,Frida Mc,Unknown,
72,01/05/2024,BBB Meetup #72,Bookworm,5c1adb64-249e-4c46-8ed9-aa7549d28fac,The Impending Blindness of,Ellie Scott,Unknown,
72,01/05/2024,BBB Meetup #72,Bookworm,98be143d-0435-4277-90fb-1568167f274d,The Ministry for the Future,Unknown,Unknown,
72,01/05/2024,BBB Meetup #72,Bookworm,9b5faeac-7d7f-4428-8e04-8a9b7f0ddcd5,The Years of Corn and Rice,Unknown,Unknown,
72,01/05/2024,BBB Meetup #72,Bookworm,82d35aa4-9f76-47c1-ac90-c5d66e9bab7d,The genius maker,Unknown,Unknown,
72,01/05/2024,BBB Meetup #72,Bookworm,0b8a9540-eb6a-4b03-a61e-188a206c18cc,The unfortunate side effects of heartbreak and magic,Unknown,Unknown,
72,01/05/2024,BBB Meetup #72,Bookworm,a36af0ad-50d5-412b-9916-7472a071b336,The worlds I see,Fei Fei Li,Unknown,
72,01/05/2024,BBB Meetup #72,Bookworm,88ce3c6c-f217-4331-ad63-c896ef67df8e,Travels by a lesser line,Unknown,Unknown,
72,01/05/2024,BBB Meetup #72,Bookworm,eec86743-3715-4299-beab-93bfceb333a6,Truth pill,Unknown,Unknown,
72,01/05/2024,BBB Meetup #72,Bookworm,3e3a6827-968f-4cdc-aa8d-c4fd77232872,Unboxing Bangalore,Unknown,Unknown,
72,01/05/2024,BBB Meetup #72,Bookworm,d52732b5-ae1f-4660-a14c-5042531748a0,Unheard,BhavinI bhargava,Unknown,
72,01/05/2024,BBB Meetup #72,Bookworm,ed32dd11-28aa-4dce-8284-e2eea84f672c,mindy kaling shorts,Unknown,Unknown,
71,01/04/2024,BBB Meetup #71,Bookworm,3ae242f3-afd2-4a3f-9afc-5134be382973,12 Rules for Life,Unknown,Unknown,
71,01/04/2024,BBB Meetup #71,Bookworm,338253ca-d806-40a8-a6cd-80aa33a009dd,Abhiram,Unknown,Unknown,
71,01/04/2024,BBB Meetup #71,Bookworm,c1552a1b-9830-4a49-8363-d0ebc7446c5f,Adventures of Huckleberry Finn,Mark Twain,Unknown,
71,01/04/2024,BBB Meetup #71,Bookworm,a0958626-77fe-45e1-a8fe-cb971d734432,Anindita,Unknown,Unknown,
71,01/04/2024,BBB Meetup #71,Bookworm,4475cb53-476c-4749-9a8f-9537dd6238e6,BBB,Meet-up 71,Unknown,
71,01/04/2024,BBB Meetup #71,Bookworm,df908fcd-0932-473e-ae2c-e4121b6416df,Bharath,Unknown,Unknown,
71,01/04/2024,BBB Meetup #71,Bookworm,2160b0c9-b173-41ce-866e-bcd5b838f4ac,Breasts and eggs,Unknown,Unknown,
71,01/04/2024,BBB Meetup #71,Bookworm,3ef5d386-038a-4264-834f-309b4e216eaf,Consolations (recordings) David whyte,Unknown,Unknown,
71,01/04/2024,BBB Meetup #71,Bookworm,d68474f9-e79c-4899-8e06-ea0c183d3ae4,Dark places,Gillian Flynn,Unknown,
71,01/04/2024,BBB Meetup #71,Bookworm,87cbf815-e704-407f-93e6-d0240c878c90,Darshan,Unknown,Unknown,
71,01/04/2024,BBB Meetup #71,Bookworm,fdfc191a-6484-4f52-bfa5-164509b3ddee,Deepak V,Unknown,Unknown,
71,01/04/2024,BBB Meetup #71,Bookworm,62498adb-a67d-4136-84fc-ec9ca7ac4e54,Deepti,Unknown,Unknown,
71,01/04/2024,BBB Meetup #71,Bookworm,48fc2627-a949-428a-800f-9eaf920bb966,Elder race {novella},Unknown,Unknown,
71,01/04/2024,BBB Meetup #71,Bookworm,3ab753c1-08ce-4a97-a27f-55512ffec047,Gulag Archipelago,Unknown,Unknown,
71,01/04/2024,BBB Meetup #71,Bookworm,2e02afdb-a0c4-4435-bbfc-e564aff62a21,His Majesty’s Headhunters: The Siege of Kohima that Shaped,World His,Unknown,
71,01/04/2024,BBB Meetup #71,Bookworm,d730236f-949c-4010-be9a-cabdced4a3e2,How to raise a healthy gamer,Dr Alok Kanodia,Unknown,
71,01/04/2024,BBB Meetup #71,Bookworm,7caf335b-7c8e-4aa5-a85b-39727c0d8ea9,It’s lonely at the centre of the earth,Unknown,Unknown,
71,01/04/2024,BBB Meetup #71,Bookworm,b333fec7-3221-4d44-bf42-a54ff2d863a6,Joy,Unknown,Unknown,
71,01/04/2024,BBB Meetup #71,Bookworm,4571232f-fb5e-496c-bb4f-60ce295f4387,Jyoti,Unknown,Unknown,
71,01/04/2024,BBB Meetup #71,Bookworm,609471da-e653-4dcb-a898-cb24ad1322a3,Leah,Unknown,Unknown,
71,01/04/2024,BBB Meetup #71,Bookworm,51a8cf39-c4ae-4d53-ab0c-8d9ac3af4fda,Maktub,Unknown,Unknown,
71,01/04/2024,BBB Meetup #71,Bookworm,c76a1213-fa1d-47c9-a933-04374dd22676,No presents please,Unknown,Unknown,
71,01/04/2024,BBB Meetup #71,Bookworm,886111d7-dced-432b-9991-48be6c7157c1,Notes from the Underground,Fyodor Dostoevsky,Unknown,
71,01/04/2024,BBB Meetup #71,Bookworm,0d61ed92-0257-4063-82ca-46db876436f3,O’Henry’s short stories,Unknown,Unknown,
71,01/04/2024,BBB Meetup #71,Bookworm,a60704db-168a-41f1-9cf9-b2b8d9d09e44,Player of Games : culture series,Unknown,Unknown,
71,01/04/2024,BBB Meetup #71,Bookworm,ed5965c6-67f9-4879-aa17-4ffeb87e73e7,Pradeep,Unknown,Unknown,
71,01/04/2024,BBB Meetup #71,Bookworm,032e4161-e761-42b1-89aa-80a073c0d177,Prince of Persia,Unknown,Unknown,
71,01/04/2024,BBB Meetup #71,Bookworm,02c2f9cc-9115-4bd9-a428-56f862f08766,Sameer,Unknown,Unknown,
71,01/04/2024,BBB Meetup #71,Bookworm,293e224a-9f9c-4d24-ae06-03bcf4d4cde6,Sea prayer,Khaled Hosseini,Unknown,
71,01/04/2024,BBB Meetup #71,Bookworm,0995d149-959f-4e1b-a574-669da0fea46d,She and her cat,Unknown,Unknown,
71,01/04/2024,BBB Meetup #71,Bookworm,c099814e-ab73-4cec-8996-99890facdd16,Shivankar,Unknown,Unknown,
71,01/04/2024,BBB Meetup #71,Bookworm,2a80ab4b-b84a-4b7b-baac-a47c89ecf388,Short history of tractors in Ukrainian,Unknown,Unknown,
71,01/04/2024,BBB Meetup #71,Bookworm,242055d6-e279-4705-9975-337a8367638e,Shubham,Unknown,Unknown,
71,01/04/2024,BBB Meetup #71,Bookworm,cb54a834-735e-4529-8038-0851f876c131,Smriti,Unknown,Unknown,
71,01/04/2024,BBB Meetup #71,Bookworm,a296ba66-1dca-4b8e-b315-c3dc8d0d86a0,Spy among friends,Unknown,Unknown,
71,01/04/2024,BBB Meetup #71,Bookworm,2f38b400-0b26-4814-a432-cfaabadfafd0,The Meiji,Guillotine Murders,Unknown,
71,01/04/2024,BBB Meetup #71,Bookworm,e132ff18-7b62-43a0-998e-eb66124b5be8,The missing file,D A Mishani,Unknown,
71,01/04/2024,BBB Meetup #71,Bookworm,f71fe31b-32c6-44b1-8dbb-7d1a7c127d11,The secret garden,Unknown,Unknown,
71,01/04/2024,BBB Meetup #71,Bookworm,d03e1b82-e523-4567-aa88-b18b157a2209,The shortest history of Israel and palestine,Unknown,Unknown,
71,01/04/2024,BBB Meetup #71,Bookworm,eaf39a92-6993-4c34-98af-4c1185115342,The women,Kristin Hannah,Unknown,
71,01/04/2024,BBB Meetup #71,Bookworm,4e0bdc29-88d9-4533-85d8-15ef61911dcf,Vinay,Unknown,Unknown,
71,01/04/2024,BBB Meetup #71,Bookworm,898ed5ea-98ef-4429-b88e-3ee2a8053a08,Vintage,Olivia darling,Unknown,
71,01/04/2024,BBB Meetup #71,Bookworm,dc052fd6-9c6e-4621-b4b8-951df6ca6b17,When things fall apart,Unknown,Unknown,
71,01/04/2024,BBB Meetup #71,Bookworm,2fd17b44-92a0-41c9-a3e6-bde478ee7e57,cockpit confidential,Patrick Smith,Unknown,
71,01/04/2024,BBB Meetup #71,Bookworm,f4bb8232-4465-4492-a39c-9178255afb84,tory,MmhonlumoKikon,Unknown,
70,01/03/2024,BBB Meetup #70,Bookworm,08777120-f3a0-4cc3-88f8-423b14a772d8,AlltheLivesWeNeverLived,AnuradhaRoy,Unknown,
70,01/03/2024,BBB Meetup #70,Bookworm,c4019a6e-93fd-4449-b5bd-35ba871c31c1,AndherNagari&OtherStories,AmarChitraKatha,Unknown,
70,01/03/2024,BBB Meetup #70,Bookworm,4893dc62-0604-4565-8a6c-83e8f3defb21,BangaloreThroughTheCenturies,FazlulHasan,Unknown,
70,01/03/2024,BBB Meetup #70,Bookworm,a35b156a-e579-4728-b34e-e0cd0e60a2a9,BirdingtoChangetheWorld,TrishO’Kane,Unknown,
70,01/03/2024,BBB Meetup #70,Bookworm,4dc90262-98a4-4f8c-b56a-be96ad39dbb3,ConsiderPhlebas,IainBanks,Unknown,
70,01/03/2024,BBB Meetup #70,Bookworm,05fcb711-3a30-41c0-8893-1f2c31aff65a,DaevabadTrilogy,SAChakraborty,Unknown,
70,01/03/2024,BBB Meetup #70,Bookworm,64da770d-84e4-4054-991e-f98284eb6531,DaughtersofJorasanko,ArunaChakravarti,Unknown,
70,01/03/2024,BBB Meetup #70,Bookworm,db0c5f24-61f7-45ba-9ab4-6443f23281b9,DevoteesofVishnu,AmarChitraKatha,Unknown,
70,01/03/2024,BBB Meetup #70,Bookworm,a032270c-83c6-4238-83c0-9751fb3efa81,Disoriental,NegarDjavadi,Unknown,
70,01/03/2024,BBB Meetup #70,Bookworm,74c6fed6-0a44-4d9b-9c64-912c90cc4fdb,DreamMachine,Appupen,Unknown,
70,01/03/2024,BBB Meetup #70,Bookworm,e06e06b8-3eb1-4d19-adc0-06a60372fae1,EarlyIndians,Tony Joseph,Unknown,
70,01/03/2024,BBB Meetup #70,Bookworm,d7f74e5d-85d4-4511-955c-53b65c11e289,FirstLight,SunilGangopadhyay,Unknown,
70,01/03/2024,BBB Meetup #70,Bookworm,d87ba409-71e4-4c84-8916-1e2398fdb6e1,FromManjunathtoManjamma,JogatiManjamma,Unknown,
70,01/03/2024,BBB Meetup #70,Bookworm,9e9cd1a6-fc6b-4dc8-8590-d7ff0eeafd0b,HelloWorld,HannahFry,Unknown,
70,01/03/2024,BBB Meetup #70,Bookworm,6e894084-55a2-46e7-bbd2-2876c7d3d235,HeroesfromtheMahabharata,AmarChitraKatha,Unknown,
70,01/03/2024,BBB Meetup #70,Bookworm,196036ec-4dbf-4b03-9939-4cef909517ee,HisMajesty'sHeadhunters,MmhonlumoKikon,Unknown,
70,01/03/2024,BBB Meetup #70,Bookworm,2e5c1912-9a25-4082-9b03-2716509babd2,IWanttoDiebutIWanttoEatTteokbokki,BaekSehee,Unknown,
70,01/03/2024,BBB Meetup #70,Bookworm,5a69ca36-faaa-4131-9e8b-525ae25eef64,IndiaTreasures,GaryWorthington,Unknown,
70,01/03/2024,BBB Meetup #70,Bookworm,04e88b8b-d2f0-40de-828f-b9a4788ae1f0,IndianChristmas,Jerry Pinto,Unknown,
70,01/03/2024,BBB Meetup #70,Bookworm,8f6b6111-c38f-4ff9-a9d2-8b206c057eb0,Maya,GeorgeThundiparambil,Unknown,
70,01/03/2024,BBB Meetup #70,Bookworm,8362395b-4060-4b22-a6a1-c05873a1b980,MiddleoftheNight,Riley Sager,Unknown,
70,01/03/2024,BBB Meetup #70,Bookworm,17f8fede-06f4-4287-9de4-a3b1b391c249,Moss-ladenWalls,TejiSethi,Unknown,
70,01/03/2024,BBB Meetup #70,Bookworm,7c06798b-781e-48af-a239-d95a42c77d04,Mumbai'sDabbawala,ShobhaBondre,Unknown,
70,01/03/2024,BBB Meetup #70,Bookworm,05013d96-2437-48ce-bb56-7982f88d8f87,Nireeshwaran,VJ James,Unknown,
70,01/03/2024,BBB Meetup #70,Bookworm,5fc66cfa-0d6f-47d7-881e-48f3013e5c7e,NotesonGrief,Chimamanda Ngozi Adichie,Unknown,
70,01/03/2024,BBB Meetup #70,Bookworm,76c71087-16a5-43be-90bb-500955278ef3,OnPalestine,NoamChomsky,Unknown,
70,01/03/2024,BBB Meetup #70,Bookworm,5619fc54-bfc7-4b4f-941b-bbe1122f9fc5,RedRiver,SomnathBatabyal,Unknown,
70,01/03/2024,BBB Meetup #70,Bookworm,b27dddad-54b0-4b70-8be3-e2da3de47ec8,TalesofHumour,AmarChitraKatha,Unknown,
70,01/03/2024,BBB Meetup #70,Bookworm,7cd59170-3954-4d51-a9e7-6cf894adeddb,TheAdventuresofAminaAlSirafi,ShannonChakraborty,Unknown,
70,01/03/2024,BBB Meetup #70,Bookworm,adfe2a9c-234c-406f-a575-97631893a2d7,TheBigBangofNumbers,ManilSuri,Unknown,
70,01/03/2024,BBB Meetup #70,Bookworm,2e7d8154-366c-41ee-87f9-abcccc27b5c3,TheBookofFormandEmptiness,RuthOzeki,Unknown,
70,01/03/2024,BBB Meetup #70,Bookworm,c677d906-dfe6-4564-9fe7-a62afca2ce83,TheGodfather,MarioPuzo,Unknown,
70,01/03/2024,BBB Meetup #70,Bookworm,f56da921-cc1f-48ba-a9e3-7930db0101a6,TheLearningTrap,PradipSaha,Unknown,
70,01/03/2024,BBB Meetup #70,Bookworm,6292962f-9f1c-4097-8596-22241eb804c2,"TheLunchBox,movie",Unknown,Unknown,
70,01/03/2024,BBB Meetup #70,Bookworm,be183f38-5ed0-4d74-a576-2abfcb9962d6,TheMemoirsofValmikiRao,LindsayPereira,Unknown,
70,01/03/2024,BBB Meetup #70,Bookworm,80a165eb-5ae8-4f24-805d-2da2a1a60740,TheOne,JohnMarrs,Unknown,
70,01/03/2024,BBB Meetup #70,Bookworm,2a94914c-0c2d-4c8b-ab8b-d648d81ccbfe,"TheOne,seriesonNetflix",Unknown,Unknown,
70,01/03/2024,BBB Meetup #70,Bookworm,46b1b749-1930-4610-be74-ca8a0aa5bab6,TheYellowSparrow,SantaKhurai,Unknown,
70,01/03/2024,BBB Meetup #70,Bookworm,db21d600-6c23-4395-8565-807142ba48f2,ThreeBodyProblem,Cixin Liu,Unknown,
70,01/03/2024,BBB Meetup #70,Bookworm,8e111304-62b6-4817-91ea-3cfddc2b261b,Together,VivekHMurthy,Unknown,
70,01/03/2024,BBB Meetup #70,Bookworm,366b3882-693d-4cec-b184-789f39400307,UnboxingBangalore,MaliniGoyal,Unknown,
65,01/10/2023,BBB Meetup #65,Bookworm,62b8c0e8-9691-4183-9c8a-f492d048a23e,peel-pie-society,Unknown,Unknown,
65,01/10/2023,BBB Meetup #65,Bookworm,0cecf6f8-160d-42db-918a-0782720cfaa2,screaming,Unknown,Unknown,
65,01/10/2023,BBB Meetup #65,Bookworm,871b39be-702e-495f-9679-1f66ecc9755b,someone,Unknown,Unknown,
65,01/10/2023,BBB Meetup #65,Bookworm,528c23ff-37b0-4a72-b863-a5e2eef23aa5,tomorrow,Unknown,Unknown,
65,01/10/2023,BBB Meetup #65,Bookworm,a2c7b4cd-c7dc-4744-a642-b94b6aec758f,tteokbokki,Unknown,Unknown,
65,01/10/2023,BBB Meetup #65,Bookworm,904d7de1-44f2-4602-b5b5-b8bc07b0ed76, A Gentleman in Moscow,Amor Towles,Unknown,
65,01/10/2023,BBB Meetup #65,Bookworm,049331d0-476b-40d8-9ac3-1f18c38f2900, After Messiah,Aakar Patel,Unknown,
65,01/10/2023,BBB Meetup #65,Bookworm,6eb8aa30-d01c-4c63-8db6-8e6ea9c74c74, Anne Lamott books,Unknown,Unknown,
65,01/10/2023,BBB Meetup #65,Bookworm,ba73687f-4cf7-4453-8a8f-489fac66ac39, Binding 13,Chloe Walsh,Unknown,
65,01/10/2023,BBB Meetup #65,Bookworm,99c5e0b1-8d60-478f-b9e3-2e87a5779415, Bunny,Mona Awad,Unknown,
65,01/10/2023,BBB Meetup #65,Bookworm,fca95777-1c33-4a50-bab8-4f2a8680b71d, Convenience Store Woman,Sayaka Murata,Unknown,
65,01/10/2023,BBB Meetup #65,Bookworm,c38c2943-1d40-4c11-8845-86b3588620c6, Days at the Morisaki Bookshop,Satoshi Yagisawa,Unknown,
65,01/10/2023,BBB Meetup #65,Bookworm,7e731252-bca8-4283-82c4-fd1286ca5d1b, Diary of a Tuscan Bookshop,Alba Donati,Unknown,
65,01/10/2023,BBB Meetup #65,Bookworm,b98a19eb-19a6-4205-b06f-7db34e5dfffb, Ella Minnow Pea,Mark Dunn,Unknown,
65,01/10/2023,BBB Meetup #65,Bookworm,466aec74-4b2c-4439-abcf-59f5175fc9c9, Essentialism,Greg McKeown,Unknown,
65,01/10/2023,BBB Meetup #65,Bookworm,cf7c3c6c-b78d-43f4-a833-60ee14f484b8, Everyone in my Family has killed someone,Benjamin Stevenson,Unknown,
65,01/10/2023,BBB Meetup #65,Bookworm,12126c81-ac0c-4a07-9f18-8ab6c7a8c33d, Fight Club,Chuck Palahniuk,Unknown,
65,01/10/2023,BBB Meetup #65,Bookworm,860d8464-3d46-46ff-84a0-f64550fc627e, From Manjunath to Manjamma,"Jogathi Manjamma, Harsha Bhat",Unknown,
65,01/10/2023,BBB Meetup #65,Bookworm,14b46351-8fa3-4192-be33-6440eff90fa9, Hidden Pictures,Jason Rekulak,Unknown,
65,01/10/2023,BBB Meetup #65,Bookworm,f9e2df90-b239-453e-b0b0-8ce2c8f2274c, I want to Die but I want to eat Tteokbokki,BaekSehee,Unknown,
65,01/10/2023,BBB Meetup #65,Bookworm,9963f79e-e228-4adf-966a-703b4b5785ad," If You See Me, Don’t Say Hi",Neel Patel,Unknown,
65,01/10/2023,BBB Meetup #65,Bookworm,2834338c-8dc5-4e37-a343-c2a656684c9f, Islands in Flux,Pankaj Sekhsaria,Unknown,
65,01/10/2023,BBB Meetup #65,Bookworm,66fb9b6a-8394-48ef-9e92-8d04dfb0c02b, Kanikonna and other stories from Amar,Chitra Katha,Unknown,
65,01/10/2023,BBB Meetup #65,Bookworm,36567c5d-00c2-4148-a29b-cebb84220780, Keeping 13,Chloe Walsh,Unknown,
65,01/10/2023,BBB Meetup #65,Bookworm,ff05baad-4204-4459-a52e-3aef0a32cc49, Lessons in Chemistry,Bonnie Garmus,Unknown,
65,01/10/2023,BBB Meetup #65,Bookworm,7e4af0fb-2f40-4754-8b82-46b49d256f0d, Masala Lab,Krish Ashok,Unknown,
65,01/10/2023,BBB Meetup #65,Bookworm,429dd1b0-90c0-41c1-baa9-787d722fa45c, Military Misfortunes,Eliot Cohen and John Gooch,Unknown,
65,01/10/2023,BBB Meetup #65,Bookworm,3187fffe-9346-443d-8a70-98146dba3422, Normal People,Sally Rooney,Unknown,
65,01/10/2023,BBB Meetup #65,Bookworm,2b214252-2c4d-4138-8a21-8244c0b46c00, Pax,Tom Holland,Unknown,
65,01/10/2023,BBB Meetup #65,Bookworm,423921d6-7524-4cff-9dc3-bc0b00197a93, Politics on the Edge,Rory Stewart,Unknown,
65,01/10/2023,BBB Meetup #65,Bookworm,949807af-cf52-481e-bf8a-f6e544102688, Powerless,Lauren Roberts,Unknown,
65,01/10/2023,BBB Meetup #65,Bookworm,e1d47ee9-887b-4e2d-88d9-f8c189c723db, Sakina’s Kiss,Vivek Shanbhag,Unknown,
65,01/10/2023,BBB Meetup #65,Bookworm,f97a1261-d899-452f-acfb-6eebb4d1bf04, Short Stories,Isaac Asimov,Unknown,
65,01/10/2023,BBB Meetup #65,Bookworm,1ab32ed6-7087-4cd9-a348-c51e513f457c, Stories of your Life,Ted Chiang,Unknown,
65,01/10/2023,BBB Meetup #65,Bookworm,37bfaf3d-db3a-4bf0-86ca-a52b752a4665, Swordheart,T Kingfisher,Unknown,
65,01/10/2023,BBB Meetup #65,Bookworm,28ec9792-9b96-4f21-9f0d-d772c8bbb442, The Alchemist,Paulo Coelho,Unknown,
65,01/10/2023,BBB Meetup #65,Bookworm,57d511d6-4cb9-41f3-8044-e485335195da, The Annals of Imperial Rome,Tacitus,Unknown,
65,01/10/2023,BBB Meetup #65,Bookworm,77dfda3c-523b-464a-8879-fd2529e01392, The Archer,Paulo Coelho,Unknown,
65,01/10/2023,BBB Meetup #65,Bookworm,5cded0da-0912-4bf2-a211-271269ef1dc6, The Best of World SF anthology,Unknown,Unknown,
65,01/10/2023,BBB Meetup #65,Bookworm,0d5f9633-48fa-4ecf-a5e7-df3e731eaef7, The Devotion of Suspect X,Higashino,Unknown,
65,01/10/2023,BBB Meetup #65,Bookworm,93f73288-8c64-486c-975f-1adf415a9a90, The Guernsey Literary and Potato Peel Pie Society,Mary Ann Schafer and,Unknown,
65,01/10/2023,BBB Meetup #65,Bookworm,cdfca3d6-fca3-4bcd-85c8-d8e87727f2e3, The Last House on the Street,Diane Chamberlain,Unknown,
65,01/10/2023,BBB Meetup #65,Bookworm,be526a69-6199-4747-94f4-51d93e9a58fd, The Latke Who Couldn’t Stop Screaming,Lemony Snicket (,Unknown,
65,01/10/2023,BBB Meetup #65,Bookworm,f75bf710-cf7e-4331-b424-4b123dd44696, The Ocean at the End of the Lane,Neil Gaiman,Unknown,
65,01/10/2023,BBB Meetup #65,Bookworm,b0a8f3c2-6e58-40e8-ab5f-15228eaff51f, The Places in Between,Rory Stewart,Unknown,
65,01/10/2023,BBB Meetup #65,Bookworm,8cc3a31d-8175-4948-a7b3-39d4f7150d9d, The Salvation of a Saint,Higashino,Unknown,
65,01/10/2023,BBB Meetup #65,Bookworm,0abf91e3-62c5-4569-8552-86cf0e250035, Three Act Tragedy,Agatha Christie,Unknown,
65,01/10/2023,BBB Meetup #65,Bookworm,5e270da2-f5ca-4c8c-8f16-077224aafe3b," Tomorrow, and tomorrow, and tomorrow",Gabrielle Zevin,Unknown,
65,01/10/2023,BBB Meetup #65,Bookworm,d33cad61-ef2c-45ab-99a0-8d79b4d0c8ae, Upstream,Mary Oliver,Unknown,
65,01/10/2023,BBB Meetup #65,Bookworm,60da52c4-4e56-454b-86b9-399a7067afc1, Why We Sleep,Matthew Walker,Unknown,
54,27/11/2022,BBB Meetup #54,Bookworm,10de447e-3806-4945-ab6c-9ecbd4b4aef0,A Good Girl’s Guide to Murder Series,Unknown,Unknown,
54,27/11/2022,BBB Meetup #54,Bookworm,bc43f32b-003c-41a7-b95b-c62963fc7d36,A History of the World in 10.5 Chapters,Unknown,Unknown,
54,27/11/2022,BBB Meetup #54,Bookworm,6467a35b-f419-444d-8550-8768e4bf44d7,Algorithms to Live by (,Unknown,Unknown,
54,27/11/2022,BBB Meetup #54,Bookworm,8d9ae8d0-063b-49e7-b0e0-b9a2f0213b60,An astronaut’s guide to life on Earth,Unknown,Unknown,
54,27/11/2022,BBB Meetup #54,Bookworm,ce1b4211-a087-495d-b46e-2d0e5842d67f,Blink: The Power of Thinking Without Thinking,Unknown,Unknown,
54,27/11/2022,BBB Meetup #54,Bookworm,0fe71033-069e-4ff7-bcc5-669ff42254fc,Bullet Train,Unknown,Unknown,
54,27/11/2022,BBB Meetup #54,Bookworm,0b4457ea-d6c7-4686-aecc-408d41ef417d,Confessions,Unknown,Unknown,
54,27/11/2022,BBB Meetup #54,Bookworm,66e9b99e-9c91-42d4-995f-87c0474ffd32,Consilience: The Unity of Knowledge,Unknown,Unknown,
54,27/11/2022,BBB Meetup #54,Bookworm,54b7da48-534c-4087-a9b9-1390fbc60d03,Cubbon Park,Unknown,Unknown,
54,27/11/2022,BBB Meetup #54,Bookworm,d092a80b-2ace-4f1d-8e60-900bc2e5b1f9,Dated : 27th Nov 2022 Books discussed,Unknown,Unknown,
54,27/11/2022,BBB Meetup #54,Bookworm,1295c845-deb6-47c2-bebc-f680c818a8bc,Desperately Seeking Shah Rukh,Unknown,Unknown,
54,27/11/2022,BBB Meetup #54,Bookworm,7c275734-fd64-43dc-bd53-0dce268454d7,Discovering Bengaluru,Unknown,Unknown,
54,27/11/2022,BBB Meetup #54,Bookworm,1aad77b2-76e1-4642-9c9f-7e6aa090494d,Dream Story,Unknown,Unknown,
54,27/11/2022,BBB Meetup #54,Bookworm,2dd6d1fd-9d34-4197-afec-1186d7d757d6,Evil under the Sun,Unknown,Unknown,
54,27/11/2022,BBB Meetup #54,Bookworm,f2a17693-c03a-43f6-be2a-d0b74fa9c05a,Existentialist Cafe,Unknown,Unknown,
54,27/11/2022,BBB Meetup #54,Bookworm,567ddaa6-440a-4de4-ae59-c8c65c7ce4c8,"Fire & Blood (A Targaryen History, #1)",Unknown,Unknown,
54,27/11/2022,BBB Meetup #54,Bookworm,57a91f45-e232-4294-90e1-ce2cc041f1ec,Frangipani,Unknown,Unknown,
54,27/11/2022,BBB Meetup #54,Bookworm,260060be-90a1-4bc9-9773-29f355b84713,"Friends, Lovers, and the Big Terrible Thing",Unknown,Unknown,
54,27/11/2022,BBB Meetup #54,Bookworm,a034d03f-c777-4dff-887c-b22ce653b649,HP Lovecraft,The complete collection (Mountains of Madness),Unknown,
54,27/11/2022,BBB Meetup #54,Bookworm,02a8b162-c1e8-4750-9f5e-2c03f6a404db,I am Providence,Unknown,Unknown,
54,27/11/2022,BBB Meetup #54,Bookworm,b4c6580a-fb3e-4003-a82c-4f4cfee5c15f,Inseparable,Unknown,Unknown,
54,27/11/2022,BBB Meetup #54,Bookworm,e38ae02e-4793-469e-8b96-7bccae957478,"It Starts with Us (It Ends with Us, #2)",Unknown,Unknown,
54,27/11/2022,BBB Meetup #54,Bookworm,6ca2d4d3-14d4-4975-aeca-bafa831eb883,Lajja,Unknown,Unknown,
54,27/11/2022,BBB Meetup #54,Bookworm,27099415-f7ea-43a3-a46a-3e363f9f5f01,Les Miserables,Unknown,Unknown,
54,27/11/2022,BBB Meetup #54,Bookworm,634dda6e-a554-471c-8a4d-204bbfc84337,Lust for Life,Unknown,Unknown,
54,27/11/2022,BBB Meetup #54,Bookworm,1eb22a7e-3302-4214-9ee9-7bdaa1e43bca,Mahashweta,Unknown,Unknown,
54,27/11/2022,BBB Meetup #54,Bookworm,ad2afb3c-e6a6-4a23-bc56-082d7362b0f9,Mammoth book of Roman Whodunits,Unknown,Unknown,
54,27/11/2022,BBB Meetup #54,Bookworm,d9fa7056-c786-41e2-9ce5-c87508d1225f,My Work is Not Yet Done,Unknown,Unknown,
54,27/11/2022,BBB Meetup #54,Bookworm,a03c75e8-0fb3-498c-a903-918a0d61cc1b,Nomads: The Wanderers Who Shaped Our World,Unknown,Unknown,
54,27/11/2022,BBB Meetup #54,Bookworm,391b86f4-3ac6-416a-89fb-cd0e1b07b7d9,Paintings in Proust,Unknown,Unknown,
54,27/11/2022,BBB Meetup #54,Bookworm,2d1bb1ad-4e8f-4e6f-a132-487fc3429247,Ponniyin Selvan,Unknown,Unknown,
54,27/11/2022,BBB Meetup #54,Bookworm,c0fca528-9f9c-4f6f-9f77-167fd4ad01a2,So good they can’t ignore you (,Unknown,Unknown,
54,27/11/2022,BBB Meetup #54,Bookworm,d4b6b2eb-b77f-4607-9275-df80a0294770,Talking to Strangers: What We Should Know,Unknown,Unknown,
54,27/11/2022,BBB Meetup #54,Bookworm,04821ba4-ea23-42ef-9a94-bfa1e41e169d,The Complete Maus,Unknown,Unknown,
54,27/11/2022,BBB Meetup #54,Bookworm,6fc4908a-4428-41f3-b115-11069a7f368b,The Design of Everyday Things,Unknown,Unknown,
54,27/11/2022,BBB Meetup #54,Bookworm,e81d0b15-3857-4a8e-9956-6ac2d7f5ccb6,The Diary of a Nobody,Unknown,Unknown,
54,27/11/2022,BBB Meetup #54,Bookworm,63948e39-806a-4c94-b6be-2617d5d60e74,The Difficulty of Being Good: On the Subtle Art of Dharma,Unknown,Unknown,
54,27/11/2022,BBB Meetup #54,Bookworm,da2d8645-b1f0-41ab-9222-ee3085be7a1c,The Ethical Slut,Unknown,Unknown,
54,27/11/2022,BBB Meetup #54,Bookworm,cfc84de5-9b61-4aaa-9d28-f8f4a1506d76,The Generals: American Military Command from World War II to Today,Unknown,Unknown,
54,27/11/2022,BBB Meetup #54,Bookworm,41203126-a4f6-4be8-8933-a9d1b2958aad,The Girl With The Dragon Tattoo,Unknown,Unknown,
54,27/11/2022,BBB Meetup #54,Bookworm,014efa23-0fbc-4c27-98ac-aa6d066a8bb6,The Hitchhiker’s Guide to the Galaxy,Unknown,Unknown,
54,27/11/2022,BBB Meetup #54,Bookworm,b7191e44-52b3-4d18-a410-936bc8e39a89,The Inugami Curse,Unknown,Unknown,
54,27/11/2022,BBB Meetup #54,Bookworm,690b8194-998f-4346-8ba4-5c005d43e4a1,The Lies I tell,Unknown,Unknown,
54,27/11/2022,BBB Meetup #54,Bookworm,7fcf0777-edc5-4e24-9db1-a606ff2176c3,"The Lies of Locke Lamora (Gentleman Bastard, #1)",Unknown,Unknown,
54,27/11/2022,BBB Meetup #54,Bookworm,d6fec762-e09a-4510-aebd-3bce14225684,The Mistborn Saga,Unknown,Unknown,
54,27/11/2022,BBB Meetup #54,Bookworm,6b4c6584-752e-4069-8be2-b43c36697769,The Moonstone,Unknown,Unknown,
54,27/11/2022,BBB Meetup #54,Bookworm,1d0ac096-c0de-4683-8e49-16a9131f78f1,The Oath of The Vayuputras,Unknown,Unknown,
54,27/11/2022,BBB Meetup #54,Bookworm,e2768675-35fa-4f0d-86b1-2d91449ff1d5,The Origins of Political Order: From Prehuman Times to the French Revolution,Unknown,Unknown,
54,27/11/2022,BBB Meetup #54,Bookworm,509565ec-515b-44dc-ac20-0640e22233ae,The Politics Book: Big Ideas Simply Explained,Unknown,Unknown,
54,27/11/2022,BBB Meetup #54,Bookworm,161d67ce-9b69-4041-8ea1-32309ee60cb6,The Poppy War #1,Unknown,Unknown,
54,27/11/2022,BBB Meetup #54,Bookworm,ab0938cf-1146-4aa1-a45c-735ae3a6fc12,The Sandman Series,Unknown,Unknown,
54,27/11/2022,BBB Meetup #54,Bookworm,bf3e785e-6859-4ff3-b8a2-34ebad48eb9d,The Traveling Cat Chronicles,Unknown,Unknown,
54,27/11/2022,BBB Meetup #54,Bookworm,013fc59d-a9d3-4aee-a9cd-2985e76c56f6,The Very Secret Society of Irregular Witches,Unknown,Unknown,
54,27/11/2022,BBB Meetup #54,Bookworm,0f5c0d52-f4c8-491c-a9b3-8c263d1ddf48,The Woman in White,Unknown,Unknown,
54,27/11/2022,BBB Meetup #54,Bookworm,2b6254b6-5649-4948-824b-c822ef6e715c,There Is No Antimemetics Division,Unknown,Unknown,
54,27/11/2022,BBB Meetup #54,Bookworm,6966ddf9-257e-4a50-a7f3-638280437d80,"Three Thousand Stitches: Ordinary People, Extraordinary Lives",Unknown,Unknown,
54,27/11/2022,BBB Meetup #54,Bookworm,5aa4ef9c-ebe0-44c3-bff3-c8f626ce66ea,Tiny Habits,Unknown,Unknown,
54,27/11/2022,BBB Meetup #54,Bookworm,250aff5b-15c5-4549-939d-75747f4eed9f,Turbulence (,Unknown,Unknown,
54,27/11/2022,BBB Meetup #54,Bookworm,08491bfd-075a-4fc9-a524-acacbe9c3d35,Twitter and Tear Gas: The Power and Fragility of Networked Protest,Unknown,Unknown,
54,27/11/2022,BBB Meetup #54,Bookworm,340cf888-cf68-4e81-b81e-5e7a30ff4841,Unkahi: The Unsung,Unknown,Unknown,
54,27/11/2022,BBB Meetup #54,Bookworm,c8c070c6-e197-473f-91d4-b770b1810e1b,Yugandhar,Unknown,Unknown,
54,27/11/2022,BBB Meetup #54,Bookworm,38d97cea-2026-41c5-a3de-ae4958f95ad2,Yuganta,Unknown,Unknown,
52,25/09/2022,BBB Meetup #52,Bookworm,2bf4c53d-ffc7-4444-b1ae-6eca36829f2e,A Case of Exploding Mangoes,Mohammed Hanif,Unknown,
52,25/09/2022,BBB Meetup #52,Bookworm,b26e58ec-4884-4108-b13d-ce420be1e1bc,A Prayer for Owen Meany,John Irving,Unknown,
52,25/09/2022,BBB Meetup #52,Bookworm,99898a31-0966-4fac-b489-661fd8d42690,A Woman in Cabin 10,Ruth Ware,Unknown,
52,25/09/2022,BBB Meetup #52,Bookworm,d4e3e666-89ac-41a2-a219-02db46b7c7a2,All the Lovers in the Night,Meiko Kawakami,Unknown,
52,25/09/2022,BBB Meetup #52,Bookworm,836c6b05-58d3-4ef5-b77b-5e94670d8760,Alphabet Soup for Lovers,Anita Nair,Unknown,
52,25/09/2022,BBB Meetup #52,Bookworm,d5d324ad-547f-4033-a60b-f72d260c66b1,An Invitation to Die,Tanushree Podder,Unknown,
52,25/09/2022,BBB Meetup #52,Bookworm,569bba08-f1b3-478e-bd6a-12ec602f9533,At Night All blood is Black,David Diop,Unknown,
52,25/09/2022,BBB Meetup #52,Bookworm,eb5a037d-e7d1-4f48-a242-5f435420d9b6,Blade of Secrets,Tricie Levenseller,Unknown,
52,25/09/2022,BBB Meetup #52,Bookworm,852690fb-1047-40a6-839d-2bf7abcca947,Blankets,Craig Thomson,Unknown,
52,25/09/2022,BBB Meetup #52,Bookworm,d34d8542-a253-4cb1-a18e-3feeecf23bd2,Dated : 25th September 2022,Unknown,Unknown,
52,25/09/2022,BBB Meetup #52,Bookworm,edb4ecd5-63fa-4190-aaab-e9d2033deaf4,Diary of a Void,Emi Yagi,Unknown,
52,25/09/2022,BBB Meetup #52,Bookworm,9e173502-e47c-47a7-aae5-bc4c0cf38a5b,Did 6 million really die?,Richard Harwood,Unknown,
52,25/09/2022,BBB Meetup #52,Bookworm,c7de5ae3-ce7a-4006-af37-5c07b6b45e31,Do Epic Shit,Ankur Warikoo,Unknown,
52,25/09/2022,BBB Meetup #52,Bookworm,b221b83e-8468-428f-ba1b-8bceab41826c,Em and the big Hoom,Jerry Pinto,Unknown,
52,25/09/2022,BBB Meetup #52,Bookworm,9d66d4e8-b518-4b1d-a280-a4c39a0af97e,Gertrude and Claudius,John Updike,Unknown,
52,25/09/2022,BBB Meetup #52,Bookworm,2b55acaa-e5c6-4df9-ae16-c726bafa626f,Habibi,Craig Thomson,Unknown,
52,25/09/2022,BBB Meetup #52,Bookworm,a1e94457-a6cf-4de7-acdc-59792179a26b,Haldol and Hyacinths,Melody Moezzi,Unknown,
52,25/09/2022,BBB Meetup #52,Bookworm,e65a40f5-c1ad-48ce-87d1-37cddd5c6708,How I braved Anu Aunty and Founded a Million Dollar Company,Varun A,Unknown,
52,25/09/2022,BBB Meetup #52,Bookworm,fc7c5ffa-0778-47ab-adef-98a92f8bd954,Idealogy and identity,Pradeep Chhibber,Unknown,
52,25/09/2022,BBB Meetup #52,Bookworm,36376ec2-0277-4686-987f-4ccd4c9b7ae2,In My Dreams I Hold a Knife,Ashley Winstead,Unknown,
52,25/09/2022,BBB Meetup #52,Bookworm,f09d86fe-c062-4445-8045-73f583e13e83,Inside the Pakistan army,Carey Schofield,Unknown,
52,25/09/2022,BBB Meetup #52,Bookworm,0b614917-fbb9-4ee5-94b7-00932da463fa,Lonely City,Olivia Laing,Unknown,
52,25/09/2022,BBB Meetup #52,Bookworm,d6905a48-b4d1-4ccc-87bb-5ca0ff7f09cd,Magpie Murders,Anthony Horowitz,Unknown,
52,25/09/2022,BBB Meetup #52,Bookworm,cc566713-49b6-48f8-a700-9443e6bc98e6,My year of rest and relaxation,Ottessa Moshefegh,Unknown,
52,25/09/2022,BBB Meetup #52,Bookworm,6612ff00-5b17-4370-8979-0aa44a1d7873,Nasty Women,Samhita Mukhopadhyay,Unknown,
52,25/09/2022,BBB Meetup #52,Bookworm,f24119da-70ad-4da0-badd-608195e23c60,Nomads,Anthony Sattin,Unknown,
52,25/09/2022,BBB Meetup #52,Bookworm,886111d7-dced-432b-9991-48be6c7157c1,Notes from the Underground,Fyodor Dostoevsky,Unknown,
52,25/09/2022,BBB Meetup #52,Bookworm,72f2e477-f889-43d6-98f2-35ad9f454c5d,One Hundred Years of Solitude,Gabriel Garcia Marquez,Unknown,
52,25/09/2022,BBB Meetup #52,Bookworm,98827a4b-c2ac-4803-862b-da75378bd416,Ordinary Men: Reserve Police Battalion 101,Christopher Browning,Unknown,
52,25/09/2022,BBB Meetup #52,Bookworm,3667defc-436c-4f06-a376-74c7cea684a2,Philosophy of Existence,Karl Jaspers,Unknown,
52,25/09/2022,BBB Meetup #52,Bookworm,51b1e2b1-4bff-47f2-a1f2-dc5196f5e10e,Red Queen,Victoria Aveyard,Unknown,
52,25/09/2022,BBB Meetup #52,Bookworm,06809930-6cd8-482f-8893-7d02f8c7aa14,Red Riding Trilogy,Unknown,Unknown,
52,25/09/2022,BBB Meetup #52,Bookworm,a17b6ae0-7c72-4ade-ae8f-763ad76e39a0,Savithri’s Special Room and other stories,Manu Bhattathiri,Unknown,
52,25/09/2022,BBB Meetup #52,Bookworm,6d90bced-6e54-4d89-9b09-736110daebb0,Spiritual Enlightenment,Jed McKenna,Unknown,
52,25/09/2022,BBB Meetup #52,Bookworm,d46973ba-69bd-4ccc-b124-c5e5b8f440b5,Talking to Strangers,Malcolm Gladwell,Unknown,
52,25/09/2022,BBB Meetup #52,Bookworm,07c1108c-9306-4df7-bfb6-94752643278a,Temple of a Thousand Faces,John Shors,Unknown,
52,25/09/2022,BBB Meetup #52,Bookworm,d5c9fd65-b7bb-4972-bbfb-2e4260153964,The Book of Light,Jerry Pinto,Unknown,
52,25/09/2022,BBB Meetup #52,Bookworm,8713b858-dd73-477d-99b4-f6aff9d66cff,The Couples,Unknown,Unknown,
52,25/09/2022,BBB Meetup #52,Bookworm,b9b49081-5fbe-423b-9622-2b6f30ba8b79,The Education of Yuri,Jerry Pinto,Unknown,
52,25/09/2022,BBB Meetup #52,Bookworm,0e1b84b8-7f01-4c3b-b558-53ed571258fa,The First Circle,Aleksandr Solzhenitsyn,Unknown,
52,25/09/2022,BBB Meetup #52,Bookworm,99c296f6-f83b-48af-93bf-e5226c497d7b,The General in his Labyrinth,Gabriel Garcia Marquez,Unknown,
52,25/09/2022,BBB Meetup #52,Bookworm,04ea293b-ae1a-4086-8045-bbbf9161d9bb,The Good Lie,AR Torre,Unknown,
52,25/09/2022,BBB Meetup #52,Bookworm,7b28d89d-1bbd-4760-b6aa-c10bee250c05,The Hero with a Thousand Faces,Joseph Campbell,Unknown,
52,25/09/2022,BBB Meetup #52,Bookworm,99075500-8350-4196-8918-88c1803f4eee,The House Across the Lake,Riley Sager,Unknown,
52,25/09/2022,BBB Meetup #52,Bookworm,8d2eb082-fdf0-4678-b15b-1029c71cad78,The Myth of the Holy Cow,DN Jha,Unknown,
52,25/09/2022,BBB Meetup #52,Bookworm,fd511e38-0425-4417-91ad-1c9446a31f4d,The Nightingale,Kristin Hannah,Unknown,
52,25/09/2022,BBB Meetup #52,Bookworm,3e429ea7-7d57-4ac7-8b4a-5039a5357be7,The Oracle of Karutthupuzha,Manu Bhattathiri,Unknown,
52,25/09/2022,BBB Meetup #52,Bookworm,c16b5ebf-e32b-4a65-8868-5f9c857699f7,The Outsider,Albert camus,Unknown,
52,25/09/2022,BBB Meetup #52,Bookworm,32f52e5a-537c-407e-b672-16cb983de19a,The Politics Book,Kate Johnsen,Unknown,
52,25/09/2022,BBB Meetup #52,Bookworm,b0361a35-041c-4412-aa18-f75b089bf414,The Rabbit Novels,John Updike,Unknown,
52,25/09/2022,BBB Meetup #52,Bookworm,5d6fa0f0-ec37-4a78-980e-bcc1d4c58171,The Reader on the 6.27,Jean Paul Didierlaurent,Unknown,
52,25/09/2022,BBB Meetup #52,Bookworm,8957229e-d906-44a9-9cda-3ff308d90cfd,The Secret History of the Lord of Musashi & Arrowroot,Junichiro Tanizaki,Unknown,
52,25/09/2022,BBB Meetup #52,Bookworm,e12dbbdb-4b90-44a3-938c-49a7657dcb98,The Thursday Murder Club,Richard Osman,Unknown,
52,25/09/2022,BBB Meetup #52,Bookworm,df516197-8d52-4431-9873-c1534c91dce8,The Witches of Eastwick,John Updike,Unknown,
52,25/09/2022,BBB Meetup #52,Bookworm,d983b8be-1819-40e6-9f74-b9fdfd8eb691,These Hollow Vows,Lexi Ryan,Unknown,
52,25/09/2022,BBB Meetup #52,Bookworm,0f8fbc6d-363c-47f2-93b4-671bb5799a33,To Kill a Mockingbird,Harper Lee,Unknown,
52,25/09/2022,BBB Meetup #52,Bookworm,4ae8ada6-05b4-4598-be75-fd399de85a8d,Unscripted,Vidhu Vinod Chopra,Unknown,
52,25/09/2022,BBB Meetup #52,Bookworm,cbbdb9be-d2aa-4629-b35e-61be6cb33059,Updike,Adam Begley,Unknown,
52,25/09/2022,BBB Meetup #52,Bookworm,1092c4c0-ffec-449b-8170-6e9dc5013a02,War and Peace,Leo Tolstoy,Unknown,
52,25/09/2022,BBB Meetup #52,Bookworm,f757186b-e4b6-4d2a-9fc7-f4b82b42f3dd,When No One is Watching,Alyssa Cole,Unknown,
52,25/09/2022,BBB Meetup #52,Bookworm,423fc48f-ebf4-4000-8f7d-8d9a289d0e1b,Whole Numbers and Half Truths,Rukmini S,Unknown,
52,25/09/2022,BBB Meetup #52,Bookworm,1eb7ff94-59b7-40fa-9cc8-18d9f0eab796,∙ Atomic Habits,James Clear,Unknown,
50,31/07/2022,BBB Meetup #50,Bookworm,63a6d981-a068-4c55-81c2-48a8cb05ecfe,A House for Mr Biswas,Unknown,Unknown,
50,31/07/2022,BBB Meetup #50,Bookworm,abe861e2-a79b-4b02-bba0-8c9539ba3406,Anarchy,Unknown,Unknown,
50,31/07/2022,BBB Meetup #50,Bookworm,bbac1df6-0caf-4abd-b105-b8d3932beaec,Art of Conjuring Realities,Unknown,Unknown,
50,31/07/2022,BBB Meetup #50,Bookworm,d279243f-2358-494b-b2ff-4fbbde2afc5f,Assassination Classroom,Unknown,Unknown,
50,31/07/2022,BBB Meetup #50,Bookworm,da70b703-3b04-429e-b716-872fea098ebb,Astrophysics for Young People in a Hurry,Unknown,Unknown,
50,31/07/2022,BBB Meetup #50,Bookworm,956d2863-cd97-4419-94e7-0a7a04b0503b,Asylum,Unknown,Unknown,
50,31/07/2022,BBB Meetup #50,Bookworm,6bccfb07-5245-4d03-9285-a30c855cc109,Aurangzeb: The Man and the Myth,Unknown,Unknown,
50,31/07/2022,BBB Meetup #50,Bookworm,c95172ee-3fc7-4d1b-9be2-e1806b92ed6b,Authentic Happiness,Unknown,Unknown,
50,31/07/2022,BBB Meetup #50,Bookworm,951c945e-35cf-4209-a726-ac35c13c620c,Buddenbrooks,Unknown,Unknown,
50,31/07/2022,BBB Meetup #50,Bookworm,51317f43-0752-4247-9d6c-eb42beea9368,City of Stairs,Unknown,Unknown,
50,31/07/2022,BBB Meetup #50,Bookworm,0d102692-f033-4cb9-bec6-046c98107994,Death in Venice,Unknown,Unknown,
50,31/07/2022,BBB Meetup #50,Bookworm,da77cbbc-637a-442c-8114-3be66d5887e0,Early Indians (,Unknown,Unknown,
50,31/07/2022,BBB Meetup #50,Bookworm,f72136da-111a-4d28-8844-39334f364761,Gooseberries,Unknown,Unknown,
50,31/07/2022,BBB Meetup #50,Bookworm,f566a365-011e-424d-bdf6-9f2d94144dda,Hitler’s Willing Executioners,Unknown,Unknown,
50,31/07/2022,BBB Meetup #50,Bookworm,07391707-f079-40a3-b760-0786c9097219,How to Build a Car,Unknown,Unknown,
50,31/07/2022,BBB Meetup #50,Bookworm,9a099fda-5287-4d29-bebb-1e2c4ef56d81,I Remember You,Unknown,Unknown,
50,31/07/2022,BBB Meetup #50,Bookworm,d40a17e6-1227-432e-8044-5ce98339fc45,Inventing the Pyramid,Unknown,Unknown,
50,31/07/2022,BBB Meetup #50,Bookworm,0b2332be-882a-481e-a492-cce432f13ac8,Lady with the Dog,Unknown,Unknown,
50,31/07/2022,BBB Meetup #50,Bookworm,c652463d-97d5-4202-9842-87b932332a02,Lord of The Rings,Unknown,Unknown,
50,31/07/2022,BBB Meetup #50,Bookworm,14f93961-aaec-4ac2-af33-fb3007313967,Marshall,Unknown,Unknown,
50,31/07/2022,BBB Meetup #50,Bookworm,391b86f4-3ac6-416a-89fb-cd0e1b07b7d9,Paintings in Proust,Unknown,Unknown,
50,31/07/2022,BBB Meetup #50,Bookworm,4e11df81-2164-4bd8-85ab-18d4b116d461,Pigeon Tunnel,Unknown,Unknown,
50,31/07/2022,BBB Meetup #50,Bookworm,d13641f0-5b5c-4088-970a-58982eb3b389,Poirot Investigates,Unknown,Unknown,
50,31/07/2022,BBB Meetup #50,Bookworm,146abe4e-48aa-4cb6-a5cd-bf2ad3c71b92,Ranger’s Apprentice,Unknown,Unknown,
50,31/07/2022,BBB Meetup #50,Bookworm,e1f654ef-5cfb-4e4f-96ac-1440850f166d,Republic of Caste (,Unknown,Unknown,
50,31/07/2022,BBB Meetup #50,Bookworm,edf0d12b-7a9c-45ed-9e33-72df45778195,Steppes,Unknown,Unknown,
50,31/07/2022,BBB Meetup #50,Bookworm,025c5b4e-e772-429b-9871-9179b2e92f0f,The Argumentative Indian,Unknown,Unknown,
50,31/07/2022,BBB Meetup #50,Bookworm,9348fd9b-d0e8-4177-9a5a-8b95f010ec64,The Birth of the Clinic,Unknown,Unknown,
50,31/07/2022,BBB Meetup #50,Bookworm,18d4ffda-b18d-4640-9be7-525942f9d688,The Magic Mountain,Unknown,Unknown,
50,31/07/2022,BBB Meetup #50,Bookworm,8c7c0454-d6e5-41bb-b966-05f9ae6faa3a,The Magician,Unknown,Unknown,
50,31/07/2022,BBB Meetup #50,Bookworm,0b306d74-0941-4166-bf6a-4368186dcc27,The Mother of Manipur,Unknown,Unknown,
50,31/07/2022,BBB Meetup #50,Bookworm,5975479b-44c0-47e6-be26-776f58433efe,The Night Manager,Unknown,Unknown,
50,31/07/2022,BBB Meetup #50,Bookworm,89df83bc-4560-473a-a456-02be0be5d07b,The Song of Achilles (,Unknown,Unknown,
50,31/07/2022,BBB Meetup #50,Bookworm,2ffcad3f-c14f-42d9-900c-485ca7de7bf5,The Spy who Came in from the Cold,Unknown,Unknown,
50,31/07/2022,BBB Meetup #50,Bookworm,c121bc5d-2696-4349-81dd-574e12fc5fe8,Three Chinese Poets,Unknown,Unknown,
50,31/07/2022,BBB Meetup #50,Bookworm,595797d7-5226-430a-91fb-a76dc8e3bc42,"Tinker, Tailor, Soldier, Spy",Unknown,Unknown,
50,31/07/2022,BBB Meetup #50,Bookworm,5ee9095a-e97a-4e88-98e2-845ee74a867f,War Minus the Shooting,Unknown,Unknown,
50,31/07/2022,BBB Meetup #50,Bookworm,95aab76d-0980-4790-af50-5fc3527e91ca,Wyrd Sisters,Unknown,Unknown,
50,31/07/2022,BBB Meetup #50,Bookworm,2dd2b108-02b4-4e1c-927e-406afbffc91e,Young Blood Hawk,Unknown,Unknown,
50,31/07/2022,BBB Meetup #50,Bookworm,1ef1e7b8-324e-4084-b740-83ba1b3c07b4,📬 Stay in t,Unknown,Unknown,
49,26/06/2022,BBB Meetup #49,Bookworm,306aa7db-868b-4508-8152-f595ee98e397,11/22/63,Stephen King,Unknown,
49,26/06/2022,BBB Meetup #49,Bookworm,352a7254-ea57-4dd6-9533-aff81eb5506f,"84, Charing Cross Road",Helene Hanff,Unknown,
49,26/06/2022,BBB Meetup #49,Bookworm,bdde6338-e32c-4e17-a393-9946f14c9828,A Feast of Vultures: The Hidden Business of Democracy in India,Josy Joseph,Unknown,
49,26/06/2022,BBB Meetup #49,Bookworm,caa4d681-7ae9-44a9-94cf-1c8f10efb719,A Manga about food,Needs clarification,Unknown,
49,26/06/2022,BBB Meetup #49,Bookworm,dd773b30-1d61-4891-a7ca-b8ff95c124eb,A Song of Ice and Fire Series,George R.R. Martin,Unknown,
49,26/06/2022,BBB Meetup #49,Bookworm,86b499a2-d6b1-4204-a852-69e449998c51,Accidental Feminists,Jane Caro,Unknown,
49,26/06/2022,BBB Meetup #49,Bookworm,c76dbe90-6d2b-428c-beed-52039987a88a,Algorithms to Live By: The Computer Science of Human Decisions,Brian Christian,Unknown,
49,26/06/2022,BBB Meetup #49,Bookworm,25d2b0ff-780c-40ff-a50e-dff59d5105e6,All Book Series,Rick Riordan,Unknown,
49,26/06/2022,BBB Meetup #49,Bookworm,a770ee34-9bb6-44a0-ad33-ba898919ad1c,All Souls  Series,Deborah Harkness,Unknown,
49,26/06/2022,BBB Meetup #49,Bookworm,7e5e74d8-f0e2-460d-bf4f-ecae17390518,Amazon Unbound: Jeff Bezos and the Invention of a Global Empire,Brad Stone,Unknown,
49,26/06/2022,BBB Meetup #49,Bookworm,0a6079df-4110-4bad-97bc-db327d9d7c1a,"American Gods (American Gods, #1)",Neil Gaiman,Unknown,
49,26/06/2022,BBB Meetup #49,Bookworm,ea231055-0814-4016-a477-db2e9e5e0b3c,Annihilation of Caste,B.R. Ambedkar,Unknown,
49,26/06/2022,BBB Meetup #49,Bookworm,d45d116a-4b67-4787-9fd0-208ca61fb63c,Atomic Habits: An Easy & Proven Way to Build Good Habits & Break Bad Ones,James Clear,Unknown,
49,26/06/2022,BBB Meetup #49,Bookworm,83e7429f-0634-4dc9-b651-ae6fb114d4df,Bad Blood: Secrets and Lies in a Silicon Valley Startup,John Carreyrou,Unknown,
49,26/06/2022,BBB Meetup #49,Bookworm,5b210380-762e-4622-8952-20a545b72970,Bottle of Lies: The Inside Story of the Generic Drug Boom,Katherine Eban,Unknown,
49,26/06/2022,BBB Meetup #49,Bookworm,0fe71033-069e-4ff7-bcc5-669ff42254fc,Bullet Train,Unknown,Unknown,
49,26/06/2022,BBB Meetup #49,Bookworm,1d9446c3-5a93-4082-a661-ccfa98921eed,Chorashastra,VJ James,Unknown,
49,26/06/2022,BBB Meetup #49,Bookworm,0c31adff-5c4f-4c59-8959-086d7cb97eb7,Cradle Series,Will Wight,Unknown,
49,26/06/2022,BBB Meetup #49,Bookworm,85bb5d9d-209d-458e-94c4-f89ef8838b9f,Dated: 26th Jun 2022,Unknown,Unknown,
49,26/06/2022,BBB Meetup #49,Bookworm,ec5e8e5a-793b-44e5-a8af-696adffa010c,Desperately Seeking Shah Rukh: India’s Lonely Young Women and the Search for Intimacy and Independence,Shrayana Bhattacharya,Unknown,
49,26/06/2022,BBB Meetup #49,Bookworm,1a427c8c-0726-40fc-be5b-f2131c0f5290,Dido Kent  Series,Anna Dean,Unknown,
49,26/06/2022,BBB Meetup #49,Bookworm,29397537-2601-45f7-8ff1-888b1c93891f,Early Indians: The Story of Our Ancestors and Where We Came From,Tony Joseph,Unknown,
49,26/06/2022,BBB Meetup #49,Bookworm,444ec265-ebd0-40ff-90a7-00a16ddf0333,Empires of the Word: A Language History of the World,Nicholas Ostler,Unknown,
49,26/06/2022,BBB Meetup #49,Bookworm,d1bbe78c-3f9c-4647-bdf1-f5afe8575d79,Giga: The Complete Series,Rosh,Unknown,
49,26/06/2022,BBB Meetup #49,Bookworm,50de1b90-c86a-4224-8549-304d491c48a5,Gora,Rabindranath Tagore,Unknown,
49,26/06/2022,BBB Meetup #49,Bookworm,ae187b87-a23b-424d-bd2b-5ad02c755af4,Hndi Upanyas :Rashtra Aur Hashiya,Shambhunath,Unknown,
49,26/06/2022,BBB Meetup #49,Bookworm,4708f44f-c7fb-4998-b66e-526a3751811d,How to Talk About Books You Haven’t Read,Pierre Bayard,Unknown,
49,26/06/2022,BBB Meetup #49,Bookworm,5b1b11f6-3e18-4484-b638-727912ad5a67,Immune: a Journey into the Mysterious System that Keeps You Alive,Philipp Dettmer,Unknown,
49,26/06/2022,BBB Meetup #49,Bookworm,9de4375f-c68c-45ed-99e7-39d22634d44c,Invisible Women: Data Bias in a World Designed for Men,Caroline Criado-Perez,Unknown,
49,26/06/2022,BBB Meetup #49,Bookworm,9eaf5f08-d4b4-4086-b17c-b580778dc79d,Jane Austen Mysteries Series,Stephanie Barron,Unknown,
49,26/06/2022,BBB Meetup #49,Bookworm,e43024e9-f8b3-4c72-bc46-bb41a993de8e,Malazan Book of the Fallen Series,Steven Erikson,Unknown,
49,26/06/2022,BBB Meetup #49,Bookworm,12776054-1778-425f-8db2-a9bcb52fd0ef,Memoirs of a Geisha,Arthur Golden,Unknown,
49,26/06/2022,BBB Meetup #49,Bookworm,ff3fc599-f04e-484f-8369-2f618a5069cf,No Filter: The Inside Story of Instagram,Sarah Frier,Unknown,
49,26/06/2022,BBB Meetup #49,Bookworm,6adbcc95-147a-49a7-975e-5c402f1738ee,"No Mud, No Lotus: The Art of Transforming Suffering",Thich Nhat Hanh,Unknown,
49,26/06/2022,BBB Meetup #49,Bookworm,e7b47027-22df-452d-827f-d01a060304e1,"Nudge: Improving Decisions About Health, Wealth, and Happiness",Richard H. Thaler,Unknown,
49,26/06/2022,BBB Meetup #49,Bookworm,60b17dbd-3363-4971-9ffd-14a87f1ab1e9,On Photography,Susan Sontag,Unknown,
49,26/06/2022,BBB Meetup #49,Bookworm,8daa2bfe-a545-4865-98fd-1f5e7ed6ce54,"Otherworldly Izakaya Nobu, Volume 1",Virginia Nitouhei,Unknown,
49,26/06/2022,BBB Meetup #49,Bookworm,951cb512-74bb-4b8b-9d6c-871755334cb2,Path to Ascendancy Series,Ian C. Esslemont,Unknown,
49,26/06/2022,BBB Meetup #49,Bookworm,53b6a835-affc-487b-a9e5-3cdc38510acc,Prisoners of Geography: Ten Maps That Tell You Everything You Need to Know About Global Politics,Tim Marshall,Unknown,
49,26/06/2022,BBB Meetup #49,Bookworm,af94a6c4-1f74-4dd2-bd79-65de4e8ae106,Rebecca,Daphne du Maurier,Unknown,
49,26/06/2022,BBB Meetup #49,Bookworm,9e4ae6d9-1fb0-4e1d-b1d1-9af17475762c,"Red Rising (Red Rising Saga, #1)",Pierce Brown,Unknown,
49,26/06/2022,BBB Meetup #49,Bookworm,b8bfeed2-daed-4832-9438-b2fca4bbef92,Revolution,Russell Brand,Unknown,
49,26/06/2022,BBB Meetup #49,Bookworm,f66e7660-e734-45d4-b69d-492a1f9d7535,Seabiscuit: An American Legend,Laura Hillenbrand,Unknown,
49,26/06/2022,BBB Meetup #49,Bookworm,9e3c5106-0c06-48b5-bab9-4caa50e29c67,Shards of Earth,Adrian Tchaikovsky,Unknown,
49,26/06/2022,BBB Meetup #49,Bookworm,2b79b92b-16d6-4011-ad11-53ad15161049,"Technically Wrong: Sexist Apps, Biased Algorithms, and Other Threats of Toxic Tech",Sara Wachter-Boettcher,Unknown,
49,26/06/2022,BBB Meetup #49,Bookworm,710beaa5-e2b2-45d9-b757-4acd4f4fb66c,The 7½ Deaths of Evelyn Hardcastle,Stuart Turton,Unknown,
49,26/06/2022,BBB Meetup #49,Bookworm,a7d40bae-e5d2-4f8c-a6f4-0b435738f59a,"The Cryptopians: Idealism, Greed, Lies, and the Making of the First Big Cryptocurrency Craze",Laura Shin,Unknown,
49,26/06/2022,BBB Meetup #49,Bookworm,0ccc6cf1-0ab7-42b6-96c4-9080046c4866,"The Dalai Lama’s Cat (The Dalai Lama’s Cat, #1)",David Michie,Unknown,
49,26/06/2022,BBB Meetup #49,Bookworm,9642fae2-04aa-4210-8f16-e03f5f7be184,"The Horse, the Wheel, and Language: How Bronze-Age Riders from the Eurasian Steppes Shaped the Modern World",David W. Anthony,Unknown,
49,26/06/2022,BBB Meetup #49,Bookworm,6a068af8-99c2-4e12-8bce-789fde5a7207,"The Immortals of Meluha (Shiva Trilogy, #1)",Amish Tripathi,Unknown,
49,26/06/2022,BBB Meetup #49,Bookworm,700998a3-76cb-4543-9c31-cde2812d3c36,The Infinite Machine: How an Army of Crypto-hackers Is Building the Next Internet with Ethereum,Camila Russo,Unknown,
49,26/06/2022,BBB Meetup #49,Bookworm,0bd166fe-30cc-4a0f-888d-8141417a861c,The Obstacle Is the Way: The Timeless Art of Turning Trials into Triumph,Ryan Holiday,Unknown,
49,26/06/2022,BBB Meetup #49,Bookworm,7a7b2650-b706-4a0e-a372-0009a9bc2a6c,The Office: The Untold Story of the Greatest Sitcom of the 2000s: An Oral History,Andy Greene,Unknown,
49,26/06/2022,BBB Meetup #49,Bookworm,272c0ec2-85eb-4f3d-9e94-ca65907be68e,The Order of Time,Carlo Rovelli,Unknown,
49,26/06/2022,BBB Meetup #49,Bookworm,6d26795d-61bd-4cba-8708-567d7579bdc3,The Reading List,Sara Nisha Adams,Unknown,
49,26/06/2022,BBB Meetup #49,Bookworm,089f9ccc-3a0a-412b-83e9-261bf8a1d31c,The Republic of Reason: Words They Could Not Kill,Narendra Dabholkar,Unknown,
49,26/06/2022,BBB Meetup #49,Bookworm,fed04937-4db2-4fa9-865e-766e72f4135e,The Tao of Jung: The Way of Integrity,David H. Rosen,Unknown,
49,26/06/2022,BBB Meetup #49,Bookworm,0f8fbc6d-363c-47f2-93b4-671bb5799a33,To Kill a Mockingbird,Harper Lee,Unknown,
49,26/06/2022,BBB Meetup #49,Bookworm,c06a6eff-022d-4ac0-aa45-9e46f1f0193a,Tomb of Sand,Geetanjali Shree,Unknown,
49,26/06/2022,BBB Meetup #49,Bookworm,6db8cf53-713a-4848-8a51-bde322b10589,"Unbroken: A World War II Story of Survival, Resilience and Redemption",Laura Hillenbrand,Unknown,
49,26/06/2022,BBB Meetup #49,Bookworm,d7d1a4e9-4868-496b-a2a5-7b16fe422d7e,Verity,Colleen Hoover,Unknown,
49,26/06/2022,BBB Meetup #49,Bookworm,9b8dc050-ff67-4e67-823a-68e8ba45d533,"Wanderers, Kings, Merchants: The Story of India through Its Languages",Peggy Mohan,Unknown,
49,26/06/2022,BBB Meetup #49,Bookworm,483c3a52-8857-467b-a1a6-2984075262fc,We Need to Talk About Kevin,Lionel Shriver,Unknown,
49,26/06/2022,BBB Meetup #49,Bookworm,4d825c98-6826-44ed-806e-e55942f0aefa,Weapons of Math Destruction: How Big Data Increases Inequality and Threatens Democracy,Cathy O’Neil,Unknown,
49,26/06/2022,BBB Meetup #49,Bookworm,d28cf859-e14f-4489-8f90-553f10e97924,Where the Crawdads Sing,Delia Owens,Unknown,
49,26/06/2022,BBB Meetup #49,Bookworm,b5cc92dd-c015-41e2-8442-56700f737c7f,Wild: From Lost to Found on the Pacific Crest Trail,Cheryl Strayed,Unknown,
48,22/05/2022,BBB Meetup #48,Bookworm,3acb1386-37f6-4c0e-bc78-d347eb118b0e,A Caribbean Mystery,Agatha Christie,Unknown,
48,22/05/2022,BBB Meetup #48,Bookworm,263c8e5a-4b7a-4a08-8c06-4502cbcc8b81,A Curfewed Night,Unknown,Unknown,
48,22/05/2022,BBB Meetup #48,Bookworm,048285bb-c5b6-46eb-a765-2893596e979e,A Rising Man,Abir Mukherjee,Unknown,
48,22/05/2022,BBB Meetup #48,Bookworm,a770ee34-9bb6-44a0-ad33-ba898919ad1c,All Souls  Series,Deborah Harkness,Unknown,
48,22/05/2022,BBB Meetup #48,Bookworm,0a5a898f-8536-4093-b3fe-235921ffffd4,And then there were none,Agatha Christie,Unknown,
48,22/05/2022,BBB Meetup #48,Bookworm,9a3ff732-cc5d-4a96-a41d-a97f50c4d4df,Asoka,Patrick Olivelle,Unknown,
48,22/05/2022,BBB Meetup #48,Bookworm,ca7524f2-1cc7-449b-87e2-730ac5ff9302,Assassin’s Creed,Oliver Bowden,Unknown,
48,22/05/2022,BBB Meetup #48,Bookworm,3608ce1e-4b97-4b62-8614-7c6912166d28,Beast (,Unknown,Unknown,
48,22/05/2022,BBB Meetup #48,Bookworm,1d27bbd1-f76f-4ca3-8edb-020ef172265a,Beyond the Boulevard,Aditi Sriram,Unknown,
48,22/05/2022,BBB Meetup #48,Bookworm,c48f46ab-b40f-442c-adb0-3145d35d5d3a,Burden of Democracy,Pratap Bhanu Mehta,Unknown,
48,22/05/2022,BBB Meetup #48,Bookworm,08683bcf-663c-4f76-aa5b-9a34c1bf7124,Case for India,Will Durant,Unknown,
48,22/05/2022,BBB Meetup #48,Bookworm,1d9446c3-5a93-4082-a661-ccfa98921eed,Chorashastra,VJ James,Unknown,
48,22/05/2022,BBB Meetup #48,Bookworm,9e024c28-2170-4a6f-a754-6378ddca8d8b,City Adrift,Naresh Fernandes,Unknown,
48,22/05/2022,BBB Meetup #48,Bookworm,d472bd78-e03c-4bf2-a820-9a59400a9546,Confessions of a Bookworm,Unknown,Unknown,
48,22/05/2022,BBB Meetup #48,Bookworm,f71b2601-c1e6-4929-a2be-0f490ca9cb09,Coromandel: A Personal History of South India,Charles Allen,Unknown,
48,22/05/2022,BBB Meetup #48,Bookworm,9435eff2-cbf5-4c66-a2b4-2cb6d8bd33a6,Count of Monte Cristo,Alexandre Dumas,Unknown,
48,22/05/2022,BBB Meetup #48,Bookworm,4688487f-4780-449f-aa4a-f85b1fbd8f96,Dated: 22nd May 2022,Unknown,Unknown,
48,22/05/2022,BBB Meetup #48,Bookworm,c4e8f1dd-b428-4583-8330-14d7a64a408f,Daughters of the Sun,Ira Mukhoty,Unknown,
48,22/05/2022,BBB Meetup #48,Bookworm,d892db3b-e5bb-465e-b8d1-af516eecaab9,Devil and the dark water,Stuart Turton,Unknown,
48,22/05/2022,BBB Meetup #48,Bookworm,2a458c17-d32c-435a-93ae-d6dc3a0cf0ca,Don Quixote,Miguel de Cervantes Saavedra,Unknown,
48,22/05/2022,BBB Meetup #48,Bookworm,d401c885-73c0-49d8-9c7c-c1707b29a127,Five point someone,Chetan Bhagat,Unknown,
48,22/05/2022,BBB Meetup #48,Bookworm,514d3d78-e893-439f-a92c-307b67a1bc6e,House on The Cerulean Sea,T.J. Klune,Unknown,
48,22/05/2022,BBB Meetup #48,Bookworm,cd08db0b-1780-4dfd-a1d7-7f19d560dbe9,I too had a love story,Ravinder Singh,Unknown,
48,22/05/2022,BBB Meetup #48,Bookworm,e90d1fb8-8721-42ca-9623-8cf80714a9f4,India & Europe,Sanjay Subrahmanyam,Unknown,
48,22/05/2022,BBB Meetup #48,Bookworm,7e15a1b9-0e78-426e-9cbb-55c033084d86,India i.e. Bharart,J. Sai Deepak,Unknown,
48,22/05/2022,BBB Meetup #48,Bookworm,dc76760f-5745-4cd5-888a-54648ee93389,Inside Out and Back again,Thanhha Lai,Unknown,
48,22/05/2022,BBB Meetup #48,Bookworm,631d6dc8-420d-4bf6-8e17-3a20d37a1a9e,Lords of the Deccan : Southern India from the Chalukyas to the Cholas,Anirudh Kanisetti,Unknown,
48,22/05/2022,BBB Meetup #48,Bookworm,5572fce0-469f-400f-8c04-504f96118526,Marathon Man,William Goldman,Unknown,
48,22/05/2022,BBB Meetup #48,Bookworm,c32fd89d-3493-4dec-9f5b-04de3a81bdce,Miraculous History of Ali,Uzma Aslam Khan,Unknown,
48,22/05/2022,BBB Meetup #48,Bookworm,29d56891-a99b-4837-818f-22f57ba0a0cf,Monsoon Islam,Sebastian R. Prange,Unknown,
48,22/05/2022,BBB Meetup #48,Bookworm,3d763b72-8ae5-4c8b-baf6-93a904b85a57,Munnu : The Boy from Kashmir,Malik Sajad,Unknown,
48,22/05/2022,BBB Meetup #48,Bookworm,d050149f-e379-499c-9ecd-028c2bdccb8f,No rules rules,Reed Hastings,Unknown,
48,22/05/2022,BBB Meetup #48,Bookworm,5c5d261f-d552-4645-b4d2-18807223d854,Numbers in the Dark,Italo Calvino,Unknown,
48,22/05/2022,BBB Meetup #48,Bookworm,517d4b94-2072-4940-8d0e-453535d79c3c,Our moon has blood clots,Rahul Pandita,Unknown,
48,22/05/2022,BBB Meetup #48,Bookworm,80bf0612-91ea-4c39-84a7-ab3146c64517,Parveen Mistry Series,Sujata Massey,Unknown,
48,22/05/2022,BBB Meetup #48,Bookworm,9e89fb07-2330-461f-8666-be2c5968c138,Peace has Come,Unknown,Unknown,
48,22/05/2022,BBB Meetup #48,Bookworm,dc408bd3-14e1-4e71-9227-eebfca2c4c8e,Plassey,Sudeep Chakravarti,Unknown,
48,22/05/2022,BBB Meetup #48,Bookworm,d9f429e2-07f6-44c6-a84b-ba25e7993df2,Red Rising,Pierce Brown,Unknown,
48,22/05/2022,BBB Meetup #48,Bookworm,c367d72b-6534-4bd5-911f-2f62eb8c99a4,Rita Ferreira Series,Vish Dhamija,Unknown,
48,22/05/2022,BBB Meetup #48,Bookworm,c2b6063d-5c18-4d5d-979f-06164edda521,Rumors of Spring,Unknown,Unknown,
48,22/05/2022,BBB Meetup #48,Bookworm,86dd138c-5995-4d9e-ad31-507bead7ae1b,Ship of Magi series,Robin – Robin Hobb,Unknown,
48,22/05/2022,BBB Meetup #48,Bookworm,a736c39f-b879-4fc9-baac-34f618af11c9,Shogun,Unknown,Unknown,
48,22/05/2022,BBB Meetup #48,Bookworm,0529001f-5dd9-4c65-b369-c8f60f2bc3a5,Stormlight Archive,Brandon Sanderson,Unknown,
48,22/05/2022,BBB Meetup #48,Bookworm,61a166e2-604b-4b4a-86b2-885d16a4b0ba,Story of Civilization,Will Durant,Unknown,
48,22/05/2022,BBB Meetup #48,Bookworm,ad4f8b8e-b45e-4024-9612-1774cfbf6b45,The Bangalore Detectives Club,Harini Nagendra,Unknown,
48,22/05/2022,BBB Meetup #48,Bookworm,3142b8ed-72fd-4e8d-8e2a-2e2b5363ce20,The Beginning of Infinity: Explanations That Transform the World,David Deutsch,Unknown,
48,22/05/2022,BBB Meetup #48,Bookworm,b88805ce-7f9b-4776-bcfe-72a0f25ff823,"The Black Prism (Lightbringer, #1)",Brent Weeks,Unknown,
48,22/05/2022,BBB Meetup #48,Bookworm,b91edfee-5b47-4d71-9af3-eda9247e4319,The Englishman’s Cameo,Madhulika Liddle,Unknown,
48,22/05/2022,BBB Meetup #48,Bookworm,162b5d43-de1a-4e83-9704-4117eb7e7a57,The Inquisitor’s Tale,Adam Gidwitz,Unknown,
48,22/05/2022,BBB Meetup #48,Bookworm,27d3c8a9-3513-47a8-a16c-cfc0fbaa1281,The Library,Bella Osborne,Unknown,
48,22/05/2022,BBB Meetup #48,Bookworm,6bca5da9-bdf4-47e4-8b00-4e99c8c17f77,The Living Mountain,Nan Shepherd,Unknown,
48,22/05/2022,BBB Meetup #48,Bookworm,dd58807f-181f-4dc8-8822-b048264482e8,The Mousetrap: A Play,Agatha Christie,Unknown,
48,22/05/2022,BBB Meetup #48,Bookworm,72cd4d77-6450-4cbe-b8cc-0b193413194f,The Oracle of Karuthupuzha,Manu Bhattathiri,Unknown,
48,22/05/2022,BBB Meetup #48,Bookworm,9a485a9b-11e5-4b4b-94e4-02110ba1197a,The Prince,NiccolÃƒÂ² Machiavelli,Unknown,
48,22/05/2022,BBB Meetup #48,Bookworm,6d26795d-61bd-4cba-8708-567d7579bdc3,The Reading List,Sara Nisha Adams,Unknown,
48,22/05/2022,BBB Meetup #48,Bookworm,89b070a7-29d0-4e03-aece-00930f9e7631,The Tokyo Zodiac Murders,Soji Shimada,Unknown,
48,22/05/2022,BBB Meetup #48,Bookworm,f1ee5bd2-d4c3-4344-aeb2-818fd5ec93fa,The Unbroken,C.L. Clark,Unknown,
48,22/05/2022,BBB Meetup #48,Bookworm,a17c71c3-e102-4072-8fd7-5e6254aca232,The Wonder That Was India: A Survey of the History and Culture of the Indian Sub-Continent before the coming of the Muslims,A.L. Basham,Unknown,
48,22/05/2022,BBB Meetup #48,Bookworm,b2239908-bff2-42a7-81b2-325f8edd9b74,The ocean’s Churn,Sanjeev Sanyal,Unknown,
48,22/05/2022,BBB Meetup #48,Bookworm,57aa596d-9120-41f7-9f91-0d2be837af9e,War & Peace,Leo Tolstoy,Unknown,
48,22/05/2022,BBB Meetup #48,Bookworm,f01dc77a-c2a1-49d4-801a-b4a2662f1856,What I talk about when I talk about Running,Haruki Murakami,Unknown,
48,22/05/2022,BBB Meetup #48,Bookworm,8758b771-42a0-491c-b59c-5a6fcee537f5,What government has done to our Money,Murray N. Rothbard,Unknown,
48,22/05/2022,BBB Meetup #48,Bookworm,d28cf859-e14f-4489-8f90-553f10e97924,Where the Crawdads Sing,Delia Owens,Unknown,
48,22/05/2022,BBB Meetup #48,Bookworm,5ba0763a-bffc-4f1a-a07d-3f6c1920ef3a,Whisper To Me Your Lies,Unknown,Unknown,
48,22/05/2022,BBB Meetup #48,Bookworm,626be601-0135-4bdd-9626-67e64d75a49a,Will,Will Smith,Unknown,
48,22/05/2022,BBB Meetup #48,Bookworm,810e7269-c014-4039-bd73-e85ef1743fca,Yugantha,Irawati Karve,Unknown,
48,22/05/2022,BBB Meetup #48,Bookworm,9152555a-6f8b-4b36-918c-ac3da445d33c,Zero to One,Peter Thiel,Unknown,
48,22/05/2022,BBB Meetup #48,Bookworm,1eb7ff94-59b7-40fa-9cc8-18d9f0eab796,∙ Atomic Habits,James Clear,Unknown,
48,22/05/2022,BBB Meetup #48,Bookworm,12126c81-ac0c-4a07-9f18-8ab6c7a8c33d, Fight Club,Chuck Palahniuk,Unknown,
47,27/03/2022,BBB Meetup #47,Bookworm,3ae242f3-afd2-4a3f-9afc-5134be382973,12 Rules for Life,Unknown,Unknown,
47,27/03/2022,BBB Meetup #47,Bookworm,289b5561-c113-47ca-aa5c-36083d58fec0,A Beautiful Mind,Unknown,Unknown,
47,27/03/2022,BBB Meetup #47,Bookworm,17a53cb3-3a0a-4515-8d27-fbb0b823c392,A Man called Ove (,Unknown,Unknown,
47,27/03/2022,BBB Meetup #47,Bookworm,a59ce615-b3fa-4804-a5b7-50522d4d45dc,A Mathematician’s Apology,Unknown,Unknown,
47,27/03/2022,BBB Meetup #47,Bookworm,0f834e05-2229-4a63-89cb-7ce16ed993d1,A Mind At Play,Unknown,Unknown,
47,27/03/2022,BBB Meetup #47,Bookworm,3a957751-1657-4558-bf50-3e64c605b26f,Anxious People,Unknown,Unknown,
47,27/03/2022,BBB Meetup #47,Bookworm,d54c77cd-8035-4edb-8055-47bfbd66808d,Autobiography of a Yogi,Unknown,Unknown,
47,27/03/2022,BBB Meetup #47,Bookworm,4def1e2f-c1e7-42a7-a49c-f916c0c5d2c8,"Beautiful World, Where are you?",Unknown,Unknown,
47,27/03/2022,BBB Meetup #47,Bookworm,e0b81348-848e-4ca5-b34a-5f02639be9a5,Binti,Unknown,Unknown,
47,27/03/2022,BBB Meetup #47,Bookworm,23549604-6f95-4f4d-aa5c-6fcd5e34e89a,Brave new world,Unknown,Unknown,
47,27/03/2022,BBB Meetup #47,Bookworm,332018af-66ef-4823-ba8b-5a175577c8b2,Broken Earth Trilogy,Unknown,Unknown,
47,27/03/2022,BBB Meetup #47,Bookworm,6633e3aa-ab2e-49ed-89c0-6af5a5d39511,C.J.Samson Series,Unknown,Unknown,
47,27/03/2022,BBB Meetup #47,Bookworm,dd2a895e-f4ab-43c3-9577-0ee28fb8f393,Cadfael Series,Unknown,Unknown,
47,27/03/2022,BBB Meetup #47,Bookworm,80875909-02f7-43f1-83e0-f9b3d63bb1ed,Corey Doctorow books,Unknown,Unknown,
47,27/03/2022,BBB Meetup #47,Bookworm,77ebac88-808c-4caa-9bad-2d20584c4de4,Crooked Kingdom,Unknown,Unknown,
47,27/03/2022,BBB Meetup #47,Bookworm,9f8f2b49-6ff7-4ed7-8f68-f042edcb168a,Dark Matter (,Unknown,Unknown,
47,27/03/2022,BBB Meetup #47,Bookworm,26e67890-9633-49aa-b6dd-75b32fbc52d0,Dated: 27th March 2022,Unknown,Unknown,
47,27/03/2022,BBB Meetup #47,Bookworm,59669dfc-f41b-4098-9087-f26f65050ec5,Desperately seeking Shahrukh Khan,Unknown,Unknown,
47,27/03/2022,BBB Meetup #47,Bookworm,00ffda1d-edec-4ab7-9abb-3d22b23dd656,Dial A for Aunties,Unknown,Unknown,
47,27/03/2022,BBB Meetup #47,Bookworm,b5d8e2b3-aabf-4837-a241-8a5f092a4fe0,East of Eden,Unknown,Unknown,
47,27/03/2022,BBB Meetup #47,Bookworm,3e068b4e-d334-4f4d-96ae-11d0c60c48f0,Elon Musk,Unknown,Unknown,
47,27/03/2022,BBB Meetup #47,Bookworm,bd14126f-39e0-411b-ab6a-91d702b136df,Finlay Donovan is killing it,Unknown,Unknown,
47,27/03/2022,BBB Meetup #47,Bookworm,35db4b6e-b4b4-4090-8ca5-8370c1bce7ea,Frankenstein,Unknown,Unknown,
47,27/03/2022,BBB Meetup #47,Bookworm,40e6d885-fb4d-4fc5-bf43-dfb9f2fc1cbe,Free Poems of Early Buddhist Women,Unknown,Unknown,
47,27/03/2022,BBB Meetup #47,Bookworm,32dcfa1c-a3d5-45cd-9c54-fe854e07b57b,Harry Potter,Unknown,Unknown,
47,27/03/2022,BBB Meetup #47,Bookworm,28f0abac-1138-4338-9a3c-d891eed61748,History of Middle Earth,Unknown,Unknown,
47,27/03/2022,BBB Meetup #47,Bookworm,fd129688-72fb-4823-af4c-b5e0f45dfca5,Humans,Matt Haig,Unknown,
47,27/03/2022,BBB Meetup #47,Bookworm,acbefee2-c3e0-48e5-9931-8da21b9cf43b,Kafka on the Shore,Unknown,Unknown,
47,27/03/2022,BBB Meetup #47,Bookworm,a0930bfc-2c6d-44d6-9d7c-506e9de9a296,"Kings, Saviors and Scoundrels",Unknown,Unknown,
47,27/03/2022,BBB Meetup #47,Bookworm,89cf8e97-96ef-4faa-92ad-2c5830a3c0ae,Life is What you Make it,Unknown,Unknown,
47,27/03/2022,BBB Meetup #47,Bookworm,d0765571-889d-4627-955c-86c5883c3163,Notes of a Dirty Old Man,"Charles Bukowski...i hope you are keeping track of all the data im giving you, cuz more is yet to vome",Unknown,
47,27/03/2022,BBB Meetup #47,Bookworm,3ac6e7db-9eb5-41d0-8042-9d380705eaee,Numbercaste,Unknown,Unknown,
47,27/03/2022,BBB Meetup #47,Bookworm,06f2aa5d-9f33-421a-91fb-b23779e43377,Poor Charlie’s Almanack,Unknown,Unknown,
47,27/03/2022,BBB Meetup #47,Bookworm,7507cfcf-9933-491b-96be-675ecfcc04f2,Project Hail Mary,Unknown,Unknown,
47,27/03/2022,BBB Meetup #47,Bookworm,ccb3b166-42b1-4c9a-b390-50967af84eaf,Reasons to Stay Alive,Unknown,Unknown,
47,27/03/2022,BBB Meetup #47,Bookworm,a21c3efe-ab7a-4b32-936d-fe412eae5736,Sapiens,Unknown,Unknown,
47,27/03/2022,BBB Meetup #47,Bookworm,6e3406fb-2235-48fb-8b55-92abbe15127e,Secret Garden,Unknown,Unknown,
47,27/03/2022,BBB Meetup #47,Bookworm,4f4e7fe2-c7a1-4756-9c87-4e46a0e6fa70,Shadow of the Wind,Unknown,Unknown,
47,27/03/2022,BBB Meetup #47,Bookworm,366d4577-f0e7-4a4c-add3-c99b490d02ae,"Shamans, Mystics and Saints",Unknown,Unknown,
47,27/03/2022,BBB Meetup #47,Bookworm,17f822ce-66a0-4d44-aaf8-c0645d14220a,Shoe Dog,Unknown,Unknown,
47,27/03/2022,BBB Meetup #47,Bookworm,7b7d07fd-9e53-4ba6-a73d-c7a71829541f,Silent Parade,Unknown,Unknown,
47,27/03/2022,BBB Meetup #47,Bookworm,130a9b51-5bf3-477a-b84c-2eaa4c30db73,Six of Crows,Unknown,Unknown,
47,27/03/2022,BBB Meetup #47,Bookworm,282853e7-648e-4519-8c7b-ef739a1a6f1a,Station Eleven,Unknown,Unknown,
47,27/03/2022,BBB Meetup #47,Bookworm,32cb33eb-7e29-42c7-802b-901d66b9f23f,Sum : The 40 Tales of Afterlife,Unknown,Unknown,
47,27/03/2022,BBB Meetup #47,Bookworm,8f28fde7-fad4-4bd8-89d9-0b8a2e31397c,The 3 Body Problem,Unknown,Unknown,
47,27/03/2022,BBB Meetup #47,Bookworm,74f57094-d492-4f93-922f-1c54b3ffba2f,The Bell Jar,Unknown,Unknown,
47,27/03/2022,BBB Meetup #47,Bookworm,a7dca066-d9a3-4069-86c8-68e21c337485,The Cat who Saved Books,Unknown,Unknown,
47,27/03/2022,BBB Meetup #47,Bookworm,1d9a80bc-6d75-4fa2-9b57-37a5c730417a,The Comfort Book,Unknown,Unknown,
47,27/03/2022,BBB Meetup #47,Bookworm,da8b1473-dc27-477d-a3ab-8f27f20adcf7,The Gulag Archipelago,Unknown,Unknown,
47,27/03/2022,BBB Meetup #47,Bookworm,50274453-a39c-4e03-8ba0-cdc111edc42b,The Locked Tomb Series,Unknown,Unknown,
47,27/03/2022,BBB Meetup #47,Bookworm,82edb7fa-aa0a-41af-8df5-7a2386f018f5,The Martian,Unknown,Unknown,
47,27/03/2022,BBB Meetup #47,Bookworm,ecf9414b-6e4a-4755-90d7-b3aa3f89b331,The Midnight Library,Unknown,Unknown,
47,27/03/2022,BBB Meetup #47,Bookworm,5d449abe-e257-4335-bd94-1bb6f1b4fff9,The Millennium Trilogy (,Unknown,Unknown,
47,27/03/2022,BBB Meetup #47,Bookworm,2ca45edf-e9fd-4ff5-9eeb-eec8a6d4c166,The Monk Who Sold His Ferrari,Unknown,Unknown,
47,27/03/2022,BBB Meetup #47,Bookworm,88df147c-b161-4a53-9123-f69cfe127a83,The Psychology of money,Unknown,Unknown,
47,27/03/2022,BBB Meetup #47,Bookworm,c16f152a-e825-4cb0-9f71-bd95b8df8b88,The Shadow of the Wind,Unknown,Unknown,
47,27/03/2022,BBB Meetup #47,Bookworm,62d1f896-5d0a-460c-9d32-0e4df29f6a82,The Sillmarillion,Unknown,Unknown,
47,27/03/2022,BBB Meetup #47,Bookworm,da5c48bd-116f-48ca-8a12-ea0fb4c8b3d3,The Tournament,Unknown,Unknown,
47,27/03/2022,BBB Meetup #47,Bookworm,daace363-1354-43ea-b527-dbf29f5f5b68,This is How you Win the Time War,Unknown,Unknown,
47,27/03/2022,BBB Meetup #47,Bookworm,130d89c4-d466-41e8-ac75-c66135fc31c8,"Wanderers, Kings, Merchants",Unknown,Unknown,
46,27/02/2022,BBB Meetup #46,Bookworm,dbfe3d12-f86c-4d93-ac1b-3da7d478dc6c,A Time to Kill,Unknown,Unknown,
46,27/02/2022,BBB Meetup #46,Bookworm,3eeb032a-f08b-48b3-afaa-5ec5b3ee1d4b,A history of places,Unknown,Unknown,
46,27/02/2022,BBB Meetup #46,Bookworm,0d2f66e7-b581-4f0f-b4f4-424918e02d09,A time for Mercy,John Grisham,Unknown,
46,27/02/2022,BBB Meetup #46,Bookworm,22b78c36-8990-4254-955a-41763f68d354,Assassin’s Apprentice,Unknown,Unknown,
46,27/02/2022,BBB Meetup #46,Bookworm,16b17e31-b80b-4ccf-a559-3c62c5d4f20e,Better to have gone,Akash Kapoor,Unknown,
46,27/02/2022,BBB Meetup #46,Bookworm,56ddef9e-b485-4032-b6eb-c76d92fe85da,Big Trouble,Dave Barry,Unknown,
46,27/02/2022,BBB Meetup #46,Bookworm,b9602241-e0c6-478b-8ea6-e8d0f3cf9393,Cards on the table,Agatha Christie,Unknown,
46,27/02/2022,BBB Meetup #46,Bookworm,f2f7ea1b-52a3-4167-9195-569037406d3b,Comfort me with Apples,Unknown,Unknown,
46,27/02/2022,BBB Meetup #46,Bookworm,1b13991c-f7f5-43be-9630-fc4ffceb6f9e,Count Zero,Unknown,Unknown,
46,27/02/2022,BBB Meetup #46,Bookworm,a4050026-566f-4a17-bad3-535c39eb5319,Dated: 27th February 2022,Unknown,Unknown,
46,27/02/2022,BBB Meetup #46,Bookworm,31d3e628-f076-4eb1-89d0-f4d406ac9670,Designing your life,Unknown,Unknown,
46,27/02/2022,BBB Meetup #46,Bookworm,931447a2-baf8-4bc3-8779-675de4a974ad,Designing your new work life,Unknown,Unknown,
46,27/02/2022,BBB Meetup #46,Bookworm,59669dfc-f41b-4098-9087-f26f65050ec5,Desperately seeking Shahrukh Khan,Unknown,Unknown,
46,27/02/2022,BBB Meetup #46,Bookworm,00ffda1d-edec-4ab7-9abb-3d22b23dd656,Dial A for Aunties,Unknown,Unknown,
46,27/02/2022,BBB Meetup #46,Bookworm,c255d759-a7f5-4d0e-9940-9e03b050ca00,Every last Secret,A R Torres,Unknown,
46,27/02/2022,BBB Meetup #46,Bookworm,bd14126f-39e0-411b-ab6a-91d702b136df,Finlay Donovan is killing it,Unknown,Unknown,
46,27/02/2022,BBB Meetup #46,Bookworm,0f9c85b8-2c2b-447e-91d5-9533cf691e78,How I learned to understand the world,Hans Rosling,Unknown,
46,27/02/2022,BBB Meetup #46,Bookworm,64263e25-72d7-4eb1-b93e-bd210579f9b2,Jurassic Park,Unknown,Unknown,
46,27/02/2022,BBB Meetup #46,Bookworm,d1a42be7-321b-4e95-b75f-537cf7cf8c92,Lords of the Deccan,Unknown,Unknown,
46,27/02/2022,BBB Meetup #46,Bookworm,aa46d3d1-3de6-4f3a-9323-695e954525a7,Lost and Found,Kathyrn Schulz,Unknown,
46,27/02/2022,BBB Meetup #46,Bookworm,28851cdc-9d63-49b0-9426-fae418bf96be,Malibu Rising,Unknown,Unknown,
46,27/02/2022,BBB Meetup #46,Bookworm,26bf742d-b093-47d2-ba25-9acf3f94433f,Monalisa Overdrive,Unknown,Unknown,
46,27/02/2022,BBB Meetup #46,Bookworm,adb44ee8-a9ef-42d4-aece-903e2e8d8fd4,Neuromancer,Unknown,Unknown,
46,27/02/2022,BBB Meetup #46,Bookworm,f2498561-7dd6-4862-bc9c-cbf18fe564bd,Not a happy family,Shari Lapana,Unknown,
46,27/02/2022,BBB Meetup #46,Bookworm,f5d8896e-011f-42f2-aa35-1db2d3d247e9,Old Man’s War,Unknown,Unknown,
46,27/02/2022,BBB Meetup #46,Bookworm,7507cfcf-9933-491b-96be-675ecfcc04f2,Project Hail Mary,Unknown,Unknown,
46,27/02/2022,BBB Meetup #46,Bookworm,b51cbfe9-354a-41db-9e98-0bef62d0d831,Safehouse,Jo Jakeman,Unknown,
46,27/02/2022,BBB Meetup #46,Bookworm,78c1c99b-8fff-4ad8-9bc5-6e263416310e,Salmon of Doubt,Unknown,Unknown,
46,27/02/2022,BBB Meetup #46,Bookworm,7c65465a-df1c-404d-a9f1-5a2246733a38,Seven and half deaths of Evelyn Hardcastle,Unknown,Unknown,
46,27/02/2022,BBB Meetup #46,Bookworm,7b7d07fd-9e53-4ba6-a73d-c7a71829541f,Silent Parade,Unknown,Unknown,
46,27/02/2022,BBB Meetup #46,Bookworm,130a9b51-5bf3-477a-b84c-2eaa4c30db73,Six of Crows,Unknown,Unknown,
46,27/02/2022,BBB Meetup #46,Bookworm,e6859a13-dd1e-4dac-b9fa-c8e6987a56b6,Sweet sweet revenge limited,Unknown,Unknown,
46,27/02/2022,BBB Meetup #46,Bookworm,00e74489-e097-49cc-881f-a28c2e3247c9,The 100 years of Lenny and Margot,Unknown,Unknown,
46,27/02/2022,BBB Meetup #46,Bookworm,014efa23-0fbc-4c27-98ac-aa6d066a8bb6,The Hitchhiker’s Guide to the Galaxy,Unknown,Unknown,
46,27/02/2022,BBB Meetup #46,Bookworm,c1081677-8913-4bff-a84c-0c59f8906da7,The Poetry Pharmacy (,Unknown,Unknown,
46,27/02/2022,BBB Meetup #46,Bookworm,49475545-b504-42c4-9c81-e8caa5db9b74,The Riyria Revelations,Unknown,Unknown,
46,27/02/2022,BBB Meetup #46,Bookworm,f2271f97-f780-4493-8ad9-52533b42e3fc,The Road trip,Unknown,Unknown,
46,27/02/2022,BBB Meetup #46,Bookworm,0a2f4d41-4946-4c78-8afc-4d9dceab4315,The Seven Husband’s of Evelyn Hugo,Unknown,Unknown,
46,27/02/2022,BBB Meetup #46,Bookworm,c021a5e0-3622-4477-9e75-50a090de6907,The Storied life of A J Fikry,Unknown,Unknown,
46,27/02/2022,BBB Meetup #46,Bookworm,0d1d326d-d6cf-4408-a816-cd6e5f68e27e,The faithful and the fallen,John Gwynne (Series),Unknown,
46,27/02/2022,BBB Meetup #46,Bookworm,aaed0d20-ecdb-4e9d-b4e7-46888f60a5a1,The ghost brigade,Unknown,Unknown,
46,27/02/2022,BBB Meetup #46,Bookworm,2fb92bf7-6976-4aef-acd8-3d7481397f84,The house in the Cerulean Sea,Unknown,Unknown,
46,27/02/2022,BBB Meetup #46,Bookworm,e0ad055d-f163-4c12-ae93-09d7b092465c,The sage with two horns,Unknown,Unknown,
46,27/02/2022,BBB Meetup #46,Bookworm,9d00ebea-57dd-4e9a-983a-276dc1de163b,Under the Whispering Door,Unknown,Unknown,
46,27/02/2022,BBB Meetup #46,Bookworm,52063ca1-0af8-4186-849c-29fb8dd20b3c,Valmiki’s Women,Unknown,Unknown,
45,17/12/2021,BBB Meetup #45,Bookworm,17a53cb3-3a0a-4515-8d27-fbb0b823c392,A Man called Ove (,Unknown,Unknown,
45,17/12/2021,BBB Meetup #45,Bookworm,429a3da6-5df9-4cf8-8898-3c9d156bf7d2,A fine balance (,Unknown,Unknown,
45,17/12/2021,BBB Meetup #45,Bookworm,ece8fdb3-f2a2-483d-8f99-9c049ef357ab,A suitable boy (,Unknown,Unknown,
45,17/12/2021,BBB Meetup #45,Bookworm,5f827445-2abb-4e6c-b62a-afa77d842048,An Elegant Puzzle,Unknown,Unknown,
45,17/12/2021,BBB Meetup #45,Bookworm,d5d324ad-547f-4033-a60b-f72d260c66b1,An Invitation to Die,Tanushree Podder,Unknown,
45,17/12/2021,BBB Meetup #45,Bookworm,f19b9932-20a7-4ddb-a277-199a2efcfc4f,Anand Teltumbe,Unknown,Unknown,
45,17/12/2021,BBB Meetup #45,Bookworm,e127ba47-b29a-495c-87f5-d030e51f1dc6,Anna Karenina,Unknown,Unknown,
45,17/12/2021,BBB Meetup #45,Bookworm,3a957751-1657-4558-bf50-3e64c605b26f,Anxious People,Unknown,Unknown,
45,17/12/2021,BBB Meetup #45,Bookworm,6d261842-e67f-42fc-a782-9687615d9aea,Banaras,Diana L. Eck,Unknown,
45,17/12/2021,BBB Meetup #45,Bookworm,8b61afac-00ec-45ba-addf-bd85ea9e07e4,Beauty is a Wound,Unknown,Unknown,
45,17/12/2021,BBB Meetup #45,Bookworm,8e97afcd-fe04-4588-9760-d5e3741d16a1,Call the Midwife,Unknown,Unknown,
45,17/12/2021,BBB Meetup #45,Bookworm,84e73420-e1fa-4b87-a698-57dccb29ac1d,Caste,M Subramaniyam,Unknown,
45,17/12/2021,BBB Meetup #45,Bookworm,9c2a9533-922b-4df5-b179-490a51292a41,Caste Among Equals,Unknown,Unknown,
45,17/12/2021,BBB Meetup #45,Bookworm,bbca3f07-b9ee-4ae0-8c08-b4208e7fe1cf,Cuckoo’s Calling,Unknown,Unknown,
45,17/12/2021,BBB Meetup #45,Bookworm,1bb00177-bad2-464f-9537-1854c3bb3783,Desperately Seeking Shahrukh,Unknown,Unknown,
45,17/12/2021,BBB Meetup #45,Bookworm,039988bc-9e5e-4913-8cf8-734d38afd9a9,Despite the State,Unknown,Unknown,
45,17/12/2021,BBB Meetup #45,Bookworm,00ffda1d-edec-4ab7-9abb-3d22b23dd656,Dial A for Aunties,Unknown,Unknown,
45,17/12/2021,BBB Meetup #45,Bookworm,807f0096-5cc5-40b5-810a-b1e36840ba89,Don’t Tell the Governor,Ravi Subramaniyam,Unknown,
45,17/12/2021,BBB Meetup #45,Bookworm,d4ef2308-c813-44f0-b1ae-bfc90031860a,Dune (,Unknown,Unknown,
45,17/12/2021,BBB Meetup #45,Bookworm,54276a3e-1832-4b24-8378-4f4ea2adef2c,Earthsea,Unknown,Unknown,
45,17/12/2021,BBB Meetup #45,Bookworm,cb6c83ca-7408-4af5-97d5-911d60e56e7c,Elantris,Unknown,Unknown,
45,17/12/2021,BBB Meetup #45,Bookworm,9dbf9f66-b52a-40b6-88e3-202a25964c58,Everybody Loves a Good Drought,P. Sainath,Unknown,
45,17/12/2021,BBB Meetup #45,Bookworm,c93f2c37-c5c5-4f50-b1ee-b36a60152122,Flowers for Algernon,Unknown,Unknown,
45,17/12/2021,BBB Meetup #45,Bookworm,65a16c9e-8b67-4756-af63-fa8783529b58,God is a Banker,Unknown,Unknown,
45,17/12/2021,BBB Meetup #45,Bookworm,32dcfa1c-a3d5-45cd-9c54-fe854e07b57b,Harry Potter,Unknown,Unknown,
45,17/12/2021,BBB Meetup #45,Bookworm,9b4991ec-da6a-43db-888d-859d900dcd00,In the Name of God,Ravi Subramaniyam,Unknown,
45,17/12/2021,BBB Meetup #45,Bookworm,655302d4-9161-4f5f-a3ee-4cd58e9477ba,Indians,Namit Arora,Unknown,
45,17/12/2021,BBB Meetup #45,Bookworm,d49a6354-ed9b-4e55-a3e7-e8b20de01c37,Islamic Architecture,Unknown,Unknown,
45,17/12/2021,BBB Meetup #45,Bookworm,74841d02-00a0-4fe7-a724-e877339378d9,Jodorowsky’s Dune (documentary),Unknown,Unknown,
45,17/12/2021,BBB Meetup #45,Bookworm,5d7169cc-7843-4e4e-8369-c1c378c481d7,Kitty Party Murder,Unknown,Unknown,
45,17/12/2021,BBB Meetup #45,Bookworm,a2987353-3d89-47e7-854c-b6aec89a3058,Letters to a Young Poet,Unknown,Unknown,
45,17/12/2021,BBB Meetup #45,Bookworm,3753baab-a5a8-474b-b0c5-4dd524b8dd4f,Malazan (,Unknown,Unknown,
45,17/12/2021,BBB Meetup #45,Bookworm,6d3cb5bb-b6dc-4efd-8a48-76573c25460c,Malevolent Republic,Unknown,Unknown,
45,17/12/2021,BBB Meetup #45,Bookworm,4005291b-c2da-45ee-89a4-e0deaf0f648c,Motherland,Leah Franke,Unknown,
45,17/12/2021,BBB Meetup #45,Bookworm,4ebce4ec-d149-4859-828d-053474217af2,Murder on Malbar Hill,Unknown,Unknown,
45,17/12/2021,BBB Meetup #45,Bookworm,adb44ee8-a9ef-42d4-aece-903e2e8d8fd4,Neuromancer,Unknown,Unknown,
45,17/12/2021,BBB Meetup #45,Bookworm,2a13e0a1-6ea0-473a-ae92-dc663b007f5c,Ocean of Churn,Unknown,Unknown,
45,17/12/2021,BBB Meetup #45,Bookworm,cfa60b0b-8c78-4974-aa46-a66f8f1ae43b,Ramrao,Jaydeep,Unknown,
45,17/12/2021,BBB Meetup #45,Bookworm,7ab718f2-0507-4209-87fb-19f8c4022b36,Rhythm of War,Unknown,Unknown,
45,17/12/2021,BBB Meetup #45,Bookworm,c68aba51-cb13-4354-80e4-13933d869a3e,SPQR,Unknown,Unknown,
45,17/12/2021,BBB Meetup #45,Bookworm,93f5697a-40ea-48a0-ab31-a4b1d45709e2,Shantaram,Unknown,Unknown,
45,17/12/2021,BBB Meetup #45,Bookworm,b8fc36f7-96a2-4d3d-a3e4-92190f0d67d8,Slowly Down the Ganga,Unknown,Unknown,
45,17/12/2021,BBB Meetup #45,Bookworm,16a12ebe-161c-4452-a202-a5819d8a5449,Snow Crash,Unknown,Unknown,
45,17/12/2021,BBB Meetup #45,Bookworm,54de8c62-06f2-457a-9319-9a3aac01d06a,Sprawl Trilogy,Neal Stephenson,Unknown,
45,17/12/2021,BBB Meetup #45,Bookworm,b7ad98a9-bc57-4851-8007-3a46f8722c82,Staff Engineer,Will Larson,Unknown,
45,17/12/2021,BBB Meetup #45,Bookworm,9c2095a5-f85a-493b-8555-7c0e47ecc893,The Bill Hodges Trilogy,Unknown,Unknown,
45,17/12/2021,BBB Meetup #45,Bookworm,f1febea8-f5ad-47bb-a434-dff0a3dc7d87,The Boron Letters,Gary Halbert,Unknown,
45,17/12/2021,BBB Meetup #45,Bookworm,3bc99ed1-65a6-428f-8afa-7fe7ec400dce,The Broken Earth Trilogy,Unknown,Unknown,
45,17/12/2021,BBB Meetup #45,Bookworm,b4d76151-6aa2-483f-aa25-f0954d1433ea,The Incal,Jodorowsky,Unknown,
45,17/12/2021,BBB Meetup #45,Bookworm,a88c219a-87de-4f92-9a52-9064a5111e9f,The Manager’s Path,Unknown,Unknown,
45,17/12/2021,BBB Meetup #45,Bookworm,dceed991-4398-4ebd-b275-f9affffea118,The Purgatory of Forgotten Dreams,Unknown,Unknown,
45,17/12/2021,BBB Meetup #45,Bookworm,5bc7a1bd-def8-4d01-8c1a-f8af4c81fc99,The Sanatorium,Sarah Pearse,Unknown,
45,17/12/2021,BBB Meetup #45,Bookworm,6d7f9da1-cd8c-4ed5-a958-6d1bb6b6c92d,The Story of China,Michael Wood,Unknown,
45,17/12/2021,BBB Meetup #45,Bookworm,00a8a05c-b734-45a3-895d-fde81b810d63,The Story of India,Michael Wood,Unknown,
45,17/12/2021,BBB Meetup #45,Bookworm,f4a6f1c2-9ef2-438a-ad11-26926cbd2116,The Sun & Two Seas,Vikranjit Rao,Unknown,
45,17/12/2021,BBB Meetup #45,Bookworm,eb9a7e8a-55c4-4e92-84ef-1f584dcf289b,Tyranny of Merit,Unknown,Unknown,
45,17/12/2021,BBB Meetup #45,Bookworm,31df23d5-4186-4469-a0db-ba41ed7b9414,"Vengeance is Mine, All Others Pay Cash",Unknown,Unknown,
45,17/12/2021,BBB Meetup #45,Bookworm,48e67088-230a-4883-ad73-eb92f2419a57,We Are Like That Only,Unknown,Unknown,
45,17/12/2021,BBB Meetup #45,Bookworm,15e20c44-e614-4f1d-afa6-f0118854ae50,Wheel of Time,Unknown,Unknown,
45,17/12/2021,BBB Meetup #45,Bookworm,35a49a75-c86d-4216-b84c-c37990a127dd,Wolf Hall,Hilary Mantel,Unknown,
40,30/05/2021,BBB Meetup #40,Online,b05e3407-8c54-458d-ab48-f4bd63d3ec56,A Short History of Nearly Everything,Unknown,Unknown,
40,30/05/2021,BBB Meetup #40,Online,72c353c7-297d-4be0-b786-208c2f3e0407,A short note on grief,Unknown,Unknown,
40,30/05/2021,BBB Meetup #40,Online,845782c3-e895-49a6-94d5-ac16f997bad1,A wizard of earthsea,Unknown,Unknown,
40,30/05/2021,BBB Meetup #40,Online,ae5eedad-327f-4b24-abb0-9b928c89880a,Alone in Berlin,Unknown,Unknown,
40,30/05/2021,BBB Meetup #40,Online,8d9ae8d0-063b-49e7-b0e0-b9a2f0213b60,An astronaut’s guide to life on Earth,Unknown,Unknown,
40,30/05/2021,BBB Meetup #40,Online,a52baf16-9e71-40da-acb7-6a17474f383f,Arsene Lupin,Unknown,Unknown,
40,30/05/2021,BBB Meetup #40,Online,4100bdd7-dfff-48d2-8ddf-1221a94c7063,Artistotle and Dante discover the secrets of universe,Unknown,Unknown,
40,30/05/2021,BBB Meetup #40,Online,b328ee0b-c554-4700-a1bc-95ffea9f02af,Bone (Graphic Novel),Unknown,Unknown,
40,30/05/2021,BBB Meetup #40,Online,3da3d581-27b8-4ba8-a5b8-fe92a99f7f76,Can’t hurt me,David Goggins,Unknown,
40,30/05/2021,BBB Meetup #40,Online,1de0c462-8258-4898-ab23-af6eb8f652a1,Cradle 1-9,Unknown,Unknown,
40,30/05/2021,BBB Meetup #40,Online,7379897b-4f5e-4891-b56c-70a1faee6d94,Eleanor Oliphant is completely fine,Unknown,Unknown,
40,30/05/2021,BBB Meetup #40,Online,2c716202-9607-4261-869e-6a70d8a94439,Forgetting and other Short Stories,Debashish Makhija,Unknown,
40,30/05/2021,BBB Meetup #40,Online,c888cf74-7c4b-4649-be1f-b748b3f8e82c,Freedom at Midnight,Unknown,Unknown,
40,30/05/2021,BBB Meetup #40,Online,d7c80cb3-db20-4ff2-b792-5a016445b25d,Girl A,Abigail Dean,Unknown,
40,30/05/2021,BBB Meetup #40,Online,bfb00402-3aa8-4eda-aa4b-bec033a87c58,Hamlet,Unknown,Unknown,
40,30/05/2021,BBB Meetup #40,Online,4bccee83-9cb3-4b84-b8e1-e6cb2831cc5d,Heartstopper (Graphic Novel),Unknown,Unknown,
40,30/05/2021,BBB Meetup #40,Online,dea8b105-0933-4a65-b820-87cf0d895bb5,Hooked,Unknown,Unknown,
40,30/05/2021,BBB Meetup #40,Online,65a10a46-a62c-432b-ad55-83a48ec73924,Indistractible,Unknown,Unknown,
40,30/05/2021,BBB Meetup #40,Online,ca8dfb24-e56c-4378-ac33-9064ebfc87e9,Invincible,Unknown,Unknown,
40,30/05/2021,BBB Meetup #40,Online,9007129b-7ee1-44e5-98cc-142feb9ca49b,Kitchen Confidential,Unknown,Unknown,
40,30/05/2021,BBB Meetup #40,Online,61c1d305-2ca5-4225-b3b9-4030a220f6da,Lords and ladies (Discworld #14),Unknown,Unknown,
40,30/05/2021,BBB Meetup #40,Online,77b15e8f-5e6c-4312-b1eb-12440e251a0d,Love & Gelato,Unknown,Unknown,
40,30/05/2021,BBB Meetup #40,Online,3753baab-a5a8-474b-b0c5-4dd524b8dd4f,Malazan (,Unknown,Unknown,
40,30/05/2021,BBB Meetup #40,Online,818efaf4-d92a-4f4e-bb14-0c605e242345,Man’s Search for Meaning (,Unknown,Unknown,
40,30/05/2021,BBB Meetup #40,Online,9880163e-f9cf-4d94-9937-4a097022c433,Maybe you should talk to someone,Unknown,Unknown,
40,30/05/2021,BBB Meetup #40,Online,65ac76f7-6159-4705-b4c7-7f44c0257407,Men at Arms (Discworld #15),Unknown,Unknown,
40,30/05/2021,BBB Meetup #40,Online,6f76ec29-50bf-418f-b489-300dad357526,Mortality By Christopher Hitchens,Unknown,Unknown,
40,30/05/2021,BBB Meetup #40,Online,2b3ae655-4f5d-4a59-9307-3d9867101a12,Mrs Dalloway,Virginia Woolfe,Unknown,
40,30/05/2021,BBB Meetup #40,Online,219e3be3-2865-4f64-a2b1-54abb5f28dd3,Nightwatch (Discworld #29),Unknown,Unknown,
40,30/05/2021,BBB Meetup #40,Online,c4c4b470-9ea4-44b0-aef6-684ffbb3c138,Nimona,Unknown,Unknown,
40,30/05/2021,BBB Meetup #40,Online,1deb8940-0734-4b84-8564-cf692b1a89ca,No Full Stops in India,Unknown,Unknown,
40,30/05/2021,BBB Meetup #40,Online,349426de-2f84-408d-9a48-ec14e97aeebc,People we meet on Vacation,Unknown,Unknown,
40,30/05/2021,BBB Meetup #40,Online,44da5c5c-35c2-4007-b625-907eaeb917b3,Peter Pan,Unknown,Unknown,
40,30/05/2021,BBB Meetup #40,Online,923c9f1d-1a8d-48b7-b35c-cf2bc4ab0766,Power of Geography,Unknown,Unknown,
40,30/05/2021,BBB Meetup #40,Online,7507cfcf-9933-491b-96be-675ecfcc04f2,Project Hail Mary,Unknown,Unknown,
40,30/05/2021,BBB Meetup #40,Online,a216d4f5-d1bf-41cb-9881-2a203ac82d2a,Shadow and Bone,Unknown,Unknown,
40,30/05/2021,BBB Meetup #40,Online,da5ac14e-d344-443a-b81b-fb3c23d3479a,Short Stories from New Voices,Unknown,Unknown,
40,30/05/2021,BBB Meetup #40,Online,2349b5e3-3160-4bab-a6bd-8a8d0f6ede14,Song of Achilles,Unknown,Unknown,
40,30/05/2021,BBB Meetup #40,Online,dc376d39-fd44-49b1-b91c-133e6fd142b4,Soul Music (Discworld #16),Unknown,Unknown,
40,30/05/2021,BBB Meetup #40,Online,6898063b-f862-4f9d-a255-dabb8cfbc494,Story of the Office,Unknown,Unknown,
40,30/05/2021,BBB Meetup #40,Online,747e61be-59d5-4264-83ee-b24f23f3e8f5,The Future Is Faster Than You Think,Unknown,Unknown,
40,30/05/2021,BBB Meetup #40,Online,0fad69bf-c845-43e0-87b8-456b9b25cb53,The Sirens of Titan,Unknown,Unknown,
40,30/05/2021,BBB Meetup #40,Online,bf3e785e-6859-4ff3-b8a2-34ebad48eb9d,The Traveling Cat Chronicles,Unknown,Unknown,
40,30/05/2021,BBB Meetup #40,Online,abc52782-b58d-42ec-8808-bf5372013c14,The Worm at the Core,Unknown,Unknown,
40,30/05/2021,BBB Meetup #40,Online,db30fb4f-dfaf-4ad2-8ce5-e441d1a8c451,Ubik (,Unknown,Unknown,
40,30/05/2021,BBB Meetup #40,Online,86fb22c0-61aa-40f4-bfbd-9bfdfa74bc2d,Well of Ascension,Unknown,Unknown,
40,30/05/2021,BBB Meetup #40,Online,8f351e5e-e5e2-4b51-bf53-e8cb65547377,When All is Said,Unknown,Unknown,
40,30/05/2021,BBB Meetup #40,Online,084b6294-9e42-4799-8d00-d344263d6e01,Words of Radiance,Unknown,Unknown,
40,30/05/2021,BBB Meetup #40,Online,c65e8e1a-e9fe-4d30-a2c6-3b36bf0d5745,Wyrd Sisters (Discworld #6),Unknown,Unknown,
37,31/01/2021,BBB Meetup #37,Online,168c482a-ec60-4809-8bb3-201036beb6bb,A Burning,Megha,Unknown,
37,31/01/2021,BBB Meetup #37,Online,b53ab80f-4768-42bb-bfa7-2726175811ff,A Corner of a Foreign Field (,Unknown,Unknown,
37,31/01/2021,BBB Meetup #37,Online,1fedbc73-75e0-41d8-98c0-fa3929ecf339,An American Marriage (,Unknown,Unknown,
37,31/01/2021,BBB Meetup #37,Online,d33768c8-bc85-4a29-8da4-976638ea24f5,Berlin,Unknown,Unknown,
37,31/01/2021,BBB Meetup #37,Online,e4c63a35-581e-489b-9c3e-af47e01ed373,Caste: The Origins of Our Discontents,Unknown,Unknown,
37,31/01/2021,BBB Meetup #37,Online,4e0c17f3-e7f2-4c47-9ec5-49d0cc5b84e9,Collected essays on Caste,Unknown,Unknown,
37,31/01/2021,BBB Meetup #37,Online,dbda8107-af63-42a3-8593-de17a95bc50b,Creatures of Light and Darkness,Unknown,Unknown,
37,31/01/2021,BBB Meetup #37,Online,b12c1fa0-8ca6-4541-bdde-f62fb734c6d9,Days of Distraction,Unknown,Unknown,
37,31/01/2021,BBB Meetup #37,Online,96291bdd-3242-4d3e-a7de-24a2d07cdb2e,Democracy’s XI (1947-present),Unknown,Unknown,
37,31/01/2021,BBB Meetup #37,Online,924fab4e-4e83-4ae4-99b4-831a76cc0066,Djinn Patrol on the Purple Line,Unknown,Unknown,
37,31/01/2021,BBB Meetup #37,Online,d4ef2308-c813-44f0-b1ae-bfc90031860a,Dune (,Unknown,Unknown,
37,31/01/2021,BBB Meetup #37,Online,81dc6f51-1724-48cf-8cc9-60c57a92f870,From Mumbai to Durban,Unknown,Unknown,
37,31/01/2021,BBB Meetup #37,Online,8217dba5-2720-467b-aa47-363cdc7d7420,Ghost Stories From The Raj,Unknown,Unknown,
37,31/01/2021,BBB Meetup #37,Online,e6619c16-ba86-42f9-8883-b4bcc7606af9,Guest List,Unknown,Unknown,
37,31/01/2021,BBB Meetup #37,Online,c22fa474-7a71-41c5-9489-236da76a4448,Homegoing,Unknown,Unknown,
37,31/01/2021,BBB Meetup #37,Online,8a526c66-8c03-4af5-8261-b84f28892051,Ibis Trilogy,Unknown,Unknown,
37,31/01/2021,BBB Meetup #37,Online,ed10b0bf-bd91-45f4-90d8-cfd9e4a9974b,Katha Upanishad,Unknown,Unknown,
37,31/01/2021,BBB Meetup #37,Online,55e84bb5-6a99-4261-b3e2-33210edc50c9,Kindred,Octavia Butler,Unknown,
37,31/01/2021,BBB Meetup #37,Online,9af78fbf-9baf-449c-9c12-cb93b63349e9,Long way to a small angry planet _ Way farers trilogy,Unknown,Unknown,
37,31/01/2021,BBB Meetup #37,Online,7b7636bc-e2ef-4bb6-b10d-05daf74f5518,Midwicket tales,Unknown,Unknown,
37,31/01/2021,BBB Meetup #37,Online,12dbc599-fb70-47b9-a86e-c2988e82a06d,Ms Kim Jiyoung_ Born 1982,Unknown,Unknown,
37,31/01/2021,BBB Meetup #37,Online,62e1cf99-5fba-4756-96e0-efe42e57dd0a,Night School,Jack Reacher,Unknown,
37,31/01/2021,BBB Meetup #37,Online,a48b9d13-cac6-4670-ac0e-39174db674cd,Oathbringer,Unknown,Unknown,
37,31/01/2021,BBB Meetup #37,Online,8360701f-5eb0-47db-b131-740e768cf7b7,Purgatory of Half Forgotten Riddles,Unknown,Unknown,
37,31/01/2021,BBB Meetup #37,Online,4e180368-652a-45da-aeea-f05626eedd4f,Sandman Slim Series,Unknown,Unknown,
37,31/01/2021,BBB Meetup #37,Online,3483d8b0-1993-4491-8ad5-507115339170,Sprawl Series,Unknown,Unknown,
37,31/01/2021,BBB Meetup #37,Online,79094346-6235-4f0f-b6d4-50da504fd497,Strange Planets,Unknown,Unknown,
37,31/01/2021,BBB Meetup #37,Online,07b39a96-0747-4947-bbd5-50bcfb0ad080,Swords(Graphic Novel),Unknown,Unknown,
37,31/01/2021,BBB Meetup #37,Online,6d657a74-275a-4868-b9d7-2b1958cb7b46,The Circle of Reason,Amitav Ghosh,Unknown,
37,31/01/2021,BBB Meetup #37,Online,992be9c6-bcc5-479c-aad8-ce407c3f7e5d,The Dragonfly ; Unforgettable Short Fiction,Unknown,Unknown,
37,31/01/2021,BBB Meetup #37,Online,04ac2c09-36a8-4086-a838-aef73799991a,The Powder Mage Trilogy,Unknown,Unknown,
37,31/01/2021,BBB Meetup #37,Online,88df147c-b161-4a53-9123-f69cfe127a83,The Psychology of money,Unknown,Unknown,
37,31/01/2021,BBB Meetup #37,Online,f9a3c75b-85cb-4443-bec3-669109612c80,The Saartha,Caravan - SL Bhyrappa,Unknown,
37,31/01/2021,BBB Meetup #37,Online,62f40f9c-c0ab-4404-8872-845d713989ed,These_ Our Bodies_ Possessed,Light,Unknown,
37,31/01/2021,BBB Meetup #37,Online,97f43c3e-b62b-45a8-97ef-5da0cf64a857,This is how you lose the time war,Unknown,Unknown,
37,31/01/2021,BBB Meetup #37,Online,06b40f7c-46cd-4c3f-a484-44489a1f99a4,Viral Acharya,Quest for restoring financial stability in India,Unknown,
37,31/01/2021,BBB Meetup #37,Online,bff51774-5b36-48d7-a706-c0c40fc243c4,When the apricots bloom,Unknown,Unknown,
34,25/10/2020,BBB Meetup #34,Online,a1db5e14-6d37-4a10-a715-d5ff95bc26be,A Murder in Mesopotamia,Unknown,Unknown,
34,25/10/2020,BBB Meetup #34,Online,76b8ce5e-7600-4078-b092-e91bc475f732,Accidental Magic,Unknown,Unknown,
34,25/10/2020,BBB Meetup #34,Online,60f815c7-3801-43ec-ae03-2b394910d416,Anne of Green Gables,Unknown,Unknown,
34,25/10/2020,BBB Meetup #34,Online,f7c0b90a-ded5-4f77-a66b-c71f42958dc1,Catch and Kill,Unknown,Unknown,
34,25/10/2020,BBB Meetup #34,Online,33e3b42d-5f2a-4a6a-a2b9-9b34fef54fd6,David Attenborough’s Life on Air: Memoirs of a Broadcaster,Unknown,Unknown,
34,25/10/2020,BBB Meetup #34,Online,a8d51245-b918-405f-a68b-9c93c7e3b45f,Fahrenheit 451,Unknown,Unknown,
34,25/10/2020,BBB Meetup #34,Online,ed01eeee-2a0a-4762-98cb-e16c2947a8a9,Foundation and Earth,Unknown,Unknown,
34,25/10/2020,BBB Meetup #34,Online,65a10a46-a62c-432b-ad55-83a48ec73924,Indistractible,Unknown,Unknown,
34,25/10/2020,BBB Meetup #34,Online,f576206d-fb3e-4b04-bd67-1376cb36f2c3,Lightbringer Series,Unknown,Unknown,
34,25/10/2020,BBB Meetup #34,Online,57131ef5-3b20-4341-9bb9-8ecfbb44040d,Malice (,Unknown,Unknown,
34,25/10/2020,BBB Meetup #34,Online,8b9900b8-bc7d-4004-90c7-47f988f99b66,Mister Pip,Unknown,Unknown,
34,25/10/2020,BBB Meetup #34,Online,a5bfe1a6-1d7f-484f-936d-27abda39777e,Neverwhere,Unknown,Unknown,
34,25/10/2020,BBB Meetup #34,Online,0bb89132-1de8-45c4-9c6f-83de541c9ced,Nobody Will Tell You This But Me,Unknown,Unknown,
34,25/10/2020,BBB Meetup #34,Online,e6d04a48-b5f6-4589-b135-7298ec61b5e7,One of Us Is Next,Unknown,Unknown,
34,25/10/2020,BBB Meetup #34,Online,bc373b24-1947-474f-8dcc-fea44706fa18,Other Links,Unknown,Unknown,
34,25/10/2020,BBB Meetup #34,Online,3b3acba3-b898-4e60-8bae-e33c2100e93d,Ready Player One,Unknown,Unknown,
34,25/10/2020,BBB Meetup #34,Online,8ab3ba2c-2c28-41da-be8c-5a7a1299b81e,Srinath Perur in conversation with Vivek Shanbhag on Ghachar Ghochar,Unknown,Unknown,
34,25/10/2020,BBB Meetup #34,Online,b047069c-fc75-401f-90cd-9188a746ebb3,Sticky Fingers: The Life and Times of Jann Wenner and Rolling Stone Magazine,Unknown,Unknown,
34,25/10/2020,BBB Meetup #34,Online,7cfa19bd-7176-4c05-911b-4147f138c9ac,Sum: Forty Tales from the Afterlives,Unknown,Unknown,
34,25/10/2020,BBB Meetup #34,Online,6ce27c5a-d731-4cee-9abc-e3edf060d30b,The Dictator’s handbook,Unknown,Unknown,
34,25/10/2020,BBB Meetup #34,Online,08918cce-b78b-4c07-b980-ab8ebe1d6df9,The Dispossessed,Unknown,Unknown,
34,25/10/2020,BBB Meetup #34,Online,6ae91405-8e87-4736-af99-585a1ee5eb22,The Dresden Files Series,Unknown,Unknown,
34,25/10/2020,BBB Meetup #34,Online,2a52d07c-99d3-40fe-a557-016c5d858b1d,The Liberation of Sita (,Unknown,Unknown,
34,25/10/2020,BBB Meetup #34,Online,1a5835f2-e511-4470-96cf-43b313f4e177,The Lost Flamingoes of Bombay,Unknown,Unknown,
34,25/10/2020,BBB Meetup #34,Online,4dc22637-98ab-40c4-b0ee-a52c32bc83bd,The Missing Queen,Unknown,Unknown,
34,25/10/2020,BBB Meetup #34,Online,a1624e28-8538-4fe7-b2a8-a5e28a08e832,The Sympathizer,Unknown,Unknown,
34,25/10/2020,BBB Meetup #34,Online,3d3bb7f5-32ad-476b-a2e4-3d612ca8d76a,The Women who Forgot to Invent Facebook,Unknown,Unknown,
34,25/10/2020,BBB Meetup #34,Online,17b6f1ca-66a1-41ec-ab1c-798b9f9d7664,The fifth Season (,Unknown,Unknown,
34,25/10/2020,BBB Meetup #34,Online,bf645f0e-9082-4ed4-8499-a1c9c09bd50a,Wari: A Collection of Manipuri Short Stories,Unknown,Unknown,
34,25/10/2020,BBB Meetup #34,Online,5ef9b4c3-754c-4cb6-b3c9-ca6a4b7e945e,https://homegrown.co.in/article/804354/real-stories-from-the-north-east-janice-pariat-lists-books-for-you-to-know-india-better,Unknown,Unknown,
31,12/07/2020,BBB Meetup #31,Online,daad13c2-7e99-48b7-8b64-e4b277490633,Anthology of Poems,Unknown,Unknown,
31,12/07/2020,BBB Meetup #31,Online,23549604-6f95-4f4d-aa5c-6fcd5e34e89a,Brave new world,Unknown,Unknown,
31,12/07/2020,BBB Meetup #31,Online,4e95a3f8-0ecf-47de-95bd-de32e68b40e2,Children of time,Unknown,Unknown,
31,12/07/2020,BBB Meetup #31,Online,709bfecc-43cf-42c3-a84d-af9e6d20387c,Coming Out as Dalit,Unknown,Unknown,
31,12/07/2020,BBB Meetup #31,Online,d4ef2308-c813-44f0-b1ae-bfc90031860a,Dune (,Unknown,Unknown,
31,12/07/2020,BBB Meetup #31,Online,2058bec7-1cf0-41cb-8415-776ec51da8ea,End of Eternity,Unknown,Unknown,
31,12/07/2020,BBB Meetup #31,Online,0d9ec6e8-8821-4215-9e7a-d219243a2066,Going Postal,Unknown,Unknown,
31,12/07/2020,BBB Meetup #31,Online,78310fa8-3938-47b2-b338-0c1210344ed2,Inspired,Unknown,Unknown,
31,12/07/2020,BBB Meetup #31,Online,8f2bbbb2-e5f4-4091-8c9f-6315c65e257d,My name is Awesome,Unknown,Unknown,
31,12/07/2020,BBB Meetup #31,Online,c635b458-bc12-427c-87e4-77ef67d7e216,Night Watch,Unknown,Unknown,
31,12/07/2020,BBB Meetup #31,Online,a81eafda-dca0-427b-85da-ac8279fa6bd2,Prisoners Of Geography,Unknown,Unknown,
31,12/07/2020,BBB Meetup #31,Online,0b04083a-86b9-4ea3-a57d-39bc5c5dbd56,Range,Unknown,Unknown,
31,12/07/2020,BBB Meetup #31,Online,89cfb777-7d18-48f1-8bfb-06187bc0a6b0,Shortest History to Germany,Unknown,Unknown,
31,12/07/2020,BBB Meetup #31,Online,81e440c0-532b-4a83-98bc-d78322dd2c37,Space Odyssey 2001,Unknown,Unknown,
31,12/07/2020,BBB Meetup #31,Online,731f1c3e-65ae-499c-b8ef-7ccf06db1d06,Stephen Zweig,Unknown,Unknown,
31,12/07/2020,BBB Meetup #31,Online,45169a99-6dd7-4973-88dd-768b57d85ba0,Temeraire,Unknown,Unknown,
31,12/07/2020,BBB Meetup #31,Online,11b65aad-535b-47e8-bc09-60e50c612e2b,The ALien Shore,Unknown,Unknown,
31,12/07/2020,BBB Meetup #31,Online,865e75ab-c96b-46fe-85c5-fb6ead57a47a,The Art before the horse,Unknown,Unknown,
31,12/07/2020,BBB Meetup #31,Online,fda87929-a515-4ec5-ad41-37c885021441,The Duke and I,Unknown,Unknown,
31,12/07/2020,BBB Meetup #31,Online,a170f60a-9be7-4b83-b89c-b9e9b3215caa,The God and the Saint,Unknown,Unknown,
31,12/07/2020,BBB Meetup #31,Online,ee09c436-fd6e-4d1a-bca6-121b9a4448f5,The Gods THemselves,Unknown,Unknown,
31,12/07/2020,BBB Meetup #31,Online,7dde0408-6063-40c2-abb8-6b65a2527e64,The Golden Notebook,Unknown,Unknown,
31,12/07/2020,BBB Meetup #31,Online,d9ad759b-00dd-44cb-a9b4-d4227f5ba124,"The boy, The mole, The fox and the Horse",Unknown,Unknown,
31,12/07/2020,BBB Meetup #31,Online,8dc79c28-c666-4c8a-bda4-3a93fd9cbc27,The first Free Woman,Unknown,Unknown,
31,12/07/2020,BBB Meetup #31,Online,0ee80f22-45bd-4974-84ea-7794be9658f1,The opposite of Loneliness,Unknown,Unknown,
31,12/07/2020,BBB Meetup #31,Online,1a327925-3d6e-4fbe-8727-9b1556172425,The purgatory of Half Forgotten Riddles,Unknown,Unknown,
31,12/07/2020,BBB Meetup #31,Online,b4b8ce2b-5747-4838-983c-d12c269190e8,Tools ot Titans,Unknown,Unknown,
31,12/07/2020,BBB Meetup #31,Online,0e5b3369-d178-4dc6-9cc9-a5dd2e4eb43e,Trive of Mentors,Unknown,Unknown,
31,12/07/2020,BBB Meetup #31,Online,94da5135-0cd8-46c1-864e-e4cbb8405d84,When the Porridge Overflows,Unknown,Unknown,
26,26/01/2020,BBB Meetup #26,Atta Galatta,0753ccce-9765-4765-975c-d37245401568,A Convenience Store Woman,Unknown,Unknown,
26,26/01/2020,BBB Meetup #26,Atta Galatta,d6065e61-7c97-4ff6-bc9d-51a1d1c3045f,An Obedient Father,Unknown,Unknown,
26,26/01/2020,BBB Meetup #26,Atta Galatta,71a65209-b86a-4da5-8cf8-cf996e3e5bce,Between the assassinations,Unknown,Unknown,
26,26/01/2020,BBB Meetup #26,Atta Galatta,e5ceb43c-7b93-4fc9-86b6-24230be4633c,Bhaunri,Unknown,Unknown,
26,26/01/2020,BBB Meetup #26,Atta Galatta,ac6d9549-3935-4cbd-86da-63abfac0d901,Black Coffee,Unknown,Unknown,
26,26/01/2020,BBB Meetup #26,Atta Galatta,7b1fc3c6-a5dc-4be8-a879-9cf2c81237f7,Bread is Gold,Unknown,Unknown,
26,26/01/2020,BBB Meetup #26,Atta Galatta,6e5e2196-99ae-4119-8261-1df5c572868e,Capital in the Twenty-First Century,Unknown,Unknown,
26,26/01/2020,BBB Meetup #26,Atta Galatta,77d6bd95-2e1c-41bd-a864-402e9882a598,Chowringhee,Unknown,Unknown,
26,26/01/2020,BBB Meetup #26,Atta Galatta,3eed56ac-3536-4346-98aa-66fc4709315d,Current Reads from a few virtual members,Unknown,Unknown,
26,26/01/2020,BBB Meetup #26,Atta Galatta,f5b4a1e4-ab31-4f32-8df2-1b49d493b476,Daura,Unknown,Unknown,
26,26/01/2020,BBB Meetup #26,Atta Galatta,b5570f5a-480f-4744-9b43-cbdc9dbe510f,Dear Fahrenheit 451,Unknown,Unknown,
26,26/01/2020,BBB Meetup #26,Atta Galatta,dfdeeaac-af01-42ac-b24e-02c3af5028e7,Diary of a Wimpy Kid,Unknown,Unknown,
26,26/01/2020,BBB Meetup #26,Atta Galatta,4a8cd360-0861-4533-b170-be2d6818139f,"Don’t Run, My Love",Unknown,Unknown,
26,26/01/2020,BBB Meetup #26,Atta Galatta,9631ccca-55a2-460c-92c6-bbf972336dd7,Don’t disturb the Dead,Unknown,Unknown,
26,26/01/2020,BBB Meetup #26,Atta Galatta,91a8b0ed-7722-4b0f-8f49-4f88f4c32410,"Eat, Pray, Love",Unknown,Unknown,
26,26/01/2020,BBB Meetup #26,Atta Galatta,a8522d6c-1345-4cef-be0c-e0defbb3174a,Ghachar Ghochar,Unknown,Unknown,
26,26/01/2020,BBB Meetup #26,Atta Galatta,0adc57e9-51cd-4ec0-834d-63e9005177e9,God of Small Things,Unknown,Unknown,
26,26/01/2020,BBB Meetup #26,Atta Galatta,43dc2663-54f6-457a-aca0-ee28e36dda79,Goras and Desis,Unknown,Unknown,
26,26/01/2020,BBB Meetup #26,Atta Galatta,049cd0f2-c1cd-4b5e-a682-6ed328015f86,Hangwoman (,Unknown,Unknown,
26,26/01/2020,BBB Meetup #26,Atta Galatta,b06315b2-f76d-44b5-bc39-0225e9f4dc8f,Heroes (,Unknown,Unknown,
26,26/01/2020,BBB Meetup #26,Atta Galatta,22649619-c47f-4154-9bce-6e93e2099b89,How to hide an Empire,Unknown,Unknown,
26,26/01/2020,BBB Meetup #26,Atta Galatta,348a8877-6d4b-40d6-8d9e-478064535cda,India’s Founding Moment,Unknown,Unknown,
26,26/01/2020,BBB Meetup #26,Atta Galatta,aa3803c1-6378-4c53-a92f-9f5c67800e0f,Ladies Coupe,Unknown,Unknown,
26,26/01/2020,BBB Meetup #26,Atta Galatta,818efaf4-d92a-4f4e-bb14-0c605e242345,Man’s Search for Meaning (,Unknown,Unknown,
26,26/01/2020,BBB Meetup #26,Atta Galatta,8c5e01d3-a94b-444f-8a22-7c746a4c9de4,Maskerade,Unknown,Unknown,
26,26/01/2020,BBB Meetup #26,Atta Galatta,710b8651-a6c0-4979-b9ac-c3c5993af6f3,Milk Teeth,Unknown,Unknown,
26,26/01/2020,BBB Meetup #26,Atta Galatta,a6acaef7-5b84-4cbb-a69a-b6c917bee48b,Red Badge of Courage,Unknown,Unknown,
26,26/01/2020,BBB Meetup #26,Atta Galatta,176f2232-396c-4203-885b-224cf9465344,Sexus (The Rosy Crucifixion#1),Unknown,Unknown,
26,26/01/2020,BBB Meetup #26,Atta Galatta,f0eea3d7-c051-463f-b2fd-f59164067f79,Siddhartha (,Unknown,Unknown,
26,26/01/2020,BBB Meetup #26,Atta Galatta,3796f8e4-4b4a-4373-aed0-62c8a26684e8,Story of O,Unknown,Unknown,
26,26/01/2020,BBB Meetup #26,Atta Galatta,1749e7f0-4a4c-4613-b6f1-1e49e09b7f21,The Art of Statistics,Unknown,Unknown,
26,26/01/2020,BBB Meetup #26,Atta Galatta,62bb9859-5249-49c1-8dc8-80b92be8dba7,The Ascent of Money,Unknown,Unknown,
26,26/01/2020,BBB Meetup #26,Atta Galatta,84d8d223-714f-4a1a-b14f-93c8c14423ff,The Far Field,Unknown,Unknown,
26,26/01/2020,BBB Meetup #26,Atta Galatta,80574e49-9ce3-47f9-a9f6-5707883cf76c,The Good Muslim,Unknown,Unknown,
26,26/01/2020,BBB Meetup #26,Atta Galatta,3b8937d8-4e7e-4956-b117-d2f29cd04a91,The Graveyard Book,Unknown,Unknown,
26,26/01/2020,BBB Meetup #26,Atta Galatta,61a382f1-2777-469e-b842-5fd65ce64a59,The Help,Unknown,Unknown,
26,26/01/2020,BBB Meetup #26,Atta Galatta,287c7591-aec3-48ad-92fc-7a39b20779b5,The Joy Luck Club,Unknown,Unknown,
26,26/01/2020,BBB Meetup #26,Atta Galatta,95ddad43-675f-4526-9e81-000081a186e1,The Last Wish,Unknown,Unknown,
26,26/01/2020,BBB Meetup #26,Atta Galatta,373d9076-a761-4098-bcc4-175f8e0e8c9e,The Light Fantastic,Unknown,Unknown,
26,26/01/2020,BBB Meetup #26,Atta Galatta,d5975dcc-f784-40c7-9a43-b7ba4e14511b,The Lost Generation:Chronicling India’s Dying Professions,Unknown,Unknown,
26,26/01/2020,BBB Meetup #26,Atta Galatta,7c60811d-c80e-48ed-a2e5-743b45708a0d,The Museum of Innocence,Unknown,Unknown,
26,26/01/2020,BBB Meetup #26,Atta Galatta,5975479b-44c0-47e6-be26-776f58433efe,The Night Manager,Unknown,Unknown,
26,26/01/2020,BBB Meetup #26,Atta Galatta,b215f2de-bf65-40e5-984c-496a2d458e6e,The Nine Chambered Heart,Unknown,Unknown,
26,26/01/2020,BBB Meetup #26,Atta Galatta,a795c266-6b53-4a3a-9657-13bcebe51b4f,The Omnivore’s Dilemma,Unknown,Unknown,
26,26/01/2020,BBB Meetup #26,Atta Galatta,f672fd51-356c-40f9-9297-573d9e978fea,The Paper Menagerie,Unknown,Unknown,
26,26/01/2020,BBB Meetup #26,Atta Galatta,4e096334-38bf-4624-abf6-5c6f08c4ef6c,The Refrigerator Monologues,Unknown,Unknown,
26,26/01/2020,BBB Meetup #26,Atta Galatta,d39ab757-cad9-4324-b376-46542aad2751,The Republic of Rhetoric,Unknown,Unknown,
26,26/01/2020,BBB Meetup #26,Atta Galatta,4da63f95-ba92-4a4d-b71e-ad748988ca0b,The Righteous Mind,Unknown,Unknown,
26,26/01/2020,BBB Meetup #26,Atta Galatta,626df1a6-cc23-4591-b957-bf72b2ecde96,The Rosie Project,Unknown,Unknown,
26,26/01/2020,BBB Meetup #26,Atta Galatta,83881c0b-1170-4088-84d2-2ccff59bdfd9,The Secret of our Success,Unknown,Unknown,
26,26/01/2020,BBB Meetup #26,Atta Galatta,6648f9fa-22ac-48ef-8dd9-bc6b8b2e7251,The Shining,Unknown,Unknown,
26,26/01/2020,BBB Meetup #26,Atta Galatta,e6b91698-0006-4f3a-b443-f648578965b8,The Tattooist of Auschwitz,Unknown,Unknown,
26,26/01/2020,BBB Meetup #26,Atta Galatta,fa9aaf0a-f7c7-4f3e-9b4c-a78749ae09f4,The Testament,Unknown,Unknown,
26,26/01/2020,BBB Meetup #26,Atta Galatta,af284e6b-3ec8-41a9-8528-15294885fe19,The Words Between Us,Unknown,Unknown,
26,26/01/2020,BBB Meetup #26,Atta Galatta,f26b23e6-cfd7-47e0-83b1-d77c4e1da2ab,Wandering Earth,Unknown,Unknown,
26,26/01/2020,BBB Meetup #26,Atta Galatta,9319d1e4-f047-4558-a859-08dd4a591e82,White Chrysanthemum,Unknown,Unknown,
26,26/01/2020,BBB Meetup #26,Atta Galatta,4b56782e-5d4a-4ddc-9d11-37c3b7f6de6f,musical_note: The Seen and Unseen,Unknown,Unknown,
25,22/12/2019,BBB Meetup #25,Unknown,,,Unknown,Unknown,
24,24/11/2019,BBB Meetup #24,Atta Galatta,9b5c417b-2ae4-431f-a40c-8777aa651c99,50 Things that Shaped Irrationality,Unknown,Unknown,
24,24/11/2019,BBB Meetup #24,Atta Galatta,dbee574d-8151-4b6a-bf7c-dddc2a21c740,"84, Charing Cross",Unknown,Unknown,
24,24/11/2019,BBB Meetup #24,Atta Galatta,35f2b54c-ff3c-44d2-a3db-0577be3251ba,A Christmas Carol,Unknown,Unknown,
24,24/11/2019,BBB Meetup #24,Atta Galatta,76b8ce5e-7600-4078-b092-e91bc475f732,Accidental Magic,Unknown,Unknown,
24,24/11/2019,BBB Meetup #24,Atta Galatta,beb752cb-4c66-4848-b1a6-049a5b0a86b1,Angels and Demons,Unknown,Unknown,
24,24/11/2019,BBB Meetup #24,Atta Galatta,eaf0e477-5632-44b7-864d-0a62d6ab8190,"As of this edition, we’re starting this section where we’ll pick 2 of BBB’s more …voracious.. readers and have them mention separately some books that they particularly liked for this month. These books were not discussed but they will be in the next meetup :)",Unknown,Unknown,
24,24/11/2019,BBB Meetup #24,Atta Galatta,7a54eec2-5fa7-4011-a300-4914d24dc939,Ball Lightning (,Unknown,Unknown,
24,24/11/2019,BBB Meetup #24,Atta Galatta,23e7ccee-9bdd-4080-ad26-58eba229ac96,Bangalore,Unknown,Unknown,
24,24/11/2019,BBB Meetup #24,Atta Galatta,e5ceb43c-7b93-4fc9-86b6-24230be4633c,Bhaunri,Unknown,Unknown,
24,24/11/2019,BBB Meetup #24,Atta Galatta,c468fb71-08be-4701-b0f4-ae4273af81e7,Boats on Land,Unknown,Unknown,
24,24/11/2019,BBB Meetup #24,Atta Galatta,d0309de7-5c28-4484-adc9-fe5389691233,Buddha,Unknown,Unknown,
24,24/11/2019,BBB Meetup #24,Atta Galatta,8d55fce1-f74a-416d-bd17-2905d7de983d,By the River Piedra I Sat Down and Wept,Unknown,Unknown,
24,24/11/2019,BBB Meetup #24,Atta Galatta,5631efd3-82e2-4432-b165-8717c5f8d05b,Carry On,Unknown,Unknown,
24,24/11/2019,BBB Meetup #24,Atta Galatta,a39fca20-e023-4ebe-ad1a-2f2c7d7c0a25,Creative Confidence,Unknown,Unknown,
24,24/11/2019,BBB Meetup #24,Atta Galatta,f0cebc0f-482a-464c-a467-2ebac498554d,Creative Struggle : Zen Pencils,Unknown,Unknown,
24,24/11/2019,BBB Meetup #24,Atta Galatta,591c7628-0940-4b50-83e6-127a32d245bf,Creativity Inc,Unknown,Unknown,
24,24/11/2019,BBB Meetup #24,Atta Galatta,f7f7b126-2bad-4a41-ba08-33d97299a68c,Dating You Hating You,Unknown,Unknown,
24,24/11/2019,BBB Meetup #24,Atta Galatta,f5b4a1e4-ab31-4f32-8df2-1b49d493b476,Daura,Unknown,Unknown,
24,24/11/2019,BBB Meetup #24,Atta Galatta,b6fbbf18-3554-4e97-92d3-5754bde44be5,Dr. Sleep,Unknown,Unknown,
24,24/11/2019,BBB Meetup #24,Atta Galatta,94e466a5-bcea-4f84-9f4a-b7bf69a71202,"Ducks, Newburyport",Unknown,Unknown,
24,24/11/2019,BBB Meetup #24,Atta Galatta,dba3975a-fad1-485b-8113-92733fec6e27,Equal Rites,Unknown,Unknown,
24,24/11/2019,BBB Meetup #24,Atta Galatta,cdf82ab2-f9be-46a9-8ef2-5f7915334e70,Fermat’s Enigma,Unknown,Unknown,
24,24/11/2019,BBB Meetup #24,Atta Galatta,28989b6e-0fb1-46e0-8942-fe61b3e0efd5,Flatland,Unknown,Unknown,
24,24/11/2019,BBB Meetup #24,Atta Galatta,052ae96e-bf11-48b7-acea-98bba914eca7,"Flatland, The Film",Unknown,Unknown,
24,24/11/2019,BBB Meetup #24,Atta Galatta,c93f2c37-c5c5-4f50-b1ee-b36a60152122,Flowers for Algernon,Unknown,Unknown,
24,24/11/2019,BBB Meetup #24,Atta Galatta,94b191bb-cab0-4d3c-907f-c355cc3a2a38,Foundation (,Unknown,Unknown,
24,24/11/2019,BBB Meetup #24,Atta Galatta,c888cf74-7c4b-4649-be1f-b748b3f8e82c,Freedom at Midnight,Unknown,Unknown,
24,24/11/2019,BBB Meetup #24,Atta Galatta,f6e44eb4-326e-4713-8b07-8182b49b2c34,"Girl, Woman, Other",Unknown,Unknown,
24,24/11/2019,BBB Meetup #24,Atta Galatta,bb3b2fc0-40c8-477a-8ea4-73fef07088cd,Gita Press & The making of Hindu India,Unknown,Unknown,
24,24/11/2019,BBB Meetup #24,Atta Galatta,091f210b-5f67-4431-91ed-4b7fa2ed7e9a,God Created The Integers,Unknown,Unknown,
24,24/11/2019,BBB Meetup #24,Atta Galatta,de13de72-e5c2-4a52-8653-af500e1ac346,"Godel, Escher, Bach : A lecture Part 1",Unknown,Unknown,
24,24/11/2019,BBB Meetup #24,Atta Galatta,cafed5e8-5e98-4730-9b68-e61277365d6c,"Godel, Escher, Bach : A lecture Part 2",Unknown,Unknown,
24,24/11/2019,BBB Meetup #24,Atta Galatta,b5ffcba0-4dfe-4323-bd0c-eeedd9235b07,Gods without Men,Unknown,Unknown,
24,24/11/2019,BBB Meetup #24,Atta Galatta,0baf6cb0-9295-4881-8af4-11efa0ce04a5,Graphic Novels & (Indie)Comics,Unknown,Unknown,
24,24/11/2019,BBB Meetup #24,Atta Galatta,68208109-0178-4cea-9b90-641b136d2fda,Great American Short Stories,Unknown,Unknown,
24,24/11/2019,BBB Meetup #24,Atta Galatta,55760f60-fc8d-4935-9594-28c7ffc1c533,Gunboat Jack,Unknown,Unknown,
24,24/11/2019,BBB Meetup #24,Atta Galatta,e22a4730-e75f-4a09-8d2c-0a378d28b2be,"Gödel, Escher, Bach: An Eternal Golden Braid",Unknown,Unknown,
24,24/11/2019,BBB Meetup #24,Atta Galatta,22bc65aa-dfcd-4f86-b9c6-fe886f91532c,Her Royal Highness,Unknown,Unknown,
24,24/11/2019,BBB Meetup #24,Atta Galatta,ecd5e6d7-95f9-4ae0-a8f7-8b90cbb89348,Here Falls The Shadow (Janardan Maity #2),Unknown,Unknown,
24,24/11/2019,BBB Meetup #24,Atta Galatta,0f33f291-e8d6-40aa-b8ed-50fbc21671f0,Hickey’s Bengal Gazette,Unknown,Unknown,
24,24/11/2019,BBB Meetup #24,Atta Galatta,d54142f3-33c2-4112-9f17-968ff4a70a3e,Homo Deus (,Unknown,Unknown,
24,24/11/2019,BBB Meetup #24,Atta Galatta,e785f32d-4d87-4495-883c-af5996eda9c0,How to be Human,Unknown,Unknown,
24,24/11/2019,BBB Meetup #24,Atta Galatta,02ca606b-c635-42c3-9be2-7a3be61c4144,In an Absent Dream,Unknown,Unknown,
24,24/11/2019,BBB Meetup #24,Atta Galatta,7f57d0bc-32f0-43ba-8079-e18e288ea7eb,Johannes Cabal the Necromancer,Unknown,Unknown,
24,24/11/2019,BBB Meetup #24,Atta Galatta,b2bf13eb-2547-4978-8f04-c282f9e6d4dd,Journey under the Midnight Sun,Unknown,Unknown,
24,24/11/2019,BBB Meetup #24,Atta Galatta,3d41d85e-bb98-436b-a778-de27e60d5f89,Karl Marx’s Greatness and Illusion,Unknown,Unknown,
24,24/11/2019,BBB Meetup #24,Atta Galatta,aa3803c1-6378-4c53-a92f-9f5c67800e0f,Ladies Coupe,Unknown,Unknown,
24,24/11/2019,BBB Meetup #24,Atta Galatta,14065bec-6f35-456c-8070-fadaf49c934d,Lone Wolf and Cub,Unknown,Unknown,
24,24/11/2019,BBB Meetup #24,Atta Galatta,818efaf4-d92a-4f4e-bb14-0c605e242345,Man’s Search for Meaning (,Unknown,Unknown,
24,24/11/2019,BBB Meetup #24,Atta Galatta,202da4d5-8aa9-4d10-918d-ad123d423e43,Member’s Picks,Unknown,Unknown,
24,24/11/2019,BBB Meetup #24,Atta Galatta,8fbfbcfc-4cad-40ef-8864-c34ede74a807,Milkman,Unknown,Unknown,
24,24/11/2019,BBB Meetup #24,Atta Galatta,854c4a4f-4da3-4bde-a08c-4a5a0d539804,Munnu (,Unknown,Unknown,
24,24/11/2019,BBB Meetup #24,Atta Galatta,ce5f4b8b-6690-40d3-92ed-db450cc6a1e6,Mushi Shi,Unknown,Unknown,
24,24/11/2019,BBB Meetup #24,Atta Galatta,14eef76b-728e-4ff2-923d-3e7f74229d6d,My Inktober Story,Unknown,Unknown,
24,24/11/2019,BBB Meetup #24,Atta Galatta,4a6fe50b-ebd9-493e-8887-0a7932862a97,My Lovely Wife,Unknown,Unknown,
24,24/11/2019,BBB Meetup #24,Atta Galatta,fd3e7af4-361f-46d7-b880-ca6175958901,On Dublin Street,Unknown,Unknown,
24,24/11/2019,BBB Meetup #24,Atta Galatta,e660d08c-7ac6-47eb-89be-c22f4645dd89,On the shortness of Life,Unknown,Unknown,
24,24/11/2019,BBB Meetup #24,Atta Galatta,445fff71-d235-4a02-8fce-37f7cb0c3070,Open,Unknown,Unknown,
24,24/11/2019,BBB Meetup #24,Atta Galatta,57932622-bdd4-4f60-bc5c-80b2c6d87355,Opus,Unknown,Unknown,
24,24/11/2019,BBB Meetup #24,Atta Galatta,8129842a-50a8-466e-bfa2-27b34f7220da,Pan’s Labyrinth,Unknown,Unknown,
24,24/11/2019,BBB Meetup #24,Atta Galatta,3a6fb949-03a6-406b-9a7e-5a8d5b0eb300,Paper dosa,Unknown,Unknown,
24,24/11/2019,BBB Meetup #24,Atta Galatta,72c6092f-93d6-43ec-abe9-a5065184d07c,Parliamental,Unknown,Unknown,
24,24/11/2019,BBB Meetup #24,Atta Galatta,9530e974-2f9d-42cf-b4e3-62ce85da93cc,Patang,Unknown,Unknown,
24,24/11/2019,BBB Meetup #24,Atta Galatta,b293b86e-bd93-479c-a409-429017d4a971,Penumbra (Janardan Maity #1),Unknown,Unknown,
24,24/11/2019,BBB Meetup #24,Atta Galatta,6375fd52-3d55-488d-995e-f6b99d7ae58e,Perennial Seller,Unknown,Unknown,
24,24/11/2019,BBB Meetup #24,Atta Galatta,1e9528c4-045c-4c01-a779-b679b3930720,Phantoms in the Brain,Unknown,Unknown,
24,24/11/2019,BBB Meetup #24,Atta Galatta,8701de6d-8540-4bdf-a431-b6799addc2a9,Programmed Inequality,Unknown,Unknown,
24,24/11/2019,BBB Meetup #24,Atta Galatta,4ca4996a-7f52-4a60-8fa2-49b8e6e00c89,"Psmith, Journalist",Unknown,Unknown,
24,24/11/2019,BBB Meetup #24,Atta Galatta,768ae221-724d-4de7-bfbc-2371f8e5f04c,Rida’s picks,Unknown,Unknown,
24,24/11/2019,BBB Meetup #24,Atta Galatta,b5073968-2868-42ce-bf70-55bebf57de6d,Roads to Mussoorie,Unknown,Unknown,
24,24/11/2019,BBB Meetup #24,Atta Galatta,4ce823ab-ca57-4fad-910d-7303bc7a4e9b,Sabrina,Unknown,Unknown,
24,24/11/2019,BBB Meetup #24,Atta Galatta,7f1fe992-b432-4556-b159-08f30927cefb,Salt to the Sea,Unknown,Unknown,
24,24/11/2019,BBB Meetup #24,Atta Galatta,2af771e0-3113-41c3-a25d-21e832d1a6c8,Scythe,Unknown,Unknown,
24,24/11/2019,BBB Meetup #24,Atta Galatta,17f822ce-66a0-4d44-aaf8-c0645d14220a,Shoe Dog,Unknown,Unknown,
24,24/11/2019,BBB Meetup #24,Atta Galatta,f0eea3d7-c051-463f-b2fd-f59164067f79,Siddhartha (,Unknown,Unknown,
24,24/11/2019,BBB Meetup #24,Atta Galatta,dabda84d-150d-4480-bc5a-d79f112f0dd2,Snow,Unknown,Unknown,
24,24/11/2019,BBB Meetup #24,Atta Galatta,2911bfb1-3fbf-444d-bdf0-edb7de8e8b60,Sons of Fortune,Unknown,Unknown,
24,24/11/2019,BBB Meetup #24,Atta Galatta,9b67b9f2-f5c4-42bf-b078-6cf07a84a308,Speaking of Shiva,Unknown,Unknown,
24,24/11/2019,BBB Meetup #24,Atta Galatta,78c60241-fef3-45e0-8ea7-7f63015e047a,Steve Jobs,Unknown,Unknown,
24,24/11/2019,BBB Meetup #24,Atta Galatta,7a8f5d88-175a-4078-850b-719ec849b4d4,The 6th Extinction,Unknown,Unknown,
24,24/11/2019,BBB Meetup #24,Atta Galatta,62ee3709-4526-45a8-8971-8c2e782ff5cb,The Astonishing Color of After,Unknown,Unknown,
24,24/11/2019,BBB Meetup #24,Atta Galatta,9ea9d930-a606-4c09-bca6-7437a83abb56,The Collected Works of AJ Fikrey,Unknown,Unknown,
24,24/11/2019,BBB Meetup #24,Atta Galatta,63392476-acfe-4335-ae02-e70ad299901f,The Emperor’s New Mind,Unknown,Unknown,
24,24/11/2019,BBB Meetup #24,Atta Galatta,af1b22f6-74e5-4a98-ac96-7b18b6744894,The End of your Life Book Club,Unknown,Unknown,
24,24/11/2019,BBB Meetup #24,Atta Galatta,0a6893fb-41ca-4c6c-8af5-635cbd8a40f7,The Honeymooner,Unknown,Unknown,
24,24/11/2019,BBB Meetup #24,Atta Galatta,391ecce9-7927-4dad-b270-7666d70d0c07,The Left Hand of Darkness,Unknown,Unknown,
24,24/11/2019,BBB Meetup #24,Atta Galatta,373d9076-a761-4098-bcc4-175f8e0e8c9e,The Light Fantastic,Unknown,Unknown,
24,24/11/2019,BBB Meetup #24,Atta Galatta,5d89a59b-6cf3-4530-bacd-dc3d15fff3d2,The Man who Played with Fire,Unknown,Unknown,
24,24/11/2019,BBB Meetup #24,Atta Galatta,ab37049c-2bbf-4753-9f52-5ac42eaaf0a8,The Mind’s I,Unknown,Unknown,
24,24/11/2019,BBB Meetup #24,Atta Galatta,b215f2de-bf65-40e5-984c-496a2d458e6e,The Nine Chambered Heart,Unknown,Unknown,
24,24/11/2019,BBB Meetup #24,Atta Galatta,0eaedd1e-969a-4e8c-bad8-811a3090fcb2,The Palace of Illusions (,Unknown,Unknown,
24,24/11/2019,BBB Meetup #24,Atta Galatta,4f9cf022-0b3c-4499-b04f-fbe41244b4e5,The Philosopher and the Wolf,Unknown,Unknown,
24,24/11/2019,BBB Meetup #24,Atta Galatta,a545f86d-bdec-49d0-9859-a51bfb879ed5,The Testaments,Unknown,Unknown,
24,24/11/2019,BBB Meetup #24,Atta Galatta,28341b41-a00e-41df-a64e-4cee7cd79994,The Third Chimpanzee,Unknown,Unknown,
24,24/11/2019,BBB Meetup #24,Atta Galatta,e4ad36d2-4c95-4e46-9fd5-39268a5d5c91,The Unhoneymooners,Unknown,Unknown,
24,24/11/2019,BBB Meetup #24,Atta Galatta,c6fe6216-22f0-461a-8b92-83f72a1fd22a,The Upside of Irrationality,Unknown,Unknown,
24,24/11/2019,BBB Meetup #24,Atta Galatta,b6c11ac3-2903-464a-8773-4b4759f5feb4,The disappearance of Sally Sequeira (Janardan Maity #3),Unknown,Unknown,
24,24/11/2019,BBB Meetup #24,Atta Galatta,7459953e-5062-482c-835d-07a21e939e2d,The last question,Unknown,Unknown,
24,24/11/2019,BBB Meetup #24,Atta Galatta,1a327925-3d6e-4fbe-8727-9b1556172425,The purgatory of Half Forgotten Riddles,Unknown,Unknown,
24,24/11/2019,BBB Meetup #24,Atta Galatta,0a8f0680-ab13-4b3b-93a6-7e072aa6b90b,The turn of the Key,Unknown,Unknown,
24,24/11/2019,BBB Meetup #24,Atta Galatta,3d4ad689-7b78-4e1c-a5b7-22af77937297,The ugliness of the Indian Male and other propositions,Unknown,Unknown,
24,24/11/2019,BBB Meetup #24,Atta Galatta,3d19301c-975b-4b24-b16c-e1659cdb5b0a,Thuppari…(?),Unknown,Unknown,
24,24/11/2019,BBB Meetup #24,Atta Galatta,2422b5ef-1a57-44f0-b855-ccb4e7682027,Time Travel : A history,Unknown,Unknown,
24,24/11/2019,BBB Meetup #24,Atta Galatta,0bbb2742-d98d-4e23-971f-87b4598ae453,Underland,Unknown,Unknown,
24,24/11/2019,BBB Meetup #24,Atta Galatta,3555c978-05e7-4966-a0eb-a0897b0d123f,Varun’s picks,Unknown,Unknown,
24,24/11/2019,BBB Meetup #24,Atta Galatta,19cb9abc-68a6-450c-bad9-794403d5cefe,Weapons of Math Destruction,Unknown,Unknown,
24,24/11/2019,BBB Meetup #24,Atta Galatta,7078060a-0988-4716-9cc1-4198f2793de4,Wish I Could Tell You,Unknown,Unknown,
24,24/11/2019,BBB Meetup #24,Atta Galatta,77d73ada-1527-44d9-b607-e5838d20a737,You Beneath Your Skin,Unknown,Unknown,
23,23/09/2019,BBB Meetup #23,Atta Galatta,c210da2d-36b2-4493-b38f-fcf62f88f75a,10 Minutes 38 Seconds in this Strange World,Unknown,Unknown,
23,23/09/2019,BBB Meetup #23,Atta Galatta,9e1c2267-b257-4f33-ac6d-73550d850fb6,A Gallery of Rascals,Unknown,Unknown,
23,23/09/2019,BBB Meetup #23,Atta Galatta,17a53cb3-3a0a-4515-8d27-fbb0b823c392,A Man called Ove (,Unknown,Unknown,
23,23/09/2019,BBB Meetup #23,Atta Galatta,ac744c72-8711-44ce-91bc-23e3ce4e8291,An African Story,Unknown,Unknown,
23,23/09/2019,BBB Meetup #23,Atta Galatta,d3b8b292-237a-4d9e-8505-c13760289f82,Baaz,Unknown,Unknown,
23,23/09/2019,BBB Meetup #23,Atta Galatta,57e5b629-8923-4c16-968f-1b19456347c1,Big Magic (,Unknown,Unknown,
23,23/09/2019,BBB Meetup #23,Atta Galatta,fd498677-c8bc-4196-812b-bd3509678d44,Born a Crime,Unknown,Unknown,
23,23/09/2019,BBB Meetup #23,Atta Galatta,aeec2bc5-05d0-4744-b7d7-8a529692bcf8,Cities and Canopies,Unknown,Unknown,
23,23/09/2019,BBB Meetup #23,Atta Galatta,fc81f583-731e-4316-aaa1-94c0cbe5595a,Coraline,Unknown,Unknown,
23,23/09/2019,BBB Meetup #23,Atta Galatta,3dbf281d-9888-4ab0-af71-c916d2a7a7f8,Discworld,Unknown,Unknown,
23,23/09/2019,BBB Meetup #23,Atta Galatta,b5d8e2b3-aabf-4837-a241-8a5f092a4fe0,East of Eden,Unknown,Unknown,
23,23/09/2019,BBB Meetup #23,Atta Galatta,91a8b0ed-7722-4b0f-8f49-4f88f4c32410,"Eat, Pray, Love",Unknown,Unknown,
23,23/09/2019,BBB Meetup #23,Atta Galatta,bb534b44-f88f-4089-aec0-3111446b7e04,Factfulness,Unknown,Unknown,
23,23/09/2019,BBB Meetup #23,Atta Galatta,fdb9f461-8c89-4571-8e62-9f03c673bbc3,Fooled,Randomness,Unknown,
23,23/09/2019,BBB Meetup #23,Atta Galatta,224d1131-5130-4724-a2f1-e3a2cf691f54,Fried Green Tomatoes at the Whistle Stop Cafe,Unknown,Unknown,
23,23/09/2019,BBB Meetup #23,Atta Galatta,e50dfe07-2c5c-4345-9252-cb075207f1aa,Gandhi Before India (,Unknown,Unknown,
23,23/09/2019,BBB Meetup #23,Atta Galatta,a8522d6c-1345-4cef-be0c-e0defbb3174a,Ghachar Ghochar,Unknown,Unknown,
23,23/09/2019,BBB Meetup #23,Atta Galatta,ef796d97-1aaa-4a3f-a7cb-0e09445a76e9,Good Omens (,Unknown,Unknown,
23,23/09/2019,BBB Meetup #23,Atta Galatta,3444db42-bc66-4848-8438-50b51f05288e,"If you’re reading any of these and want to tell us about your thoughts, leave them in the comments below :)",Unknown,Unknown,
23,23/09/2019,BBB Meetup #23,Atta Galatta,89215de5-a03c-4b72-9a03-cd8aeed0fc3a,In Custody,Unknown,Unknown,
23,23/09/2019,BBB Meetup #23,Atta Galatta,f47d4cbb-fe54-41d2-b129-30a41fce9a97,I’d Rather Be Reading,Unknown,Unknown,
23,23/09/2019,BBB Meetup #23,Atta Galatta,b2bf13eb-2547-4978-8f04-c282f9e6d4dd,Journey under the Midnight Sun,Unknown,Unknown,
23,23/09/2019,BBB Meetup #23,Atta Galatta,e5dfd972-c8ef-431e-b598-2bfd24891b04,Last Train to Istanbul,Unknown,Unknown,
23,23/09/2019,BBB Meetup #23,Atta Galatta,3175accd-ef94-49c3-936a-9ccdf5747c7f,Late Bloomers,Unknown,Unknown,
23,23/09/2019,BBB Meetup #23,Atta Galatta,4f0d1759-a5d8-4efa-aa42-2a857f1ad2c5,Love in the time of Cholera,Unknown,Unknown,
23,23/09/2019,BBB Meetup #23,Atta Galatta,818efaf4-d92a-4f4e-bb14-0c605e242345,Man’s Search for Meaning (,Unknown,Unknown,
23,23/09/2019,BBB Meetup #23,Atta Galatta,f21db79b-474f-4b98-897e-54b3cdb867bd,Murmur of Bees,Unknown,Unknown,
23,23/09/2019,BBB Meetup #23,Atta Galatta,8a58515b-0f80-450a-825d-d54de06d0aa0,Mythos (,Unknown,Unknown,
23,23/09/2019,BBB Meetup #23,Atta Galatta,a5bfe1a6-1d7f-484f-936d-27abda39777e,Neverwhere,Unknown,Unknown,
23,23/09/2019,BBB Meetup #23,Atta Galatta,a8cd0bf1-ebf6-453b-b371-9ae00f913a38,Notes on a Nervous Planet,Unknown,Unknown,
23,23/09/2019,BBB Meetup #23,Atta Galatta,a2728b98-44ce-408c-994c-04a6f5951df5,Of Swans and Songs,Unknown,Unknown,
23,23/09/2019,BBB Meetup #23,Atta Galatta,14e71ba9-0677-403c-9165-8b4ae25c9260,One Great Book,Unknown,Unknown,
23,23/09/2019,BBB Meetup #23,Atta Galatta,75e7fdf7-f7f3-47aa-b51c-15ca53e1f45c,Pachinko (,Unknown,Unknown,
23,23/09/2019,BBB Meetup #23,Atta Galatta,804a5382-3a12-49fa-a2a4-5177c924cd38,Permanent Record,Unknown,Unknown,
23,23/09/2019,BBB Meetup #23,Atta Galatta,33b7d428-1aa9-4efd-9f82-80870ee3b793,Prison Diaries Vol 1,Unknown,Unknown,
23,23/09/2019,BBB Meetup #23,Atta Galatta,30b00055-9e1f-45f1-a34d-46c7d22603d0,Sourdough,Unknown,Unknown,
23,23/09/2019,BBB Meetup #23,Atta Galatta,bb55e799-e20d-4ff1-9924-5695b8840203,Tales set in ancient Egypt,Unknown,Unknown,
23,23/09/2019,BBB Meetup #23,Atta Galatta,025c5b4e-e772-429b-9871-9179b2e92f0f,The Argumentative Indian,Unknown,Unknown,
23,23/09/2019,BBB Meetup #23,Atta Galatta,f08e9174-90fb-4e9d-ba58-694f7afd347f,The Atlas of Reds and Blues,Unknown,Unknown,
23,23/09/2019,BBB Meetup #23,Atta Galatta,5f460873-d419-4086-81a0-d17db41f1b23,The Black Swan,Unknown,Unknown,
23,23/09/2019,BBB Meetup #23,Atta Galatta,880cd330-b148-40d2-b7e6-62022217debd,The Boys,Unknown,Unknown,
23,23/09/2019,BBB Meetup #23,Atta Galatta,962b6730-3024-4896-8f35-bc1dd4c1f957,The Call of Cthulhu,Unknown,Unknown,
23,23/09/2019,BBB Meetup #23,Atta Galatta,32818c8b-2aef-4673-940a-f1fa7c18228e,The Curious Incident of the Dog in the Night-Time,Unknown,Unknown,
23,23/09/2019,BBB Meetup #23,Atta Galatta,c12a844f-a4e8-472b-afaa-a5e81bb867cd,The Dark Tower,Unknown,Unknown,
23,23/09/2019,BBB Meetup #23,Atta Galatta,d7dc4ff3-ad06-4720-9aaa-c6b21bb44421,"The Doctor and the Saint: Caste, Race, and Annihilation of Caste, the Debate Between B.R. Ambedkar and M.K. Gandhi",Unknown,Unknown,
23,23/09/2019,BBB Meetup #23,Atta Galatta,c09518ee-504c-40be-ae55-e34127f0749b,The Forest of Enchantments,Unknown,Unknown,
23,23/09/2019,BBB Meetup #23,Atta Galatta,d485ea97-ba80-4171-b861-8e1890307ebb,The Grapes of Wrath,Unknown,Unknown,
23,23/09/2019,BBB Meetup #23,Atta Galatta,3b8937d8-4e7e-4956-b117-d2f29cd04a91,The Graveyard Book,Unknown,Unknown,
23,23/09/2019,BBB Meetup #23,Atta Galatta,03ec3ccc-cc76-431f-8470-0915eaa7587a,The Lies of Locke Lamora,Unknown,Unknown,
23,23/09/2019,BBB Meetup #23,Atta Galatta,c13d88ff-0452-4f52-bfae-c2c27ff73856,The Nine-Chambered Heart,Unknown,Unknown,
23,23/09/2019,BBB Meetup #23,Atta Galatta,f6aa7c91-a9b6-47e2-a116-18a26df7a629,The Overstory,Unknown,Unknown,
23,23/09/2019,BBB Meetup #23,Atta Galatta,0eaedd1e-969a-4e8c-bad8-811a3090fcb2,The Palace of Illusions (,Unknown,Unknown,
23,23/09/2019,BBB Meetup #23,Atta Galatta,c786a188-0614-4b0e-ab29-f157b3f87cee,The Rat Series,Unknown,Unknown,
23,23/09/2019,BBB Meetup #23,Atta Galatta,88cd1683-fb9b-4dee-8213-8abe9f7b8575,The Silk Roads,Unknown,Unknown,
23,23/09/2019,BBB Meetup #23,Atta Galatta,fe5777ac-45a1-4f5b-a47c-de9d5f597346,The Sixth Extinction,Unknown,Unknown,
23,23/09/2019,BBB Meetup #23,Atta Galatta,6c967773-d4c9-43f7-9f56-8c8680c6b457,The Stationery Shop,Unknown,Unknown,
23,23/09/2019,BBB Meetup #23,Atta Galatta,aef483ae-9010-4551-8698-e7ff64873220,The Three Body Problem,Unknown,Unknown,
23,23/09/2019,BBB Meetup #23,Atta Galatta,f7e7c346-94c3-4eaa-94bf-f6e492a90c08,The Wandering Earth,Unknown,Unknown,
23,23/09/2019,BBB Meetup #23,Atta Galatta,49c20bad-156d-4645-a895-ab676d7d5fc9,The Waves,Unknown,Unknown,
23,23/09/2019,BBB Meetup #23,Atta Galatta,5f45ac43-fcb4-4f42-8852-196ab18d24d6,The Yellow-Lighted bookshop,Unknown,Unknown,
23,23/09/2019,BBB Meetup #23,Atta Galatta,ffad3082-b658-4af7-baad-dc4b81d58500,The difficulty of being good,Unknown,Unknown,
23,23/09/2019,BBB Meetup #23,Atta Galatta,5f383fb7-216b-47a4-ab0a-6407cedbe8eb,"Understandably, some of these books have been discussed in the past as well",Unknown,Unknown,
23,23/09/2019,BBB Meetup #23,Atta Galatta,19b1ed20-5ba6-4d42-97e8-f025ddcaa3c9,Until next time!,Unknown,Unknown,
23,23/09/2019,BBB Meetup #23,Atta Galatta,99165b1c-bb98-4b23-854e-b936e98e67ab,What Should I Read Next?,Unknown,Unknown,
23,23/09/2019,BBB Meetup #23,Atta Galatta,751112bf-bdd9-471c-b735-bd9a25cca7b0,While Mortals Sleep (,Unknown,Unknown,
22,22/08/2019,BBB Meetup #22,Atta Galatta,ece8fdb3-f2a2-483d-8f99-9c049ef357ab,A suitable boy (,Unknown,Unknown,
22,22/08/2019,BBB Meetup #22,Atta Galatta,57221617-fb59-46b3-bff5-50ae37bcab83,Bestseller,Unknown,Unknown,
22,22/08/2019,BBB Meetup #22,Atta Galatta,57e5b629-8923-4c16-968f-1b19456347c1,Big Magic (,Unknown,Unknown,
22,22/08/2019,BBB Meetup #22,Atta Galatta,898616a3-2a9c-4e02-8c45-3008504eaaf6,Birthday Girl (,Unknown,Unknown,
22,22/08/2019,BBB Meetup #22,Atta Galatta,b7abf7b5-fd66-4dc6-a552-d470fff0edb2,Birthday Stories (,Unknown,Unknown,
22,22/08/2019,BBB Meetup #22,Atta Galatta,fd498677-c8bc-4196-812b-bd3509678d44,Born a Crime,Unknown,Unknown,
22,22/08/2019,BBB Meetup #22,Atta Galatta,aeff712e-0732-4443-a21d-3975bd18b9b0,Buddha series (Graphic Novel),Unknown,Unknown,
22,22/08/2019,BBB Meetup #22,Atta Galatta,a39fca20-e023-4ebe-ad1a-2f2c7d7c0a25,Creative Confidence,Unknown,Unknown,
22,22/08/2019,BBB Meetup #22,Atta Galatta,17f3486c-cc1c-442b-b423-ebe5cdb99cb8,Daisy Jones & The Six,Unknown,Unknown,
22,22/08/2019,BBB Meetup #22,Atta Galatta,78b24806-6d0d-40f1-b8a3-e0f9bec24b02,David Eddings (A),Unknown,Unknown,
22,22/08/2019,BBB Meetup #22,Atta Galatta,6eb82037-9466-4a59-9dca-16329a7a5a00,Dragonlance Chronicles,Unknown,Unknown,
22,22/08/2019,BBB Meetup #22,Atta Galatta,91a8b0ed-7722-4b0f-8f49-4f88f4c32410,"Eat, Pray, Love",Unknown,Unknown,
22,22/08/2019,BBB Meetup #22,Atta Galatta,1105a2c6-9952-4f0c-a9b4-af6ca54dce65,Fifty Things That Made the Modern Economy,Unknown,Unknown,
22,22/08/2019,BBB Meetup #22,Atta Galatta,9cd94be0-1ca8-4d20-84ca-31ca2063f487,GraphicAudio books,Unknown,Unknown,
22,22/08/2019,BBB Meetup #22,Atta Galatta,923c24e8-8df8-4065-ac37-43fcd0f879b5,"Guns, Germs and Steel",Unknown,Unknown,
22,22/08/2019,BBB Meetup #22,Atta Galatta,1693a360-3fcf-418e-bd97-4bd2e8bd58ef,Harry Potter and Methods of Rationality,Unknown,Unknown,
22,22/08/2019,BBB Meetup #22,Atta Galatta,6df4a1f7-08d1-4ced-befe-bbdc0eca919d,Hominids,Unknown,Unknown,
22,22/08/2019,BBB Meetup #22,Atta Galatta,0884fe21-d414-4b5b-9be1-4be49b7d7df3,India After Gandhi (,Unknown,Unknown,
22,22/08/2019,BBB Meetup #22,Atta Galatta,b59aa144-0db9-418a-8b8e-f295c824f2d8,Introduction to Philosophy,Unknown,Unknown,
22,22/08/2019,BBB Meetup #22,Atta Galatta,f47d4cbb-fe54-41d2-b129-30a41fce9a97,I’d Rather Be Reading,Unknown,Unknown,
22,22/08/2019,BBB Meetup #22,Atta Galatta,3175accd-ef94-49c3-936a-9ccdf5747c7f,Late Bloomers,Unknown,Unknown,
22,22/08/2019,BBB Meetup #22,Atta Galatta,8c95799c-40fc-433e-a434-416f84ebd755,Latitudes of Longing (,Unknown,Unknown,
22,22/08/2019,BBB Meetup #22,Atta Galatta,14065bec-6f35-456c-8070-fadaf49c934d,Lone Wolf and Cub,Unknown,Unknown,
22,22/08/2019,BBB Meetup #22,Atta Galatta,4f0d1759-a5d8-4efa-aa42-2a857f1ad2c5,Love in the time of Cholera,Unknown,Unknown,
22,22/08/2019,BBB Meetup #22,Atta Galatta,0d8de815-32af-48ff-9abe-83b75ee66d05,Margaret Weis (A),Unknown,Unknown,
22,22/08/2019,BBB Meetup #22,Atta Galatta,ff4cc273-ae09-42fe-9086-52007d0833de,Nobody’s Victim,Unknown,Unknown,
22,22/08/2019,BBB Meetup #22,Atta Galatta,a2728b98-44ce-408c-994c-04a6f5951df5,Of Swans and Songs,Unknown,Unknown,
22,22/08/2019,BBB Meetup #22,Atta Galatta,75e7fdf7-f7f3-47aa-b51c-15ca53e1f45c,Pachinko (,Unknown,Unknown,
22,22/08/2019,BBB Meetup #22,Atta Galatta,d3e8be0e-527f-473a-9821-f6182119a438,Roar,Unknown,Unknown,
22,22/08/2019,BBB Meetup #22,Atta Galatta,33677635-e433-41be-b17d-c4615d6cff7c,Sherlock Holmes,Unknown,Unknown,
22,22/08/2019,BBB Meetup #22,Atta Galatta,2ec2baee-d435-465a-8573-eedb71bbf51e,Sin City series,Unknown,Unknown,
22,22/08/2019,BBB Meetup #22,Atta Galatta,53553efb-ae0a-4aff-bfd1-fe0fc7d0a88e,Some of these books have been discussed in the past as well. I need to make a list of these repeat titles,Unknown,Unknown,
22,22/08/2019,BBB Meetup #22,Atta Galatta,28213ddf-4a0e-4588-a146-2c0bbbc0c1aa,Terry Brooks (A),Unknown,Unknown,
22,22/08/2019,BBB Meetup #22,Atta Galatta,3f791c85-b97d-44b1-aee9-ae36b77fb70d,Texas,Unknown,Unknown,
22,22/08/2019,BBB Meetup #22,Atta Galatta,f7150ec6-8f1a-412b-8c28-496bba44ccc7,The Cloudfarers,Unknown,Unknown,
22,22/08/2019,BBB Meetup #22,Atta Galatta,e6007d77-2b77-41b8-b2aa-56fda94b4c09,The Kingkiller Chronicles,Unknown,Unknown,
22,22/08/2019,BBB Meetup #22,Atta Galatta,316824b0-eaef-4441-b6f5-627662ef0b29,The Legacy of Nothing,Unknown,Unknown,
22,22/08/2019,BBB Meetup #22,Atta Galatta,1e2532e8-fdd5-435b-8bae-b87b4a07a1ff,The Metamorphosis,Unknown,Unknown,
22,22/08/2019,BBB Meetup #22,Atta Galatta,4f9cf022-0b3c-4499-b04f-fbe41244b4e5,The Philosopher and the Wolf,Unknown,Unknown,
22,22/08/2019,BBB Meetup #22,Atta Galatta,d732cdbe-7285-417d-86ff-615aa2cd7ba4,The Sense of an Ending,Unknown,Unknown,
22,22/08/2019,BBB Meetup #22,Atta Galatta,59814855-b527-4a71-a2c4-cc431f735310,The Undoing Project : A friendship that changed our minds,Unknown,Unknown,
22,22/08/2019,BBB Meetup #22,Atta Galatta,50838d39-5614-4c1b-b362-be9302552e15,The unbearable lightness of being,Unknown,Unknown,
22,22/08/2019,BBB Meetup #22,Atta Galatta,2422b5ef-1a57-44f0-b855-ccb4e7682027,Time Travel : A history,Unknown,Unknown,
22,22/08/2019,BBB Meetup #22,Atta Galatta,f0dd2bd7-f803-4c46-9eee-a9abc2b252b4,What We Talk About When We Talk About Love,Unknown,Unknown,
22,22/08/2019,BBB Meetup #22,Atta Galatta,7f7d9c4d-1bc4-4c45-8584-908cd1936519,What the dog Saw,Unknown,Unknown,
21,28/07/2019,BBB Meetup #21,Atta Galatta,17c457a2-cda0-4c89-8717-efbfc3bf3e82,A Brief History of Time (,Unknown,Unknown,
21,28/07/2019,BBB Meetup #21,Atta Galatta,2748b161-0601-4d52-a85f-d974ad1baabf,A People’s constitution (,Unknown,Unknown,
21,28/07/2019,BBB Meetup #21,Atta Galatta,7f0d4f25-c492-4379-b8fc-e72545727fcf,A Series of Unfortunate Events,Lemony Snicket (,Unknown,
21,28/07/2019,BBB Meetup #21,Atta Galatta,e19794b5-1d76-4670-91a0-fe2a34b17618,A Thousand Ships (,Unknown,Unknown,
21,28/07/2019,BBB Meetup #21,Atta Galatta,429a3da6-5df9-4cf8-8898-3c9d156bf7d2,A fine balance (,Unknown,Unknown,
21,28/07/2019,BBB Meetup #21,Atta Galatta,ece8fdb3-f2a2-483d-8f99-9c049ef357ab,A suitable boy (,Unknown,Unknown,
21,28/07/2019,BBB Meetup #21,Atta Galatta,6467a35b-f419-444d-8550-8768e4bf44d7,Algorithms to Live by (,Unknown,Unknown,
21,28/07/2019,BBB Meetup #21,Atta Galatta,89964df0-1727-4ff1-bf69-8f0eaa044032,Authority (,Unknown,Unknown,
21,28/07/2019,BBB Meetup #21,Atta Galatta,3608ce1e-4b97-4b62-8614-7c6912166d28,Beast (,Unknown,Unknown,
21,28/07/2019,BBB Meetup #21,Atta Galatta,898616a3-2a9c-4e02-8c45-3008504eaaf6,Birthday Girl (,Unknown,Unknown,
21,28/07/2019,BBB Meetup #21,Atta Galatta,b7abf7b5-fd66-4dc6-a552-d470fff0edb2,Birthday Stories (,Unknown,Unknown,
21,28/07/2019,BBB Meetup #21,Atta Galatta,6bf896e2-56f9-48b2-9c7a-297ba6b07ef1,Can’t and Won’t (,Unknown,Unknown,
21,28/07/2019,BBB Meetup #21,Atta Galatta,55599554-153f-4cf3-ac79-88739944671c,Circe (,Unknown,Unknown,
21,28/07/2019,BBB Meetup #21,Atta Galatta,25732d99-8bd8-4256-b1c4-990f8b295ccd,Cobalt Blue (,Unknown,Unknown,
21,28/07/2019,BBB Meetup #21,Atta Galatta,a444fdc4-a691-4694-8c98-1fcb231d21e8,Curfewed Night (,Unknown,Unknown,
21,28/07/2019,BBB Meetup #21,Atta Galatta,516a8705-4684-43c0-aadf-777474d1eb6e,Cut like Wound (,Unknown,Unknown,
21,28/07/2019,BBB Meetup #21,Atta Galatta,0bcdaad7-c42a-4002-b39c-de61256e30bc,Delhi (,Unknown,Unknown,
21,28/07/2019,BBB Meetup #21,Atta Galatta,a1709686-30af-4f5a-bfc7-9662c8a05125,Discworld Series (,Unknown,Unknown,
21,28/07/2019,BBB Meetup #21,Atta Galatta,dcf15fe0-6498-4c08-938d-8586a6811264,Everything is fucked (,Unknown,Unknown,
21,28/07/2019,BBB Meetup #21,Atta Galatta,9a977b55-228c-44cf-bc8c-481eccbd3a9e,Exit West (,Unknown,Unknown,
21,28/07/2019,BBB Meetup #21,Atta Galatta,e5f57aa1-30af-4b1f-b94d-2b54384513b5,Exodus (?),Unknown,Unknown,
21,28/07/2019,BBB Meetup #21,Atta Galatta,94b191bb-cab0-4d3c-907f-c355cc3a2a38,Foundation (,Unknown,Unknown,
21,28/07/2019,BBB Meetup #21,Atta Galatta,de70a94f-77d2-4ac8-bf79-6eede40f31a7,Girl with a pearl earring (,Unknown,Unknown,
21,28/07/2019,BBB Meetup #21,Atta Galatta,b06315b2-f76d-44b5-bc39-0225e9f4dc8f,Heroes (,Unknown,Unknown,
21,28/07/2019,BBB Meetup #21,Atta Galatta,d8462e6a-ee2e-44e3-b0c1-b7df091b3979,Ikigai (,Unknown,Unknown,
21,28/07/2019,BBB Meetup #21,Atta Galatta,0884fe21-d414-4b5b-9be1-4be49b7d7df3,India After Gandhi (,Unknown,Unknown,
21,28/07/2019,BBB Meetup #21,Atta Galatta,23e52da5-8124-4269-982c-7130965d76eb,Invisible Planets (,Unknown,Unknown,
21,28/07/2019,BBB Meetup #21,Atta Galatta,dfb4a3aa-7cb5-41eb-9346-11274c436c75,Jasmine Days (,Unknown,Unknown,
21,28/07/2019,BBB Meetup #21,Atta Galatta,51314574-7ac8-41e6-b982-9d20ba5f54f1,Magical Women (,Unknown,Unknown,
21,28/07/2019,BBB Meetup #21,Atta Galatta,693676b8-bbc5-4aae-bf59-f653609b1cff,Malazan : Reaper’s Gale (,Unknown,Unknown,
21,28/07/2019,BBB Meetup #21,Atta Galatta,57131ef5-3b20-4341-9bb9-8ecfbb44040d,Malice (,Unknown,Unknown,
21,28/07/2019,BBB Meetup #21,Atta Galatta,8aa5e2fc-eb97-4969-9ac6-e4d671c4ebf9,Meditations (,Unknown,Unknown,
21,28/07/2019,BBB Meetup #21,Atta Galatta,814ea0ac-8ed1-4c8e-855e-eac9c23d5ab1,Midnight’s Children (,Unknown,Unknown,
21,28/07/2019,BBB Meetup #21,Atta Galatta,449febe2-df24-4cb8-abc3-042914b27cb3,Mossad (,Unknown,Unknown,
21,28/07/2019,BBB Meetup #21,Atta Galatta,854c4a4f-4da3-4bde-a08c-4a5a0d539804,Munnu (,Unknown,Unknown,
21,28/07/2019,BBB Meetup #21,Atta Galatta,8a58515b-0f80-450a-825d-d54de06d0aa0,Mythos (,Unknown,Unknown,
21,28/07/2019,BBB Meetup #21,Atta Galatta,9c829786-be5b-4b62-84ba-7b43ef3cbb9d,Newcomer (,Unknown,Unknown,
21,28/07/2019,BBB Meetup #21,Atta Galatta,f8211c1c-e99a-4f59-94b2-4c9f45108fa7,Norse Mythology (,Unknown,Unknown,
21,28/07/2019,BBB Meetup #21,Atta Galatta,9132bb08-0c4c-487f-9216-58750ee96b25,Norwegian Wood (,Unknown,Unknown,
21,28/07/2019,BBB Meetup #21,Atta Galatta,44adfeb9-9121-4449-988d-789b321fef87,Predictably Irrational (,Unknown,Unknown,
21,28/07/2019,BBB Meetup #21,Atta Galatta,1530f4db-d5e7-4ec4-8d69-7fe671226746,Queen of Sorcery (,Unknown,Unknown,
21,28/07/2019,BBB Meetup #21,Atta Galatta,d83323ac-bee5-42f2-b5cc-56003b4bd769,Slaughterhouse Five (,Unknown,Unknown,
21,28/07/2019,BBB Meetup #21,Atta Galatta,c0fca528-9f9c-4f6f-9f77-167fd4ad01a2,So good they can’t ignore you (,Unknown,Unknown,
21,28/07/2019,BBB Meetup #21,Atta Galatta,f92c6c68-79d8-47de-bb9a-019b296d3a8c,Steelheart (,Unknown,Unknown,
21,28/07/2019,BBB Meetup #21,Atta Galatta,993a5ec0-e26c-4f26-8823-660c872c4ab7,The Children of Jocasta (,Unknown,Unknown,
21,28/07/2019,BBB Meetup #21,Atta Galatta,783e3247-d7b8-42c4-8866-e00c53ac6380,"The Courtesan, The Mahatma and The Italian Brahmin (",Unknown,Unknown,
21,28/07/2019,BBB Meetup #21,Atta Galatta,7e87aaf4-256b-4704-8e26-e17cc3423d50,The Dresden Files (,Unknown,Unknown,
21,28/07/2019,BBB Meetup #21,Atta Galatta,3a01a2f6-1ac3-472a-8cd3-e9e9e4756b15,The Grand Design (,Unknown,Unknown,
21,28/07/2019,BBB Meetup #21,Atta Galatta,ae8cccb0-b2ae-4536-8a6a-24928f1c0929,The Master and Margarita (,Unknown,Unknown,
21,28/07/2019,BBB Meetup #21,Atta Galatta,ce2ca8b8-cabd-4879-84e0-d22cda5f25b5,The Mistborn Trilogy,Unknown,Unknown,
21,28/07/2019,BBB Meetup #21,Atta Galatta,2a184336-136c-4062-9c06-10249a407288,The Rainforest (?),Unknown,Unknown,
21,28/07/2019,BBB Meetup #21,Atta Galatta,89df83bc-4560-473a-a456-02be0be5d07b,The Song of Achilles (,Unknown,Unknown,
21,28/07/2019,BBB Meetup #21,Atta Galatta,8e565688-d75a-40b0-9733-c36545326784,The Theory of Everything (,Unknown,Unknown,
21,28/07/2019,BBB Meetup #21,Atta Galatta,31ce4640-01f5-420e-8956-8f141863147e,The Time Traveler’s Wife (,Unknown,Unknown,
21,28/07/2019,BBB Meetup #21,Atta Galatta,48eaf884-ffa9-47a4-b2fe-8b72f6e9a59d,The Undoing Project (,Unknown,Unknown,
21,28/07/2019,BBB Meetup #21,Atta Galatta,ca4d1aa0-9193-4fbb-b966-4a00f88eaaab,The festival of significance (,Unknown,Unknown,
21,28/07/2019,BBB Meetup #21,Atta Galatta,fcc6f0f8-dc9e-4a95-97aa-966c748290b0,The following were the books discussed,Unknown,Unknown,
21,28/07/2019,BBB Meetup #21,Atta Galatta,6b72721e-2041-4b60-9475-94c8b66973f6,Thinking Fast and Slow (,Unknown,Unknown,
21,28/07/2019,BBB Meetup #21,Atta Galatta,59f0725e-1062-4133-990f-0d824848bf96,Timeline (,Unknown,Unknown,
21,28/07/2019,BBB Meetup #21,Atta Galatta,0bdc4ff9-1048-4a9d-b6f5-8f612ff67e87,"Today’s meetup, as the previous meetup did, had 16 members and was again at our regular venue","Atta Galatta. We had 3 new members in addition to 12 other old-heads and it was, as always, a lot of fun!",Unknown,
21,28/07/2019,BBB Meetup #21,Atta Galatta,852ab192-b13d-4e02-aff5-18475166c697,Train to Pakistan (,Unknown,Unknown,
21,28/07/2019,BBB Meetup #21,Atta Galatta,250aff5b-15c5-4549-939d-75747f4eed9f,Turbulence (,Unknown,Unknown,
21,28/07/2019,BBB Meetup #21,Atta Galatta,fd439f87-73cc-4e9f-b67d-59db74fb2b63,Under Delhi (,Unknown,Unknown,
21,28/07/2019,BBB Meetup #21,Atta Galatta,d5283fb4-40e4-409d-8ce6-daa84763df49,Warbreaker (,Unknown,Unknown,
21,28/07/2019,BBB Meetup #21,Atta Galatta,0dfef789-fd84-4739-9578-6f6b03d30bc9,When Breath becomes Air (,Unknown,Unknown,
21,28/07/2019,BBB Meetup #21,Atta Galatta,751112bf-bdd9-471c-b735-bd9a25cca7b0,While Mortals Sleep (,Unknown,Unknown,
20,23/06/2019,BBB Meetup #20,Atta Galatta,2bbc848f-15c3-461e-9939-98b04ce67d11,1947 partition boxset,Unknown,Unknown,
20,23/06/2019,BBB Meetup #20,Atta Galatta,d612cd57-597f-4919-b3c4-219ed3e0650c,All the light we cannot see (,Unknown,Unknown,
20,23/06/2019,BBB Meetup #20,Atta Galatta,33160253-0d3b-4f5a-8c2a-05d40cb1315a,All the lives we’ve never lived (,Unknown,Unknown,
20,23/06/2019,BBB Meetup #20,Atta Galatta,1fedbc73-75e0-41d8-98c0-fa3929ecf339,An American Marriage (,Unknown,Unknown,
20,23/06/2019,BBB Meetup #20,Atta Galatta,0e486d9a-d3da-47a6-a99c-762e928e043c,And thanks to Alfa for providing us this treasure of recommendations about and related to the 1947 partition,Unknown,Unknown,
20,23/06/2019,BBB Meetup #20,Atta Galatta,decee8dd-0d3b-4b2c-812c-73c38f983f79,And the mountains Echoed (,Unknown,Unknown,
20,23/06/2019,BBB Meetup #20,Atta Galatta,072f41ed-bb94-435d-9572-ed1695da6726,Arcanum Unbounded (,Unknown,Unknown,
20,23/06/2019,BBB Meetup #20,Atta Galatta,4b163b79-6ce7-4c3f-aaf9-c7b06719deef,At the Same Time: Essays and Speeches (,Unknown,Unknown,
20,23/06/2019,BBB Meetup #20,Atta Galatta,d740c36b-eac5-4ecf-b674-a56799b58204,At the existential cafe (,Unknown,Unknown,
20,23/06/2019,BBB Meetup #20,Atta Galatta,328c8c42-d0d1-4175-b7ba-da7bc27cc3a5,Aurangzeb (,Unknown,Unknown,
20,23/06/2019,BBB Meetup #20,Atta Galatta,3608ce1e-4b97-4b62-8614-7c6912166d28,Beast (,Unknown,Unknown,
20,23/06/2019,BBB Meetup #20,Atta Galatta,0bee0b44-09a3-4fed-be2b-b2f4adf357cc,Becoming (,Unknown,Unknown,
20,23/06/2019,BBB Meetup #20,Atta Galatta,86a42082-c44f-417e-881b-199761804710,Ben hur (,Unknown,Unknown,
20,23/06/2019,BBB Meetup #20,Atta Galatta,57e5b629-8923-4c16-968f-1b19456347c1,Big Magic (,Unknown,Unknown,
20,23/06/2019,BBB Meetup #20,Atta Galatta,6d0e6989-4268-404e-b7d6-569fff32a06e,Bombay Brides (,Unknown,Unknown,
20,23/06/2019,BBB Meetup #20,Atta Galatta,c0223e65-c2f1-42ea-bb46-37cdd8310ad7,Broca’s Brain (,Unknown,Unknown,
20,23/06/2019,BBB Meetup #20,Atta Galatta,fd694607-0db4-4184-8878-15022a818b44,Chaos (,Unknown,Unknown,
20,23/06/2019,BBB Meetup #20,Atta Galatta,55599554-153f-4cf3-ac79-88739944671c,Circe (,Unknown,Unknown,
20,23/06/2019,BBB Meetup #20,Atta Galatta,d1bead7b-f13c-426e-a144-4fd6b5fa8261,Confessions of a banker (,Unknown,Unknown,
20,23/06/2019,BBB Meetup #20,Atta Galatta,37eabaa0-a2e7-4a43-a1b0-ee42c050e241,Cracking the Coding Interview (,Unknown,Unknown,
20,23/06/2019,BBB Meetup #20,Atta Galatta,d8ab40c3-4492-4e40-b131-ab7a863aa129,Culture Series,Unknown,Unknown,
20,23/06/2019,BBB Meetup #20,Atta Galatta,99f2d71a-a299-4340-a05c-d5d1c412f30c,Daytripper (,Unknown,Unknown,
20,23/06/2019,BBB Meetup #20,Atta Galatta,9768dbd5-7d99-4170-8e3d-abda2f1642a1,Duck death and the tulips (,Unknown,Unknown,
20,23/06/2019,BBB Meetup #20,Atta Galatta,d4ef2308-c813-44f0-b1ae-bfc90031860a,Dune (,Unknown,Unknown,
20,23/06/2019,BBB Meetup #20,Atta Galatta,9a977b55-228c-44cf-bc8c-481eccbd3a9e,Exit West (,Unknown,Unknown,
20,23/06/2019,BBB Meetup #20,Atta Galatta,33dd8ce6-faec-4aa8-afb5-327266b02ddb,Fiction,Unknown,Unknown,
20,23/06/2019,BBB Meetup #20,Atta Galatta,28535c2a-3154-4dfb-9214-1a43eabefd60,Fox 8 (George Sanders) (,Unknown,Unknown,
20,23/06/2019,BBB Meetup #20,Atta Galatta,ef796d97-1aaa-4a3f-a7cb-0e09445a76e9,Good Omens (,Unknown,Unknown,
20,23/06/2019,BBB Meetup #20,Atta Galatta,5ca778b5-2fc1-4ef3-b3f8-deeb4188306d,Good Talk (,Unknown,Unknown,
20,23/06/2019,BBB Meetup #20,Atta Galatta,049cd0f2-c1cd-4b5e-a682-6ed328015f86,Hangwoman (,Unknown,Unknown,
20,23/06/2019,BBB Meetup #20,Atta Galatta,7e41326d-f999-4d05-8e3e-eebb26eb100b,Harappa Series (,Unknown,Unknown,
20,23/06/2019,BBB Meetup #20,Atta Galatta,d54142f3-33c2-4112-9f17-968ff4a70a3e,Homo Deus (,Unknown,Unknown,
20,23/06/2019,BBB Meetup #20,Atta Galatta,40f592c8-abc7-45e1-87ae-56deab193eff,How I became a tree (,Unknown,Unknown,
20,23/06/2019,BBB Meetup #20,Atta Galatta,ac83e8a0-085e-4885-be76-fd9e006786f0,Ice Candyman/ Cracking India (,Unknown,Unknown,
20,23/06/2019,BBB Meetup #20,Atta Galatta,7f564a4a-9fe5-45c9-9aae-5646ad988a0d,In freedom’s shade (,Unknown,Unknown,
20,23/06/2019,BBB Meetup #20,Atta Galatta,e8cdbf24-41ae-4af0-9612-1868cc0cbad7,In the country of men (,Unknown,Unknown,
20,23/06/2019,BBB Meetup #20,Atta Galatta,be85266f-e15c-472a-99b2-dfe1531e2fe0,In the sea there are crocodiles (,Unknown,Unknown,
20,23/06/2019,BBB Meetup #20,Atta Galatta,66904e9b-4fad-4a28-94bc-ca6710f4f6bf,Insects Are Just Like You and Me Except Some of Them Have Wings (,Unknown,Unknown,
20,23/06/2019,BBB Meetup #20,Atta Galatta,23e52da5-8124-4269-982c-7130965d76eb,Invisible Planets (,Unknown,Unknown,
20,23/06/2019,BBB Meetup #20,Atta Galatta,25702dee-243d-4e05-b78f-b0a9c2b93996,Ivory Throne (,Unknown,Unknown,
20,23/06/2019,BBB Meetup #20,Atta Galatta,5d42ec53-32aa-4448-86bf-97c6e459b6a8,Ken Liu,Unknown,Unknown,
20,23/06/2019,BBB Meetup #20,Atta Galatta,8c95799c-40fc-433e-a434-416f84ebd755,Latitudes of Longing (,Unknown,Unknown,
20,23/06/2019,BBB Meetup #20,Atta Galatta,ef46f939-f0de-4ccf-a8a9-be13591ea58d,Leila (,Unknown,Unknown,
20,23/06/2019,BBB Meetup #20,Atta Galatta,f810e3b0-0437-4a56-8e54-ff7d5b81c1f7,Making sense of Pakistan (,Unknown,Unknown,
20,23/06/2019,BBB Meetup #20,Atta Galatta,818efaf4-d92a-4f4e-bb14-0c605e242345,Man’s Search for Meaning (,Unknown,Unknown,
20,23/06/2019,BBB Meetup #20,Atta Galatta,5b290ab9-7e19-48f5-ba30-56a249fc507f,"Mr. God, This is Anna (",Unknown,Unknown,
20,23/06/2019,BBB Meetup #20,Atta Galatta,356bdb4b-963c-449a-96fb-db8174d3d116,Mr. and Mrs. Jinnah: The Marriage that Shook India (,Unknown,Unknown,
20,23/06/2019,BBB Meetup #20,Atta Galatta,854c4a4f-4da3-4bde-a08c-4a5a0d539804,Munnu (,Unknown,Unknown,
20,23/06/2019,BBB Meetup #20,Atta Galatta,9c829786-be5b-4b62-84ba-7b43ef3cbb9d,Newcomer (,Unknown,Unknown,
20,23/06/2019,BBB Meetup #20,Atta Galatta,2570599b-af37-4ad1-b074-c67fa3a7f1c8,Non-Fiction,Unknown,Unknown,
20,23/06/2019,BBB Meetup #20,Atta Galatta,75e7fdf7-f7f3-47aa-b51c-15ca53e1f45c,Pachinko (,Unknown,Unknown,
20,23/06/2019,BBB Meetup #20,Atta Galatta,e5c5fa27-87ad-4989-b4e7-eb92167c7c76,Perfume,Story of a murderer (,Unknown,
20,23/06/2019,BBB Meetup #20,Atta Galatta,ab7c3d5b-0948-4173-8f99-0cdda90946a7,Rebel Sultans (,Unknown,Unknown,
20,23/06/2019,BBB Meetup #20,Atta Galatta,59c0e1dc-d689-445e-9529-4bc272077b82,Remnants of A Separation (,Unknown,Unknown,
20,23/06/2019,BBB Meetup #20,Atta Galatta,c3c3a3b4-2253-4073-9f05-8451442b3bf7,Remnants of separation: A history,Unknown,Unknown,
20,23/06/2019,BBB Meetup #20,Atta Galatta,f0eea3d7-c051-463f-b2fd-f59164067f79,Siddhartha (,Unknown,Unknown,
20,23/06/2019,BBB Meetup #20,Atta Galatta,94ba30d3-613a-4ab3-b634-53dedf697686,Stephen Alter (The Cloud Farers),Unknown,Unknown,
20,23/06/2019,BBB Meetup #20,Atta Galatta,aa4e75af-afe7-4a9c-8d22-6114b89ea8ab,Superintelligence (,Unknown,Unknown,
20,23/06/2019,BBB Meetup #20,Atta Galatta,b16c9755-bffe-46ec-ac02-b4def03ede6d,Tatami Galaxy (,Unknown,Unknown,
20,23/06/2019,BBB Meetup #20,Atta Galatta,49cdbe24-67cc-4157-bab2-d09a74e4cf0c,The Bear and the Nightingale (,Unknown,Unknown,
20,23/06/2019,BBB Meetup #20,Atta Galatta,1011a44e-1b35-47cf-a0c2-ed4b7404ff1b,The Day the Crayons Quit (,Unknown,Unknown,
20,23/06/2019,BBB Meetup #20,Atta Galatta,279e5147-9f3c-4bda-9fcd-9b1fff21fde1,The Emperor’s Soul (,Unknown,Unknown,
20,23/06/2019,BBB Meetup #20,Atta Galatta,cb5ae45c-72cd-436e-b397-c8a732097c84,The Global Novel (,Unknown,Unknown,
20,23/06/2019,BBB Meetup #20,Atta Galatta,db868cd5-eac9-4c44-89e8-47122cae7527,The Obelisk Gate (,Unknown,Unknown,
20,23/06/2019,BBB Meetup #20,Atta Galatta,9fc6f54c-d733-4248-b6a5-2a8336f01e7e,The Old Man and the Sea (,Unknown,Unknown,
20,23/06/2019,BBB Meetup #20,Atta Galatta,66e9e833-e364-4273-87f8-8c85bb126f4d,The Reluctant Fundamentalist (,Unknown,Unknown,
20,23/06/2019,BBB Meetup #20,Atta Galatta,8621c773-e78e-4232-8540-5a3fff7227be,The Return (,Unknown,Unknown,
20,23/06/2019,BBB Meetup #20,Atta Galatta,30a34b26-6132-4389-9c40-9a663864487d,The Strange Library (,Unknown,Unknown,
20,23/06/2019,BBB Meetup #20,Atta Galatta,7e2e5aea-b2cf-4d2b-8fdf-466910fa7d0e,The forty rules of love (,Unknown,Unknown,
20,23/06/2019,BBB Meetup #20,Atta Galatta,39674a71-66cd-4596-a536-2588e71df351,The great partition (,Unknown,Unknown,
20,23/06/2019,BBB Meetup #20,Atta Galatta,813c5047-0e52-41ca-a83d-64aaca1fa766,"The legend of rock, Paper and Scissors",Unknown,Unknown,
20,23/06/2019,BBB Meetup #20,Atta Galatta,aed43899-aae2-42ed-8773-de11a24ab90c,The three-body problem (,Unknown,Unknown,
20,23/06/2019,BBB Meetup #20,Atta Galatta,25fb5f5a-7d51-46da-9aa9-ad0fd24c6665,This is not that dawn (,Unknown,Unknown,
20,23/06/2019,BBB Meetup #20,Atta Galatta,a97fd6d8-1ef4-496b-9ecd-c9c48727615f,Toba Tek Singh (,Unknown,Unknown,
20,23/06/2019,BBB Meetup #20,Atta Galatta,f2865f18-5d71-4916-a819-3b07e3e76d75,Trade Winds (,Unknown,Unknown,
20,23/06/2019,BBB Meetup #20,Atta Galatta,852ab192-b13d-4e02-aff5-18475166c697,Train to Pakistan (,Unknown,Unknown,
20,23/06/2019,BBB Meetup #20,Atta Galatta,9fb72e11-06ca-40b3-a92b-c7227534a5d2,Uncommon type (,Unknown,Unknown,
19,26/05/2019,BBB Meetup #19,Atta Galatta,ae6380e0-8070-46ea-911d-270747494011,A Million Little Pieces (,Unknown,Unknown,
19,26/05/2019,BBB Meetup #19,Atta Galatta,7f1c3c84-cab2-46c3-af66-8cb51ea5b4d6,Additional authors mentioned,Unknown,Unknown,
19,26/05/2019,BBB Meetup #19,Atta Galatta,27db54ec-edef-4530-b1a2-6b78f73f9059,Anita Gets Bail (,Unknown,Unknown,
19,26/05/2019,BBB Meetup #19,Atta Galatta,7a54eec2-5fa7-4011-a300-4914d24dc939,Ball Lightning (,Unknown,Unknown,
19,26/05/2019,BBB Meetup #19,Atta Galatta,e3684a36-335a-432a-bb8b-67d9691b790c,Big Little Lies (,Unknown,Unknown,
19,26/05/2019,BBB Meetup #19,Atta Galatta,57e5b629-8923-4c16-968f-1b19456347c1,Big Magic (,Unknown,Unknown,
19,26/05/2019,BBB Meetup #19,Atta Galatta,3832a2a2-0107-4732-a5c9-f52f68d27e97,Binti : The Complete Trilogy (,Unknown,Unknown,
19,26/05/2019,BBB Meetup #19,Atta Galatta,b7abf7b5-fd66-4dc6-a552-d470fff0edb2,Birthday Stories (,Unknown,Unknown,
19,26/05/2019,BBB Meetup #19,Atta Galatta,b01d9f46-f459-4a97-8212-7bffde428f99,Bloodchild (,Unknown,Unknown,
19,26/05/2019,BBB Meetup #19,Atta Galatta,6d0e6989-4268-404e-b7d6-569fff32a06e,Bombay Brides (,Unknown,Unknown,
19,26/05/2019,BBB Meetup #19,Atta Galatta,e4f9cc76-f184-4555-9924-1b7c3d3da2a9,China Meville,Unknown,Unknown,
19,26/05/2019,BBB Meetup #19,Atta Galatta,da77cbbc-637a-442c-8114-3be66d5887e0,Early Indians (,Unknown,Unknown,
19,26/05/2019,BBB Meetup #19,Atta Galatta,9a977b55-228c-44cf-bc8c-481eccbd3a9e,Exit West (,Unknown,Unknown,
19,26/05/2019,BBB Meetup #19,Atta Galatta,fb400ac4-e83f-4f43-82e6-9ae43772ec3d,Flow (,Unknown,Unknown,
19,26/05/2019,BBB Meetup #19,Atta Galatta,d88cb90c-386c-4fec-92aa-967eeb502623,Fox 8 (,Unknown,Unknown,
19,26/05/2019,BBB Meetup #19,Atta Galatta,d141643f-3fc9-4ee2-8045-127106a3d276,Genghis Khan and the Making of the Modern World (,Unknown,Unknown,
19,26/05/2019,BBB Meetup #19,Atta Galatta,fa6a58bd-c585-43ca-a4c2-e987d54393d2,Ghoomophiro (,Unknown,Unknown,
19,26/05/2019,BBB Meetup #19,Atta Galatta,faaa02c1-6500-486b-a81e-d11500406d6e,"If you have any suggestions to be added on this list, please feel free to leave it in the comments below!",Unknown,Unknown,
19,26/05/2019,BBB Meetup #19,Atta Galatta,81ea7e6a-d7be-4e23-b789-6b445a16e376,Interesting Podcasts and blogs,Unknown,Unknown,
19,26/05/2019,BBB Meetup #19,Atta Galatta,85a3433e-612c-408c-a644-89084c612227,Jeevichirikkunnavarkku Vendiyulla Oppees: Requiem for the Living (,Unknown,Unknown,
19,26/05/2019,BBB Meetup #19,Atta Galatta,aa492cc8-df61-43d3-b2b6-db8f689843f8,Multiple City (,Unknown,Unknown,
19,26/05/2019,BBB Meetup #19,Atta Galatta,394bb9a0-fad2-48eb-9a11-bd271551a382,Remembrance of Earth’s Past (,Unknown,Unknown,
19,26/05/2019,BBB Meetup #19,Atta Galatta,4fece1de-716b-434c-ac5a-d1b33f267ebb,Sad Girls (,Unknown,Unknown,
19,26/05/2019,BBB Meetup #19,Atta Galatta,ff4ab919-f068-48c5-acbd-c51085190b78,Strange Worlds! Strange Times! (,Unknown,Unknown,
19,26/05/2019,BBB Meetup #19,Atta Galatta,df194f23-c3db-4d70-a1c5-adc94dac887b,Ted Chiang,Unknown,Unknown,
19,26/05/2019,BBB Meetup #19,Atta Galatta,7dd56f5f-6b85-4de0-8d90-07031c870a75,The Adivasi will not dance (,Unknown,Unknown,
19,26/05/2019,BBB Meetup #19,Atta Galatta,9ab0fb9b-6c02-4d95-acc7-530212272b1a,The Age of Surveillance Capitalism (,Unknown,Unknown,
19,26/05/2019,BBB Meetup #19,Atta Galatta,6c1bbab3-f6e1-4ad6-a942-ee69355294e1,The Cricket War (,Unknown,Unknown,
19,26/05/2019,BBB Meetup #19,Atta Galatta,2ada0587-8200-4b96-8414-5a85fcb25220,The Lost Decade (2008-18) (,Unknown,Unknown,
19,26/05/2019,BBB Meetup #19,Atta Galatta,308e29c2-06cb-4054-b738-ff2b6fcd182d,The Sixth String of Vilayat Khan (,Unknown,Unknown,
19,26/05/2019,BBB Meetup #19,Atta Galatta,ea941403-41a4-4dd6-99cd-af6e3f1e1c70,The Travels of Ibn Batuttah (,Unknown,Unknown,
19,26/05/2019,BBB Meetup #19,Atta Galatta,3b590b2b-ea58-4393-be34-c0d62ec1a670,The Witches (,Unknown,Unknown,
19,26/05/2019,BBB Meetup #19,Atta Galatta,df4ee87f-d62b-44a9-851e-c5141052790b,The Wolf of Wall Street (,Unknown,Unknown,
19,26/05/2019,BBB Meetup #19,Atta Galatta,17b6f1ca-66a1-41ec-ab1c-798b9f9d7664,The fifth Season (,Unknown,Unknown,
19,26/05/2019,BBB Meetup #19,Atta Galatta,872fe313-33b6-46a1-9f1a-564f00e17828,The last Mughal (,Unknown,Unknown,
19,26/05/2019,BBB Meetup #19,Atta Galatta,0aa6f5da-66a8-4f5f-813c-4e880888386f,♫ https://modernmrsdarcy.com/category/podcast/,Unknown,Unknown,
19,26/05/2019,BBB Meetup #19,Atta Galatta,5b139718-c910-41fa-9b0a-bf99dfbe928a,♫ https://www.vox.com/recode-decode-podcast-kara-swisher,Unknown,Unknown,
19,26/05/2019,BBB Meetup #19,Atta Galatta,ef716dd5-c847-4169-a5b0-01a17a1d8dc0,✎ https://www.lesswrong.com/of the partition through material memory (,Unknown,Unknown,
19,26/05/2019,BBB Meetup #19,Atta Galatta,57591d4b-4bc6-4141-948a-7d7a534ef27e,✎ waitbutwhy.com,Unknown,Unknown,
18,31/03/2019,BBB Meetup #18,Atta Galatta,b53ab80f-4768-42bb-bfa7-2726175811ff,A Corner of a Foreign Field (,Unknown,Unknown,
18,31/03/2019,BBB Meetup #18,Atta Galatta,17a53cb3-3a0a-4515-8d27-fbb0b823c392,A Man called Ove (,Unknown,Unknown,
18,31/03/2019,BBB Meetup #18,Atta Galatta,bf2a879e-ef29-4094-989e-a39c6ceb180d,Blitzscaling (,Unknown,Unknown,
18,31/03/2019,BBB Meetup #18,Atta Galatta,9f8f2b49-6ff7-4ed7-8f68-f042edcb168a,Dark Matter (,Unknown,Unknown,
18,31/03/2019,BBB Meetup #18,Atta Galatta,292e3d6c-9448-4a85-bb3c-db3826f4a634,Dreamers (,Unknown,Unknown,
18,31/03/2019,BBB Meetup #18,Atta Galatta,e50dfe07-2c5c-4345-9252-cb075207f1aa,Gandhi Before India (,Unknown,Unknown,
18,31/03/2019,BBB Meetup #18,Atta Galatta,3af13dd5-b969-4ada-811f-99b08c8b366b,Geek Heresy (,Unknown,Unknown,
18,31/03/2019,BBB Meetup #18,Atta Galatta,be913a50-0850-4f55-b6f3-a504af40053d,Group,Unknown,Unknown,
18,31/03/2019,BBB Meetup #18,Atta Galatta,0884fe21-d414-4b5b-9be1-4be49b7d7df3,India After Gandhi (,Unknown,Unknown,
18,31/03/2019,BBB Meetup #18,Atta Galatta,ca7664bc-9489-423d-9fe3-16f88875d100,It doesn’t have to be crazy at Work (,Unknown,Unknown,
18,31/03/2019,BBB Meetup #18,Atta Galatta,3753baab-a5a8-474b-b0c5-4dd524b8dd4f,Malazan (,Unknown,Unknown,
18,31/03/2019,BBB Meetup #18,Atta Galatta,f58a68ce-7d4f-4fc2-a731-ddfe769973b6,Measure What Matter (,Unknown,Unknown,
18,31/03/2019,BBB Meetup #18,Atta Galatta,5289c144-4031-4cb2-b8fd-0ff6d67c988a,Mind without Fear (,Unknown,Unknown,
18,31/03/2019,BBB Meetup #18,Atta Galatta,ffa239dd-0cc3-4229-80c2-5296abac6929,Mistborn (,Unknown,Unknown,
18,31/03/2019,BBB Meetup #18,Atta Galatta,449febe2-df24-4cb8-abc3-042914b27cb3,Mossad (,Unknown,Unknown,
18,31/03/2019,BBB Meetup #18,Atta Galatta,509fed04-3a7a-48b2-a085-724fd3474a01,Rework (,Unknown,Unknown,
18,31/03/2019,BBB Meetup #18,Atta Galatta,bacf020e-fec7-4df6-81bd-94c56242776a,Simon vs The Homo Sapien Agenda (,Unknown,Unknown,
18,31/03/2019,BBB Meetup #18,Atta Galatta,888e0c7e-4de3-4f71-9d79-dcaef78d3090,The Diary of a Young Girl (,Unknown,Unknown,
18,31/03/2019,BBB Meetup #18,Atta Galatta,279e5147-9f3c-4bda-9fcd-9b1fff21fde1,The Emperor’s Soul (,Unknown,Unknown,
18,31/03/2019,BBB Meetup #18,Atta Galatta,709a4678-7750-4725-8d1b-a32512e371f1,The Handmaid’s Tale (,Unknown,Unknown,
18,31/03/2019,BBB Meetup #18,Atta Galatta,e7adee4c-0069-4e1f-8ff8-9fb00f4cd619,The Kind Worth Killing (,Unknown,Unknown,
18,31/03/2019,BBB Meetup #18,Atta Galatta,f0d74894-891b-4415-abb3-019f12bda070,The Man in the High Castle (,Unknown,Unknown,
18,31/03/2019,BBB Meetup #18,Atta Galatta,e5dc9ae8-362a-45da-a095-a39856062fc8,The Thrilling Adventures of Lovelace and Babbage (,Unknown,Unknown,
18,31/03/2019,BBB Meetup #18,Atta Galatta,8a126655-b480-4bb3-8e2e-a903ffbdf7a9,The Umbrella Academy (,Unknown,Unknown,
18,31/03/2019,BBB Meetup #18,Atta Galatta,b7cb16cc-289b-4484-98e4-63b86ace4f96,The Wayward Pines Trilogy (,Unknown,Unknown,
18,31/03/2019,BBB Meetup #18,Atta Galatta,b968fd30-45a0-4a40-a7e3-4f276a6fed6a,The book thief (,Unknown,Unknown,
18,31/03/2019,BBB Meetup #18,Atta Galatta,6b67d796-706e-4805-8334-1a5888ac3022,The boy in the striped pyjamas (,Unknown,Unknown,
18,31/03/2019,BBB Meetup #18,Atta Galatta,161ce713-e702-4924-9b6e-d96094ef3bab,The following are the books that were discussed in the March 2019 meetup,Unknown,Unknown,
18,31/03/2019,BBB Meetup #18,Atta Galatta,83d353cb-9a13-484f-99ac-9891596a5677,Ubuntu (,Unknown,Unknown,
18,31/03/2019,BBB Meetup #18,Atta Galatta,d5283fb4-40e4-409d-8ce6-daa84763df49,Warbreaker (,Unknown,Unknown,
17,27/01/2019,BBB Meetup #17,Atta Galatta,ecc5e489-e9c9-42a4-97b1-b4f6a3b84301,Breaking the Mould (,Unknown,Unknown,
17,27/01/2019,BBB Meetup #17,Atta Galatta,bf4621d8-aa48-4ec8-8722-0b6fe6a8df90,Chemmeen (,Unknown,Unknown,
17,27/01/2019,BBB Meetup #17,Atta Galatta,9812d84d-437a-4814-83fd-d3bd12e1f970,Children’s stories,Unknown,Unknown,
17,27/01/2019,BBB Meetup #17,Atta Galatta,1b3a4898-bf35-4689-bbd3-ce8e0b03d870,Cuckold (,Unknown,Unknown,
17,27/01/2019,BBB Meetup #17,Atta Galatta,809b5a10-0366-4399-a85c-5a5c51625f0f,Cult of Chaos (,Unknown,Unknown,
17,27/01/2019,BBB Meetup #17,Atta Galatta,a9409547-6620-48a6-b0db-109b503c2719,"Duck, Death and the Tulip",Unknown,Unknown,
17,27/01/2019,BBB Meetup #17,Atta Galatta,da77cbbc-637a-442c-8114-3be66d5887e0,Early Indians (,Unknown,Unknown,
17,27/01/2019,BBB Meetup #17,Atta Galatta,4246a27e-5bac-45ed-b900-70eb122c3687,Ex Libris (,Unknown,Unknown,
17,27/01/2019,BBB Meetup #17,Atta Galatta,ee5409c8-b659-46ed-917b-d75eeb6c1bd5,First among Equals (,Unknown,Unknown,
17,27/01/2019,BBB Meetup #17,Atta Galatta,ed46b6a8-d3df-4b0a-a7ad-c2aa37f05dd2,Flashpoint (,Unknown,Unknown,
17,27/01/2019,BBB Meetup #17,Atta Galatta,3ad2b721-bbbd-40ed-84b6-5aaebc7fb754,Fourteen Years with Boss (,Unknown,Unknown,
17,27/01/2019,BBB Meetup #17,Atta Galatta,be913a50-0850-4f55-b6f3-a504af40053d,Group,Unknown,Unknown,
17,27/01/2019,BBB Meetup #17,Atta Galatta,d09259db-ce68-4bf5-97b7-46e0cf2adfbd,Gruffalo,Unknown,Unknown,
17,27/01/2019,BBB Meetup #17,Atta Galatta,6e67e73b-f1f5-4647-87cf-9b6ac801d00a,Half the NIght is Gone (,Unknown,Unknown,
17,27/01/2019,BBB Meetup #17,Atta Galatta,f2aee277-5826-426e-b4a0-b19f1de5c657,Here we Are,Unknown,Unknown,
17,27/01/2019,BBB Meetup #17,Atta Galatta,351b7edc-a8e6-4de0-a169-0e8b4d7915aa,In Xanadu (,Unknown,Unknown,
17,27/01/2019,BBB Meetup #17,Atta Galatta,6a15b9e3-ef5d-4db5-a831-3c8e3a5b5bf9,In an Antique Land (,Unknown,Unknown,
17,27/01/2019,BBB Meetup #17,Atta Galatta,0204ec0e-95c1-4819-aae6-13c7d8d9eab1,Interpreter of Maladies (,Unknown,Unknown,
17,27/01/2019,BBB Meetup #17,Atta Galatta,2308fcf2-640f-489a-9197-cabe84918d7a,Karadi Tales,Unknown,Unknown,
17,27/01/2019,BBB Meetup #17,Atta Galatta,bcf3a3c9-ec2a-40c9-a892-99b0d39c4b7e,Lanka’s Princess (,Unknown,Unknown,
17,27/01/2019,BBB Meetup #17,Atta Galatta,57131ef5-3b20-4341-9bb9-8ecfbb44040d,Malice (,Unknown,Unknown,
17,27/01/2019,BBB Meetup #17,Atta Galatta,76ef9edd-aec8-4d8e-88ab-bb79c3e09bdc,No Man’s Land (,Unknown,Unknown,
17,27/01/2019,BBB Meetup #17,Atta Galatta,b35faa4a-1668-4166-b660-2b51e0a2fc81,Nocturnes (,Unknown,Unknown,
17,27/01/2019,BBB Meetup #17,Atta Galatta,52f9813f-498c-4367-a109-c0dabfaf5578,One Day in the Life of Ivan Denisovich (,Unknown,Unknown,
17,27/01/2019,BBB Meetup #17,Atta Galatta,a76b6483-60d1-41d3-ac6d-e6fa17807816,Poetry,TS Elliot,Unknown,
17,27/01/2019,BBB Meetup #17,Atta Galatta,2aede925-c38b-4559-b9fa-3d51426bd7a9,Publishers,Unknown,Unknown,
17,27/01/2019,BBB Meetup #17,Atta Galatta,e1f654ef-5cfb-4e4f-96ac-1440850f166d,Republic of Caste (,Unknown,Unknown,
17,27/01/2019,BBB Meetup #17,Atta Galatta,a750add6-c83d-4457-8fc9-df1c1438566a,Savitri’s Special Room (,Unknown,Unknown,
17,27/01/2019,BBB Meetup #17,Atta Galatta,f0eea3d7-c051-463f-b2fd-f59164067f79,Siddhartha (,Unknown,Unknown,
17,27/01/2019,BBB Meetup #17,Atta Galatta,fdab96f9-da91-4885-865d-6a6776b4306a,Southern Reach trilogy (,Unknown,Unknown,
17,27/01/2019,BBB Meetup #17,Atta Galatta,09637fde-5f39-4632-9e5f-dff0028b341f,The Book Hunters of Katpadi (,Unknown,Unknown,
17,27/01/2019,BBB Meetup #17,Atta Galatta,e8a72f6d-8c62-4a7d-8bbb-405ac75867ca,The Broken Earth Series (,Unknown,Unknown,
17,27/01/2019,BBB Meetup #17,Atta Galatta,ff6018d7-2ae8-4da1-a2eb-3ae7331334ed,The Complete Adventures of Feluda (,Unknown,Unknown,
17,27/01/2019,BBB Meetup #17,Atta Galatta,95c69c79-fd6f-4e14-bc1e-455261e55187,The Dalai Lama’s Cat (,Unknown,Unknown,
17,27/01/2019,BBB Meetup #17,Atta Galatta,023eabb6-9b19-483f-bd2c-205fbea058f7,The Gollancz Book of South Asian Science Fiction (,Unknown,Unknown,
17,27/01/2019,BBB Meetup #17,Atta Galatta,5f11b490-1029-49f8-a8b7-3e8593d34890,The Inscrutable Americans (,Unknown,Unknown,
17,27/01/2019,BBB Meetup #17,Atta Galatta,fdc9544b-0b40-4e92-b1a0-1c792b3c8a34,The Kingdom of Copper (,Unknown,Unknown,
17,27/01/2019,BBB Meetup #17,Atta Galatta,2a52d07c-99d3-40fe-a557-016c5d858b1d,The Liberation of Sita (,Unknown,Unknown,
17,27/01/2019,BBB Meetup #17,Atta Galatta,6b842f65-985c-4b4d-8178-f6dc146af686,The Little Prince,Unknown,Unknown,
17,27/01/2019,BBB Meetup #17,Atta Galatta,5d449abe-e257-4335-bd94-1bb6f1b4fff9,The Millennium Trilogy (,Unknown,Unknown,
17,27/01/2019,BBB Meetup #17,Atta Galatta,0eaedd1e-969a-4e8c-bad8-811a3090fcb2,The Palace of Illusions (,Unknown,Unknown,
17,27/01/2019,BBB Meetup #17,Atta Galatta,c1081677-8913-4bff-a84c-0c59f8906da7,The Poetry Pharmacy (,Unknown,Unknown,
17,27/01/2019,BBB Meetup #17,Atta Galatta,249bd474-401b-4ebf-a6fa-ced6f2413070,"The Prize: The Epic Quest for Oil, Money, and Power (",Unknown,Unknown,
17,27/01/2019,BBB Meetup #17,Atta Galatta,2d243694-a60d-4133-b02b-667b937ffde9,The Stormlight Archive,Unknown,Unknown,
17,27/01/2019,BBB Meetup #17,Atta Galatta,3c1d5ea5-01e5-4c2c-8210-43fcc010016e,The Wheel of Time (,Unknown,Unknown,
17,27/01/2019,BBB Meetup #17,Atta Galatta,aff11edc-e5d9-4996-b6a1-521b6fdb8ddb,The color Thief,Unknown,Unknown,
17,27/01/2019,BBB Meetup #17,Atta Galatta,17b6f122-39a8-4940-9a74-ed6f28c052a2,The days the crayons quit,Unknown,Unknown,
17,27/01/2019,BBB Meetup #17,Atta Galatta,5ba022c4-6776-4311-9460-9b714328fdc2,The following are the books that were discussed in the Jan 2019 meetup,Unknown,Unknown,
17,27/01/2019,BBB Meetup #17,Atta Galatta,fa56a10a-79ff-41e3-974a-a898a3a747a8,The storied life of AJ Fikrey (,Unknown,Unknown,
17,27/01/2019,BBB Meetup #17,Atta Galatta,6392d026-648a-434f-a33c-7b1ce636baa6,The town that laughed (,Unknown,Unknown,
17,27/01/2019,BBB Meetup #17,Atta Galatta,abc7f719-620b-4d95-823d-a257ce9e8295,Travels with Herodotus (,Unknown,Unknown,
17,27/01/2019,BBB Meetup #17,Atta Galatta,ad442076-dfe3-4e38-a9de-33aae0ffedfc,Tulika Publishers,Unknown,Unknown,
17,27/01/2019,BBB Meetup #17,Atta Galatta,db30fb4f-dfaf-4ad2-8ce5-e441d1a8c451,Ubik (,Unknown,Unknown,
17,27/01/2019,BBB Meetup #17,Atta Galatta,85c5c8a9-8dcb-42ce-9f44-646bb36dba47,We were eight years in power (,Unknown,Unknown,
17,27/01/2019,BBB Meetup #17,Atta Galatta,cff99ff7-316a-425c-83e4-9b58a0db7fc9,Where I’m reading from (,Unknown,Unknown,
16,25/11/2018,BBB Meetup #16,Atta Galatta,3ae242f3-afd2-4a3f-9afc-5134be382973,12 Rules for Life,Unknown,Unknown,
16,25/11/2018,BBB Meetup #16,Atta Galatta,2096fa2b-354f-4f4f-81a5-08405d3d3f2f,3 body Problem (Remembrance of Earth’s Past #1),Unknown,Unknown,
16,25/11/2018,BBB Meetup #16,Atta Galatta,17a53cb3-3a0a-4515-8d27-fbb0b823c392,A Man called Ove (,Unknown,Unknown,
16,25/11/2018,BBB Meetup #16,Atta Galatta,f41adc21-5557-45f5-8204-d195aba48054,A southern Music,Unknown,Unknown,
16,25/11/2018,BBB Meetup #16,Atta Galatta,c9d5195a-5842-4e43-beb2-2fe811afda42,Across the Universe (About the Beatles),Unknown,Unknown,
16,25/11/2018,BBB Meetup #16,Atta Galatta,33160253-0d3b-4f5a-8c2a-05d40cb1315a,All the lives we’ve never lived (,Unknown,Unknown,
16,25/11/2018,BBB Meetup #16,Atta Galatta,5d5c7133-39ee-400c-b396-280f15bcb62a,Being a Mountain,Unknown,Unknown,
16,25/11/2018,BBB Meetup #16,Atta Galatta,71a65209-b86a-4da5-8cf8-cf996e3e5bce,Between the assassinations,Unknown,Unknown,
16,25/11/2018,BBB Meetup #16,Atta Galatta,2b11f0e2-0ca0-47a6-b8be-4c689272b10c,Beyond Dharma,Unknown,Unknown,
16,25/11/2018,BBB Meetup #16,Atta Galatta,dbda917d-3857-4dec-9737-941cffa56ed1,Beyonders,Unknown,Unknown,
16,25/11/2018,BBB Meetup #16,Atta Galatta,23358fcd-95ca-43c3-a3ce-2f834ccf279a,Blink,Unknown,Unknown,
16,25/11/2018,BBB Meetup #16,Atta Galatta,6e2c8c56-74b0-4aec-b0a0-450818446961,Chai Chai,Unknown,Unknown,
16,25/11/2018,BBB Meetup #16,Atta Galatta,ab1791f7-b242-4020-965f-0c6f1464d937,City of Djinns,Unknown,Unknown,
16,25/11/2018,BBB Meetup #16,Atta Galatta,809b5a10-0366-4399-a85c-5a5c51625f0f,Cult of Chaos (,Unknown,Unknown,
16,25/11/2018,BBB Meetup #16,Atta Galatta,d8ab40c3-4492-4e40-b131-ab7a863aa129,Culture Series,Unknown,Unknown,
16,25/11/2018,BBB Meetup #16,Atta Galatta,8b1210bb-d773-4d60-b117-caa67f2c9d88,Cyber Sexy,Unknown,Unknown,
16,25/11/2018,BBB Meetup #16,Atta Galatta,71252a19-f682-48f8-90c0-cd5f56008cff,Dogs of War,Unknown,Unknown,
16,25/11/2018,BBB Meetup #16,Atta Galatta,d162288b-52b1-4042-a41b-22f05121f9d7,Dragon’s Egg (Cheela #1),Unknown,Unknown,
16,25/11/2018,BBB Meetup #16,Atta Galatta,7379897b-4f5e-4891-b56c-70a1faee6d94,Eleanor Oliphant is completely fine,Unknown,Unknown,
16,25/11/2018,BBB Meetup #16,Atta Galatta,94472076-4ff7-4561-9f27-f7ac156e3967,Extended Phenotype,Unknown,Unknown,
16,25/11/2018,BBB Meetup #16,Atta Galatta,c93f2c37-c5c5-4f50-b1ee-b36a60152122,Flowers for Algernon,Unknown,Unknown,
16,25/11/2018,BBB Meetup #16,Atta Galatta,ef602f78-3adf-4245-bec8-21d8b5b91367,Food : A Cultural Culinary History,Unknown,Unknown,
16,25/11/2018,BBB Meetup #16,Atta Galatta,8a7eac52-ffdd-4446-b69c-dbd72b9e58e3,From the holy mountain,Unknown,Unknown,
16,25/11/2018,BBB Meetup #16,Atta Galatta,a8522d6c-1345-4cef-be0c-e0defbb3174a,Ghachar Ghochar,Unknown,Unknown,
16,25/11/2018,BBB Meetup #16,Atta Galatta,3882ad98-4b72-461a-b94c-a90bb1067541,Gita Press and the making of Hindu India,Unknown,Unknown,
16,25/11/2018,BBB Meetup #16,Atta Galatta,6656186d-a645-4332-af55-53ce81a4d5ee,Gone Girl,Unknown,Unknown,
16,25/11/2018,BBB Meetup #16,Atta Galatta,923c24e8-8df8-4065-ac37-43fcd0f879b5,"Guns, Germs and Steel",Unknown,Unknown,
16,25/11/2018,BBB Meetup #16,Atta Galatta,338f2ef7-264a-40b3-9866-523fbb5f0429,Happy!,Unknown,Unknown,
16,25/11/2018,BBB Meetup #16,Atta Galatta,b092672a-9a89-4068-86b6-98437c51301b,How to travel light,Unknown,Unknown,
16,25/11/2018,BBB Meetup #16,Atta Galatta,8d6488cf-dd93-46c6-a2d6-e86371888d7d,I am A troll,Unknown,Unknown,
16,25/11/2018,BBB Meetup #16,Atta Galatta,3e116c59-0f29-40aa-bd57-c84a11ffc71f,"If it’s Monday, it must be Madurai",Unknown,Unknown,
16,25/11/2018,BBB Meetup #16,Atta Galatta,aaf18216-a10f-4ee7-bf51-df0484962009,Illiberal India,Unknown,Unknown,
16,25/11/2018,BBB Meetup #16,Atta Galatta,351b7edc-a8e6-4de0-a169-0e8b4d7915aa,In Xanadu (,Unknown,Unknown,
16,25/11/2018,BBB Meetup #16,Atta Galatta,e67bf95d-23ce-44ea-ae5b-ebb5ea325e6b,"Korma, Kheer and Kismat",Unknown,Unknown,
16,25/11/2018,BBB Meetup #16,Atta Galatta,c76bcd60-55e2-4ebe-b2ff-efb062439a73,Last man in Tower,Unknown,Unknown,
16,25/11/2018,BBB Meetup #16,Atta Galatta,6505dc4d-6d46-4b41-aeda-44ba31d12016,Letters to a young writer,Unknown,Unknown,
16,25/11/2018,BBB Meetup #16,Atta Galatta,c71c4043-6ed0-4460-9912-7d5e687783b5,Maps of Meaning,Unknown,Unknown,
16,25/11/2018,BBB Meetup #16,Atta Galatta,814ea0ac-8ed1-4c8e-855e-eac9c23d5ab1,Midnight’s Children (,Unknown,Unknown,
16,25/11/2018,BBB Meetup #16,Atta Galatta,9afe1f70-ef05-46fc-ac4d-4997134ef971,Miss Laila,Armed and Dangerous,Unknown,
16,25/11/2018,BBB Meetup #16,Atta Galatta,004fdd0c-1202-460e-b2ff-e8086b0fa1a6,My Hero Academia,Unknown,Unknown,
16,25/11/2018,BBB Meetup #16,Atta Galatta,5e7f8776-9bcd-4241-baf3-c86a7c936c57,Narcopolis,Unknown,Unknown,
16,25/11/2018,BBB Meetup #16,Atta Galatta,893e4d70-11b5-445e-9bdd-bad845656333,No one writes back,Unknown,Unknown,
16,25/11/2018,BBB Meetup #16,Atta Galatta,75e7fdf7-f7f3-47aa-b51c-15ca53e1f45c,Pachinko (,Unknown,Unknown,
16,25/11/2018,BBB Meetup #16,Atta Galatta,62308bc9-bbb2-4cda-b26a-c8692c1fb80a,Persepolis,Unknown,Unknown,
16,25/11/2018,BBB Meetup #16,Atta Galatta,a4ec74f9-87a6-4307-a760-251f3cb60015,Raakshas,Piyush Jha,Unknown,
16,25/11/2018,BBB Meetup #16,Atta Galatta,82a557da-fe26-4b6d-9772-0573791124e9,Radical Candor,Unknown,Unknown,
16,25/11/2018,BBB Meetup #16,Atta Galatta,fe2b39fc-806a-4ac6-bc85-bcbb06770a65,Ravan and Eddie,Unknown,Unknown,
16,25/11/2018,BBB Meetup #16,Atta Galatta,99626219-68ec-448a-8fdc-361e58ee2d32,Reaper Man (Discworld #11),Unknown,Unknown,
16,25/11/2018,BBB Meetup #16,Atta Galatta,edc719eb-80fa-44a0-9625-4bad2b52ff89,Serious Men,Unknown,Unknown,
16,25/11/2018,BBB Meetup #16,Atta Galatta,93f5697a-40ea-48a0-ab31-a4b1d45709e2,Shantaram,Unknown,Unknown,
16,25/11/2018,BBB Meetup #16,Atta Galatta,9c5d2319-7443-429a-820d-bf90e6c49182,Small Gods (Discworld #13),Unknown,Unknown,
16,25/11/2018,BBB Meetup #16,Atta Galatta,3897ef5e-b42e-4c7f-96ba-efcfc8c9aebd,Starquake (Cheela #2),Unknown,Unknown,
16,25/11/2018,BBB Meetup #16,Atta Galatta,76e366fd-5a24-4105-bae1-0e1c54503363,Stuff of Thought,Unknown,Unknown,
16,25/11/2018,BBB Meetup #16,Atta Galatta,77659601-3e6d-471a-a82d-86d1de7b2277,The 100-foot journey,Unknown,Unknown,
16,25/11/2018,BBB Meetup #16,Atta Galatta,425bb3a8-86f6-437e-9514-10c762174e8a,The Amazing Maurice and his Educated Rodents (Discworld #28),Unknown,Unknown,
16,25/11/2018,BBB Meetup #16,Atta Galatta,764b940d-b8af-494b-b72a-0678433c8809,The Childhood of Jesus,Unknown,Unknown,
16,25/11/2018,BBB Meetup #16,Atta Galatta,0852d449-40dd-4563-a8ea-f456f480caa1,The Children of Men,Unknown,Unknown,
16,25/11/2018,BBB Meetup #16,Atta Galatta,21c613de-b068-40ed-9bc1-124d9c870ff6,The Common Reader,Unknown,Unknown,
16,25/11/2018,BBB Meetup #16,Atta Galatta,96cea439-20f3-4829-abd4-12149ec84e20,The Demon hunt of Chottanikkara,Unknown,Unknown,
16,25/11/2018,BBB Meetup #16,Atta Galatta,7e87aaf4-256b-4704-8e26-e17cc3423d50,The Dresden Files (,Unknown,Unknown,
16,25/11/2018,BBB Meetup #16,Atta Galatta,5c5b1183-e666-40fb-8f54-b6f6060f38c0,The Final Empire (Mistborn #1),Unknown,Unknown,
16,25/11/2018,BBB Meetup #16,Atta Galatta,c4039718-af59-46c5-942e-60c1a395eb26,The Google Story,Unknown,Unknown,
16,25/11/2018,BBB Meetup #16,Atta Galatta,55126f44-55d7-4a73-992c-89ff97bc1ea7,The Great Indian Novel,Unknown,Unknown,
16,25/11/2018,BBB Meetup #16,Atta Galatta,ecd965db-d7c5-4ac4-a8f4-c8ffc2e15d9b,The Heat and Dust Project,Unknown,Unknown,
16,25/11/2018,BBB Meetup #16,Atta Galatta,32be77fe-2221-4c22-84cc-e42c4bc1516b,The Illicit Happiness of Others,Unknown,Unknown,
16,25/11/2018,BBB Meetup #16,Atta Galatta,6b842f65-985c-4b4d-8178-f6dc146af686,The Little Prince,Unknown,Unknown,
16,25/11/2018,BBB Meetup #16,Atta Galatta,64d8bbd8-6111-4a18-a8b7-6bab2fb6de47,The Mahabharata Murders,Unknown,Unknown,
16,25/11/2018,BBB Meetup #16,Atta Galatta,82edb7fa-aa0a-41af-8df5-7a2386f018f5,The Martian,Unknown,Unknown,
16,25/11/2018,BBB Meetup #16,Atta Galatta,74b3eb91-b116-48f8-a9d4-b0767012a2cc,The Matsya Curse,Unknown,Unknown,
16,25/11/2018,BBB Meetup #16,Atta Galatta,0753794b-68be-4c80-ba06-7f6f87c01938,The Mermaid and Mrs Hancock,Unknown,Unknown,
16,25/11/2018,BBB Meetup #16,Atta Galatta,4dc22637-98ab-40c4-b0ee-a52c32bc83bd,The Missing Queen,Unknown,Unknown,
16,25/11/2018,BBB Meetup #16,Atta Galatta,669a4509-c662-43f5-9dc1-fc38ec095894,The Mistress of Spices,Unknown,Unknown,
16,25/11/2018,BBB Meetup #16,Atta Galatta,626df1a6-cc23-4591-b957-bf72b2ecde96,The Rosie Project,Unknown,Unknown,
16,25/11/2018,BBB Meetup #16,Atta Galatta,da7dc3f0-bf1a-4372-b5fb-ee7f827fef39,The Schooldays of Jesus,Unknown,Unknown,
16,25/11/2018,BBB Meetup #16,Atta Galatta,01585beb-da89-4f74-b35b-7f071e47d2a2,The Taj Trilogy,Unknown,Unknown,
16,25/11/2018,BBB Meetup #16,Atta Galatta,b968fd30-45a0-4a40-a7e3-4f276a6fed6a,The book thief (,Unknown,Unknown,
16,25/11/2018,BBB Meetup #16,Atta Galatta,53d44784-b1b1-4624-a1a3-1d77254a85e9,The invisibles,Unknown,Unknown,
16,25/11/2018,BBB Meetup #16,Atta Galatta,6392d026-648a-434f-a33c-7b1ce636baa6,The town that laughed (,Unknown,Unknown,
16,25/11/2018,BBB Meetup #16,Atta Galatta,50838d39-5614-4c1b-b362-be9302552e15,The unbearable lightness of being,Unknown,Unknown,
16,25/11/2018,BBB Meetup #16,Atta Galatta,afbec3a5-1100-4486-a0b7-7307eb67e5c1,"Tlön, Uqbar, Orbis Tertius",Unknown,Unknown,
16,25/11/2018,BBB Meetup #16,Atta Galatta,8ab8ef1f-9fde-43fb-a284-dfc37f534821,Trump’s First Year,Unknown,Unknown,
16,25/11/2018,BBB Meetup #16,Atta Galatta,d774db11-530c-473a-bd62-c8b36d8e3472,Unreal Elections,Unknown,Unknown,
16,25/11/2018,BBB Meetup #16,Atta Galatta,ee44cbf5-8996-494e-904f-9ab75851ea56,We that are young,Unknown,Unknown,
16,25/11/2018,BBB Meetup #16,Atta Galatta,b008539c-3d30-4dd6-a166-9012720b7a73,We3,Unknown,Unknown,
16,25/11/2018,BBB Meetup #16,Atta Galatta,15e20c44-e614-4f1d-afa6-f0118854ae50,Wheel of Time,Unknown,Unknown,
16,25/11/2018,BBB Meetup #16,Atta Galatta,d0fc6e62-911f-44b8-af08-91c11f03c840,Why scams are here to stay,Unknown,Unknown,
15,26/08/2018,BBB Meetup #15,Atta Galatta,591190d9-8cf2-476f-8caa-4b3a34b430c4,Becoming Indian,Pavan K Varma,Unknown,
15,26/08/2018,BBB Meetup #15,Atta Galatta,d81be2e7-7207-4851-8eb6-2e0475199ab4,"Blood, Sweat and Pixes",Jason Schreier,Unknown,
15,26/08/2018,BBB Meetup #15,Atta Galatta,b990bd0b-7390-43de-81bc-2e6ccd70d379,Chestle Beach,Ian McEwan,Unknown,
15,26/08/2018,BBB Meetup #15,Atta Galatta,bfcfd17e-38dc-4ae2-9e3e-234fd2413703,Color of Magic,Terry Pratchett,Unknown,
15,26/08/2018,BBB Meetup #15,Atta Galatta,ce56c13e-f499-4d3f-a309-3f1fe67e9397,Couch,Benjamin Parzybok,Unknown,
15,26/08/2018,BBB Meetup #15,Atta Galatta,d7d1af99-1441-4313-b13e-e845e65db440,Democracy XI’s,Rajdeep Sardesai,Unknown,
15,26/08/2018,BBB Meetup #15,Atta Galatta,244b5f20-2bdc-453d-a749-91e475d2e13b,Djinn City,Saad Z Hossain,Unknown,
15,26/08/2018,BBB Meetup #15,Atta Galatta,4dbd5c40-4396-4714-9cd1-17a849245576,First Hand,"Orijit Sen, Neha Dixit",Unknown,
15,26/08/2018,BBB Meetup #15,Atta Galatta,cbee1f94-5c3f-46a9-a212-aaa944e881b5,Focus,Daniel Goleman,Unknown,
15,26/08/2018,BBB Meetup #15,Atta Galatta,3db7fc12-c7fb-420a-8498-03add792b5bb,Kane and Abel,Jeffery Archer,Unknown,
15,26/08/2018,BBB Meetup #15,Atta Galatta,2151ef65-cef9-426a-b2cc-90b9e55329ff,Outliers,Malcolm Gladwell,Unknown,
15,26/08/2018,BBB Meetup #15,Atta Galatta,98972a57-ae2a-4d9a-bdb6-66eadff92e18,Quantum Thief,Hannu Rajaniemi,Unknown,
15,26/08/2018,BBB Meetup #15,Atta Galatta,8f6eb725-a096-40e3-a5c7-c60941b71ac6,"Shot, Down",Vivek Rao,Unknown,
15,26/08/2018,BBB Meetup #15,Atta Galatta,bdc8dacf-3f25-4145-875c-b59150009c48,The Amazing Adventures of Kavalier and Clay,Michael Chabon,Unknown,
15,26/08/2018,BBB Meetup #15,Atta Galatta,9b50b75c-692d-4e57-9bc5-b72e2af0fc3c,The Bard of Blood,Bilal Siddiqui,Unknown,
15,26/08/2018,BBB Meetup #15,Atta Galatta,336317ad-5a14-4eda-bd6a-723c47a99868,The Crisis Within,G N Devy,Unknown,
15,26/08/2018,BBB Meetup #15,Atta Galatta,c67c337d-d855-4a8e-a1ad-f547c1faaed1,The Disappearance of Sally Sequeira,Bhaskar Chattopadhyay,Unknown,
15,26/08/2018,BBB Meetup #15,Atta Galatta,7bebd441-d735-43d8-8c3d-fb2890be7120,The Granta Book of Reportage,Unknown,Unknown,
15,26/08/2018,BBB Meetup #15,Atta Galatta,c4da8c6c-0ea7-41b1-aece-fff34d5877d8,The Life and Times of The Thunderbolt Kid,Bill Bryson,Unknown,
15,26/08/2018,BBB Meetup #15,Atta Galatta,2658a8dd-0256-4efb-8bbd-766ad80cdc40,The Shadow Rising,WoT Book 4 - Robert Jordan,Unknown,
15,26/08/2018,BBB Meetup #15,Atta Galatta,a9acecd6-d87f-468e-83b5-05ecd94b2fb2,The Subtle Art of Not Giving A F*ck,Mark Manson,Unknown,
15,26/08/2018,BBB Meetup #15,Atta Galatta,46044b80-27a6-43bf-b5ff-14d00bf4dbd5,The World According To Garp,John Irving,Unknown,
15,26/08/2018,BBB Meetup #15,Atta Galatta,bd1f7f88-b461-4a6e-95f6-0de17c5c8104,Tuesdays with Morrie,Mitch Albom,Unknown,
14,29/07/2018,BBB Meetup #14,Atta Galatta,306aa7db-868b-4508-8152-f595ee98e397,11/22/63,Stephen King,Unknown,
14,29/07/2018,BBB Meetup #14,Atta Galatta,21e0a77a-673a-487a-9f35-64f2582ed164,1984,George Orwell,Unknown,
14,29/07/2018,BBB Meetup #14,Atta Galatta,bc632fdc-f3e2-407d-abdc-8e0e912e09c8,A Story of a Brief Marriage,Anuk Arudprasagam,Unknown,
14,29/07/2018,BBB Meetup #14,Atta Galatta,aeebf45d-9b7e-4020-aa3e-495ffdb38e2b,A Thousand Year Old Boy,Ross Welford,Unknown,
14,29/07/2018,BBB Meetup #14,Atta Galatta,a91ac2c0-4f9b-4015-a369-8e3c2367d1fc,Age of Kali,William Dalrymple,Unknown,
14,29/07/2018,BBB Meetup #14,Atta Galatta,dffeceb4-bf35-4c2e-a752-b6e40630c6a1,All Systems Red,Martha Wells,Unknown,
14,29/07/2018,BBB Meetup #14,Atta Galatta,03fae58f-b393-4391-9ca8-d7b8e5d6574b,All The Works of Escher,M C Escher,Unknown,
14,29/07/2018,BBB Meetup #14,Atta Galatta,965ee342-4d76-49c8-a638-d9725cee77a0,Americanah,Chimamanda Ngozi Adichie,Unknown,
14,29/07/2018,BBB Meetup #14,Atta Galatta,9a6a63ce-7722-41da-985e-075a4a59acac,Aristotle and Dante Discover the Secrets of the Universe,Benjamin Alire Sáenz,Unknown,
14,29/07/2018,BBB Meetup #14,Atta Galatta,cbaf100a-e7fb-495d-aa8e-52065a048d2c,Between the World and Me,Ta Nehisi Coates,Unknown,
14,29/07/2018,BBB Meetup #14,Atta Galatta,8271609a-a3b7-4d20-acf8-e430ed1bcf96,"Blind Willow, Sleeping Woman",Murakami,Unknown,
14,29/07/2018,BBB Meetup #14,Atta Galatta,cd32b811-9221-4d36-be70-44e2e86ae45c,Chasing Excellence,Ben Bergeron,Unknown,
14,29/07/2018,BBB Meetup #14,Atta Galatta,253fceb4-92b5-4434-beee-db7bb90a8344,Chronicles of Narnia,CS Lewis,Unknown,
14,29/07/2018,BBB Meetup #14,Atta Galatta,0e5f1680-1d5d-4784-a7ce-ef9f0472917a,Dark Materials Trilogy,Philip Pullman,Unknown,
14,29/07/2018,BBB Meetup #14,Atta Galatta,5066f4cf-eb88-4750-a39e-ac3c6dfa195a,Dreams for My Father,Obama,Unknown,
14,29/07/2018,BBB Meetup #14,Atta Galatta,f158fc2d-a6ed-41e5-a429-4fc7b02f5da9,Earth to Centauri,Kumar L,Unknown,
14,29/07/2018,BBB Meetup #14,Atta Galatta,9e767689-0252-4325-a318-664d5347d5f8,Esio Trot,Roald Dahl,Unknown,
14,29/07/2018,BBB Meetup #14,Atta Galatta,55c4728f-b530-4294-b0a0-53b5324362c8,Faiz Ahmed Faiz Poems,Unknown,Unknown,
14,29/07/2018,BBB Meetup #14,Atta Galatta,0e72be22-0337-4780-9ab6-bbd7ed07f10e,Fictions,Jorge Luis Borges,Unknown,
14,29/07/2018,BBB Meetup #14,Atta Galatta,7cbb8438-584f-40f9-b433-85d595512c49,Half of a Yellow Sun,Chimamanda Ngozi Adichie,Unknown,
14,29/07/2018,BBB Meetup #14,Atta Galatta,e66caf41-c950-46e5-b4ca-277cba3851b3,His Kiss,Roald Dahl,Unknown,
14,29/07/2018,BBB Meetup #14,Atta Galatta,fad7939e-e86c-4ebc-94f1-991d2358aa9c,How To Get Filthy Rich in Rising Asia,Unknown,Unknown,
14,29/07/2018,BBB Meetup #14,Atta Galatta,973492d0-4fa9-4302-87cd-93f6ec2de1a2,Hush A Baby Bye,Deepanjana Pal,Unknown,
14,29/07/2018,BBB Meetup #14,Atta Galatta,36aff27d-41ba-4cff-8426-7d841ea09ec2,Inferno,Dante,Unknown,
14,29/07/2018,BBB Meetup #14,Atta Galatta,db91644c-a6cd-4741-b25d-9d42d097887c,Invitation to a Beheading,Vladimir Nabokov,Unknown,
14,29/07/2018,BBB Meetup #14,Atta Galatta,22b9b1d7-7e2d-4dc2-a447-e8e69a43fd87,LOTR,Tolkien,Unknown,
14,29/07/2018,BBB Meetup #14,Atta Galatta,eddd77bc-9d2b-4911-a705-5d3794a5f6c6,Lolita,Vladimir Nabakov,Unknown,
14,29/07/2018,BBB Meetup #14,Atta Galatta,64039545-7a27-4df5-a7b9-b3fdb2626cde,Lone Fox Dancing,Ruskin Bond,Unknown,
14,29/07/2018,BBB Meetup #14,Atta Galatta,d215c24e-fa93-4907-9556-677bcedb4ba7,Malgudi Days,R K Narayan,Unknown,
14,29/07/2018,BBB Meetup #14,Atta Galatta,cb214416-8b54-4ef6-a476-ad450a46b0b3,Master and Margarita,Mikhail Bulgakov,Unknown,
14,29/07/2018,BBB Meetup #14,Atta Galatta,acb8ac96-07d9-495c-bb42-645b73843b8c,Moth Smoke,Mohsin Hamid,Unknown,
14,29/07/2018,BBB Meetup #14,Atta Galatta,9eddec97-297d-411b-8236-fae21d24594d,Notes from Underground,Fyodor Dostyoevsky,Unknown,
14,29/07/2018,BBB Meetup #14,Atta Galatta,a02dfacc-6188-4d46-b6c1-c6b1133bf33e,Only Time Will Tell,Jeffrey Archer,Unknown,
14,29/07/2018,BBB Meetup #14,Atta Galatta,fb8644ea-121e-4196-adc0-598a36617259,Panther Red One,Air Marshal Raghavendran,Unknown,
14,29/07/2018,BBB Meetup #14,Atta Galatta,2225eb66-751d-4d12-b564-5d7e1b9b5777,Pawan The Flying Accountant,Sorabh Pant,Unknown,
14,29/07/2018,BBB Meetup #14,Atta Galatta,cd3e1735-655c-4721-9c0e-ff9750f3c5d1,Purple Hibiscus,Chimamanda Ngozi Adichie,Unknown,
14,29/07/2018,BBB Meetup #14,Atta Galatta,daae17a7-63b8-48d4-8e55-ecbf910911f0,Quiet,Susan Cain,Unknown,
14,29/07/2018,BBB Meetup #14,Atta Galatta,45ea672f-d395-49f3-9dc5-f6b64f919aac,Reconciliation,Benazir Bhutto,Unknown,
14,29/07/2018,BBB Meetup #14,Atta Galatta,12e119cf-6b09-49f6-9e9e-43267d66faaa,Reluctant Fundamentalist,Mohsin Hamid,Unknown,
14,29/07/2018,BBB Meetup #14,Atta Galatta,96412574-05dd-4d45-984b-45978d48a77c,Sacred Games,Vikram Chandra,Unknown,
14,29/07/2018,BBB Meetup #14,Atta Galatta,a51ab8e5-cae4-4902-9499-e7586fbf6964,Salt and Sawdust,R K Narayan,Unknown,
14,29/07/2018,BBB Meetup #14,Atta Galatta,d12da2ed-fa46-49e0-9e39-37a8cf78daf1,Salvation of a saint,Keigo Higashino,Unknown,
14,29/07/2018,BBB Meetup #14,Atta Galatta,b2a7a381-1968-4033-a4a3-aa8012abdfe2,Secret Sauce,"Priya Bala, Jayanth Narayan",Unknown,
14,29/07/2018,BBB Meetup #14,Atta Galatta,b39424ed-86f6-4537-90b5-79ae001447e2,Silent House,Orhan Pamuk,Unknown,
14,29/07/2018,BBB Meetup #14,Atta Galatta,922cc42e-fd83-4c77-b785-57b724f5b4af,Sorry you’re joking Mr. Feynman,Richard Feynman,Unknown,
14,29/07/2018,BBB Meetup #14,Atta Galatta,70cb5e3d-d1b5-4683-a800-7e63407bea24,Spy who came in from the cold,John Le Carre,Unknown,
14,29/07/2018,BBB Meetup #14,Atta Galatta,d4db5d8c-b35c-4073-b1e3-103a7229ae9a,Strangeness in my mind,Orhan Pamuk,Unknown,
14,29/07/2018,BBB Meetup #14,Atta Galatta,52b21fdc-6667-450a-b7ae-6a0206b1eaf1,The Audacity of Hope,Barack Obama,Unknown,
14,29/07/2018,BBB Meetup #14,Atta Galatta,3d289a21-c377-40fa-92f9-bdcc59aaa3ff,The First 15 lives of Harry August,Catherine Webb,Unknown,
14,29/07/2018,BBB Meetup #14,Atta Galatta,98bb5b0a-0a65-437f-9839-d69b919d484e,The Interpreter of Maladies,Jhumpa Lahiri,Unknown,
14,29/07/2018,BBB Meetup #14,Atta Galatta,d109ab93-d1a3-480f-ad29-140b020c9501,The Ivory Throne,Manu S Pillai,Unknown,
14,29/07/2018,BBB Meetup #14,Atta Galatta,f34bc444-201a-43b5-99cf-dff6053e66c7,The Looming Tower,Lawrence Wright,Unknown,
14,29/07/2018,BBB Meetup #14,Atta Galatta,c928c705-9fc1-4e53-8340-7c7fdf1acc65,The Mermaid and Mrs.Hancock,Imogen Hermes Gowar,Unknown,
14,29/07/2018,BBB Meetup #14,Atta Galatta,ce508935-3a60-4903-9cc1-f0d1c98ccba2,The Miseducation of Cameron Post,Emily Danforth,Unknown,
14,29/07/2018,BBB Meetup #14,Atta Galatta,df479348-c902-4760-80b9-8d988a303882,The Monk and The Hangman’s Daughter,Ambrose Pierce,Unknown,
14,29/07/2018,BBB Meetup #14,Atta Galatta,3e2cf3b4-8398-40c9-b7d6-95d5d30fdcd6,The Myth of Sisyphus,Albert camus,Unknown,
14,29/07/2018,BBB Meetup #14,Atta Galatta,15170277-8273-4c97-a603-12abd5068a0c,The Periodic Table,Primo Levi,Unknown,
14,29/07/2018,BBB Meetup #14,Atta Galatta,80859eb4-cf72-415a-8eaa-ddb27f049aac,The Snowden Files,Luke Harding,Unknown,
14,29/07/2018,BBB Meetup #14,Atta Galatta,5eabc392-2ccd-4dce-ae4d-02b78dd59456,The Sovereign Individual,James Dale Davidson,Unknown,
14,29/07/2018,BBB Meetup #14,Atta Galatta,4f026f0d-59a5-45d1-b943-7ee4fd551117,The Stories of Your Life,Unknown,Unknown,
14,29/07/2018,BBB Meetup #14,Atta Galatta,5be133cf-f759-445f-bd85-fba8a26b6294,The Taliban Shuffle,Kim Barker,Unknown,
14,29/07/2018,BBB Meetup #14,Atta Galatta,3193712f-4a72-4060-a451-2e0ab55cfa3a,This Delicious Life,Lekshmi Gopinathan,Unknown,
14,29/07/2018,BBB Meetup #14,Atta Galatta,14dc07e9-5cf2-45da-9226-dcad5703a486,This Divided Island,Samanth Subramanian,Unknown,
14,29/07/2018,BBB Meetup #14,Atta Galatta,a7bb715b-234d-4e13-8c3e-8d2464ff9353,Three Body Problem,Cixin Liu,Unknown,
14,29/07/2018,BBB Meetup #14,Atta Galatta,858a5d00-cacc-469d-8297-d08e01b3330c,Vegetarian,Han Kang,Unknown,
14,29/07/2018,BBB Meetup #14,Atta Galatta,a38fc32d-4607-48ef-9083-138b73f4203a,Witches Abroad,Terry Pratchett,Unknown,
13,30/06/2018,BBB Meetup #13,Atta Galatta,42d6cead-23c3-4d47-bf58-29175ee48c68,2001 A Space Odyssey,Arthur C Clarke,Unknown,
13,30/06/2018,BBB Meetup #13,Atta Galatta,df853d1b-5e97-4265-a4e4-7f8d4b800e4a,A Horse Walks into a Bar,David Grossman,Unknown,
13,30/06/2018,BBB Meetup #13,Atta Galatta,2500312f-ea61-4316-b35c-d61a8466db03,A thousand splendid suns,Khaled Hosseini,Unknown,
13,30/06/2018,BBB Meetup #13,Atta Galatta,f4fc0295-a671-487f-b0b4-03473407e03b,Antarmukham (Telugu),Unknown,Unknown,
13,30/06/2018,BBB Meetup #13,Atta Galatta,70f50952-51c9-46a3-90c7-413d83590e77,Barefoot to Boots,Novy Kapadia,Unknown,
13,30/06/2018,BBB Meetup #13,Atta Galatta,259a91b1-5815-4c34-a9ca-78613eb6c847,Blue Umbrella,Ruskin Bond,Unknown,
13,30/06/2018,BBB Meetup #13,Atta Galatta,df6b0158-18a5-489b-a89f-6fb51723cdfc,Catcher in the Rye,JD Salinger,Unknown,
13,30/06/2018,BBB Meetup #13,Atta Galatta,6ba838dd-8bee-4022-a7d5-317469c77885,Dilbert’s Principle,Scott Adams,Unknown,
13,30/06/2018,BBB Meetup #13,Atta Galatta,e95c6ae0-d76f-47a8-a826-962fba57f198,Doomed,Chuck Palahniuk,Unknown,
13,30/06/2018,BBB Meetup #13,Atta Galatta,d83cf167-ffba-45b7-90c6-d85c8e750ae3,Dr.Fisher from Geneva,Graham Reed,Unknown,
13,30/06/2018,BBB Meetup #13,Atta Galatta,b3a0dbb8-270e-40bc-803f-9314586d356f,Ender’s Game,Orson Scott Card,Unknown,
13,30/06/2018,BBB Meetup #13,Atta Galatta,17d9d9d4-55f2-4dc2-bec2-647ed974a243,Expanse Novellas,James S. A.Corsey,Unknown,
13,30/06/2018,BBB Meetup #13,Atta Galatta,ef56aada-447e-43b8-bd52-18dc20ea57d6,Fall,Camus,Unknown,
13,30/06/2018,BBB Meetup #13,Atta Galatta,9584cc2f-f474-411d-8f69-62ffb44e008a,Finding Audrey,Sophie Kinsella,Unknown,
13,30/06/2018,BBB Meetup #13,Atta Galatta,40d41c6e-f26a-4c85-9303-3b5807dc5c67,Five People who you meet in the heaven,Mitch Albom,Unknown,
13,30/06/2018,BBB Meetup #13,Atta Galatta,54ed161e-897f-4c62-8c6a-9171c26ea2ac,Flowers of Algernon,Daniel Keyes,Unknown,
13,30/06/2018,BBB Meetup #13,Atta Galatta,9bff2fb0-8b29-4abf-98d2-8da25f24614d,Forty Rules of Love,Eli Shafak,Unknown,
13,30/06/2018,BBB Meetup #13,Atta Galatta,bf6bf711-4a6f-47e3-8f41-4f786e878e17,Fountainhead,Ayn Rand,Unknown,
13,30/06/2018,BBB Meetup #13,Atta Galatta,d98ccedd-640a-4137-a0ce-11161956ef1e,Gene,Sidharth Mukherjee,Unknown,
13,30/06/2018,BBB Meetup #13,Atta Galatta,083a3bb2-e160-48e2-9802-c8a3429fd267,GoT,GRRM,Unknown,
13,30/06/2018,BBB Meetup #13,Atta Galatta,71e27195-cb15-4ed5-a77a-d521ae1578aa,Granta,Unknown,Unknown,
13,30/06/2018,BBB Meetup #13,Atta Galatta,0fad1fa9-8b09-4670-8fd9-42c17dc7011b,HP1,Unknown,Unknown,
13,30/06/2018,BBB Meetup #13,Atta Galatta,19345d9d-21cf-492f-b12b-b1bcaa0a1521,How To Win Friends and Influence People,Dale Carnegie,Unknown,
13,30/06/2018,BBB Meetup #13,Atta Galatta,19cc2188-6a70-47eb-a313-7b46caecb83c,Immortal Life of Heneritta Lacks,Rebecca Skloot,Unknown,
13,30/06/2018,BBB Meetup #13,Atta Galatta,8a3394fd-f017-4b55-b0bf-88bfe18777e2,Interrogation of my Chandal Life,Manoranjan Byapari,Unknown,
13,30/06/2018,BBB Meetup #13,Atta Galatta,5006dd25-1eee-4ea0-9155-f70eb0a5d1dd,Lean In,Sheryl Sandberg,Unknown,
13,30/06/2018,BBB Meetup #13,Atta Galatta,50484636-3c0d-41a3-919e-fecddba7051c,Lincoln in the Bardo,George Saunders,Unknown,
13,30/06/2018,BBB Meetup #13,Atta Galatta,d107b589-220b-46ca-9fa0-5380292bbba5,Made to Stick,Dan Heath,Unknown,
13,30/06/2018,BBB Meetup #13,Atta Galatta,131f9707-94cc-40f6-b540-885652813a0c,Mahabharatha Murders,Arnab Ray,Unknown,
13,30/06/2018,BBB Meetup #13,Atta Galatta,36c25bd8-1f6d-41e2-9a14-c5798bfc2a17,Midsummer’s Equation,Kiego Higashino,Unknown,
13,30/06/2018,BBB Meetup #13,Atta Galatta,f54f9739-ff0e-43d0-b2b6-8ed4ef3d12c6,Ministry of Utmost Happiness,Arundhati Roy,Unknown,
13,30/06/2018,BBB Meetup #13,Atta Galatta,7c34ee64-5b99-4260-ac56-893183dc6876,My Lover’s Lover,Maggie O’Farrell,Unknown,
13,30/06/2018,BBB Meetup #13,Atta Galatta,92faf443-1aca-4519-9e4d-75cf800915f8,On the Road,Jack Kerouac,Unknown,
13,30/06/2018,BBB Meetup #13,Atta Galatta,aaeaf5cc-925a-42c0-bb1d-7d862f322028,One Part Woman,Perumal Murugan,Unknown,
13,30/06/2018,BBB Meetup #13,Atta Galatta,2151ef65-cef9-426a-b2cc-90b9e55329ff,Outliers,Malcolm Gladwell,Unknown,
13,30/06/2018,BBB Meetup #13,Atta Galatta,e15fcceb-3b7d-4698-8d42-b19709322d85,Poonachi,Perumal Murugan,Unknown,
13,30/06/2018,BBB Meetup #13,Atta Galatta,11426c7c-5b96-4f9d-8059-1344d8bfa1be,Rational Optimist,Matt Ridley,Unknown,
13,30/06/2018,BBB Meetup #13,Atta Galatta,8503965b-3b11-4dab-9814-dba06ed9c011,Return of the king: Battle for Afghanistan,William Dalrymple,Unknown,
13,30/06/2018,BBB Meetup #13,Atta Galatta,f89198e7-4b3d-4ebb-8d70-6ca8a13944f1,Sabriel,Garth Nix,Unknown,
13,30/06/2018,BBB Meetup #13,Atta Galatta,96412574-05dd-4d45-984b-45978d48a77c,Sacred Games,Vikram Chandra,Unknown,
13,30/06/2018,BBB Meetup #13,Atta Galatta,94ed2af2-ef4a-470e-9d81-767a3f226329,Sandman,Gaiman,Unknown,
13,30/06/2018,BBB Meetup #13,Atta Galatta,f1456df4-465f-45e7-96bc-b4577ca8aff0,Seeking Wisdom,Peter Bevelin,Unknown,
13,30/06/2018,BBB Meetup #13,Atta Galatta,fa9528ca-7b0a-4041-85b1-d18048d6880b,Shiva Trilogy,Amish,Unknown,
13,30/06/2018,BBB Meetup #13,Atta Galatta,06c27582-a964-4103-89a5-539bfe709afc,Skin in the game,Nassim Nicholas Taleb,Unknown,
13,30/06/2018,BBB Meetup #13,Atta Galatta,3077bdc1-be35-4667-a4ab-7af51ea29767,Sputnik Sweetheart,Haruki Murakami,Unknown,
13,30/06/2018,BBB Meetup #13,Atta Galatta,e7aaf69a-920f-488a-a7d1-cbc294ba9dcf,Story of a Brief Marriage,Anuk Arudprasagam,Unknown,
13,30/06/2018,BBB Meetup #13,Atta Galatta,050868f2-f9b8-401e-9f6d-be26d47df486,Survivor,Chuck Palahniuk,Unknown,
13,30/06/2018,BBB Meetup #13,Atta Galatta,bd014557-80c9-44f1-858f-856de40d745b,The Burden of Democracy,Pratap Bhanu Mehta,Unknown,
13,30/06/2018,BBB Meetup #13,Atta Galatta,f4f9504f-4c4d-4432-9690-d033dd14571c,The Color Purple,Alice Walker,Unknown,
13,30/06/2018,BBB Meetup #13,Atta Galatta,29dc0363-a306-454b-832e-63da56c73cf8,The Count of Monte Cristo,Alexandre Dumas,Unknown,
13,30/06/2018,BBB Meetup #13,Atta Galatta,4bef892c-3a13-423f-9d13-036396c86884,The Diamond Age,Neal Stephenson,Unknown,
13,30/06/2018,BBB Meetup #13,Atta Galatta,b5fb7106-21a3-4c62-9c63-312022b1d9a0,The Dragon Reborn,WoT - Robert Jordan,Unknown,
13,30/06/2018,BBB Meetup #13,Atta Galatta,4c5801c9-348b-4edd-b45c-6b07d8bde644,The Existentialist Cafe,Sarah Baker,Unknown,
13,30/06/2018,BBB Meetup #13,Atta Galatta,d1cf8767-d7ef-4b35-b1b9-390bd30d86c2,The Hate You Give,Angie Thomas,Unknown,
13,30/06/2018,BBB Meetup #13,Atta Galatta,14690c0e-7e73-42b7-951e-84a815635aff,The Illicit Happiness of other people,Manu Jospeh,Unknown,
13,30/06/2018,BBB Meetup #13,Atta Galatta,626df1a6-cc23-4591-b957-bf72b2ecde96,The Rosie Project,Unknown,Unknown,
13,30/06/2018,BBB Meetup #13,Atta Galatta,84a7acd8-945b-4829-ae89-144cf920d006,The Trial,Kafka,Unknown,
13,30/06/2018,BBB Meetup #13,Atta Galatta,e3181911-a9a1-4f92-9126-72c7fd8943e4,Think of A Number,John Verdon,Unknown,
13,30/06/2018,BBB Meetup #13,Atta Galatta,80c89cea-4064-47c2-95ee-936bd8bac602,"Thinking Fast, Thinking Slow",Daniel Kahneman,Unknown,
13,30/06/2018,BBB Meetup #13,Atta Galatta,f90c476d-21a8-48c8-b251-108dc760980b,Three Zeros,Mohammad Yunus,Unknown,
13,30/06/2018,BBB Meetup #13,Atta Galatta,e5f6b400-499e-4ddc-bc94-aacec8833082,Three stars shine down,Sidney Sheldon,Unknown,
13,30/06/2018,BBB Meetup #13,Atta Galatta,c64e075f-346d-4a20-9e23-a9016bcbe040,Witcher,The Last Witch,Unknown,
13,30/06/2018,BBB Meetup #13,Atta Galatta,e13cd8fa-3826-4d4d-83f2-8d87e0515108,Wonder,Rj Palacio,Unknown,
13,30/06/2018,BBB Meetup #13,Atta Galatta,9152555a-6f8b-4b36-918c-ac3da445d33c,Zero to One,Peter Thiel,Unknown,
12,27/05/2018,BBB Meetup #12,Atta Galatta,21e0a77a-673a-487a-9f35-64f2582ed164,1984,George Orwell,Unknown,
12,27/05/2018,BBB Meetup #12,Atta Galatta,42d6cead-23c3-4d47-bf58-29175ee48c68,2001 A Space Odyssey,Arthur C Clarke,Unknown,
12,27/05/2018,BBB Meetup #12,Atta Galatta,809ae59b-8d2a-427c-bb35-642bb120fcbc,A Scanner Darkly,PKD,Unknown,
12,27/05/2018,BBB Meetup #12,Atta Galatta,16dfe927-ff1d-40a5-acc4-db2559e29eff,All You Need Is Kill,Hiroshi Sakurazaka,Unknown,
12,27/05/2018,BBB Meetup #12,Atta Galatta,2cbaf8fa-874f-4b9f-a372-b81fe3b398a9,Altered Carbon,Richard Carbon,Unknown,
12,27/05/2018,BBB Meetup #12,Atta Galatta,77508c10-ca7d-4235-bc49-bdcd4fc3b45f,Artemis,Andy Weir,Unknown,
12,27/05/2018,BBB Meetup #12,Atta Galatta,31731780-7dbf-4719-8136-3975e5e17438,Bear and The Nightingale,Katherine Arden,Unknown,
12,27/05/2018,BBB Meetup #12,Atta Galatta,cbaf100a-e7fb-495d-aa8e-52065a048d2c,Between the World and Me,Ta Nehisi Coates,Unknown,
12,27/05/2018,BBB Meetup #12,Atta Galatta,c7866efa-79aa-436a-b224-00d7edba17a7,Blindness,Unknown,Unknown,
12,27/05/2018,BBB Meetup #12,Atta Galatta,7e7871a8-a9e0-49dd-9f19-22231ae764d3,Collected Fiction,Hannu Rajaniemi,Unknown,
12,27/05/2018,BBB Meetup #12,Atta Galatta,2feb90d4-89d8-4cef-94f2-b15659b64be9,Consider Phlebas,Iain M Banks,Unknown,
12,27/05/2018,BBB Meetup #12,Atta Galatta,bf405c12-09e0-4f6b-97a4-ee5fc853f564,Dead Send,Cixin Liu,Unknown,
12,27/05/2018,BBB Meetup #12,Atta Galatta,323b1519-ded5-4a54-b21f-11014ded2832,Disposessed,Ursula K Le Guin,Unknown,
12,27/05/2018,BBB Meetup #12,Atta Galatta,f12b8690-4f31-4fd0-8486-512cffeaae84,Do Androids,PKD,Unknown,
12,27/05/2018,BBB Meetup #12,Atta Galatta,230b4c90-22e6-4b71-9598-968ea07c2c82,Earth to Centauri: The First Journey,Kumar L,Unknown,
12,27/05/2018,BBB Meetup #12,Atta Galatta,cdc5b20d-6650-478b-aecb-b86edbdd697a,Edge of Physics,Anil Ananthaswamy,Unknown,
12,27/05/2018,BBB Meetup #12,Atta Galatta,7643a913-e566-4260-8339-de7cdaec2ff7,Emperor’s Soul,Sanderson,Unknown,
12,27/05/2018,BBB Meetup #12,Atta Galatta,b3a0dbb8-270e-40bc-803f-9314586d356f,Ender’s Game,Orson Scott Card,Unknown,
12,27/05/2018,BBB Meetup #12,Atta Galatta,fb400ac4-e83f-4f43-82e6-9ae43772ec3d,Flow (,Unknown,Unknown,
12,27/05/2018,BBB Meetup #12,Atta Galatta,498bfe01-a991-478f-b387-d1e4ac82048e,Genre Specific,Unknown,Unknown,
12,27/05/2018,BBB Meetup #12,Atta Galatta,05ac7ab9-0b3b-450a-8f8d-d1364e54f3f4,Grimus,Salman Rushdie,Unknown,
12,27/05/2018,BBB Meetup #12,Atta Galatta,29025e79-d568-484f-9651-e6bccdfc852f,H2G2,Douglas Adams,Unknown,
12,27/05/2018,BBB Meetup #12,Atta Galatta,16abacf7-cd20-42b9-95b2-17222b63ddc6,Hell! No saints in Paradise,A.K. Asif,Unknown,
12,27/05/2018,BBB Meetup #12,Atta Galatta,06236f8a-b793-4fde-b81f-032d50a1ce69,I have no mouth and I must scream,Harlan Ellison,Unknown,
12,27/05/2018,BBB Meetup #12,Atta Galatta,1d83dc46-751d-4ff3-8dbf-b4a97f53f298,"I,Robot",Isaac Asimov,Unknown,
12,27/05/2018,BBB Meetup #12,Atta Galatta,25700a69-d8a3-41ea-9f86-9539c0ed446a,Legion,Sanderson,Unknown,
12,27/05/2018,BBB Meetup #12,Atta Galatta,664cf97b-f58d-452f-b382-0169b310f63b,Martian,Andy Weir,Unknown,
12,27/05/2018,BBB Meetup #12,Atta Galatta,0b3e5c9f-6da3-48a7-9a87-f36cb9a1b3e3,Modern Romance,Aziz Ansari,Unknown,
12,27/05/2018,BBB Meetup #12,Atta Galatta,396975b0-d4e2-4f20-afbb-3f54c8dd5986,Non Genre,Unknown,Unknown,
12,27/05/2018,BBB Meetup #12,Atta Galatta,e4b0fddd-9bd7-489a-b753-45d3de741540,Professor Shonku,Satyajit Ray,Unknown,
12,27/05/2018,BBB Meetup #12,Atta Galatta,14566484-35a3-43e3-b844-9471ba6f015e,Rendezvous with Rama,Arthur C Clarke,Unknown,
12,27/05/2018,BBB Meetup #12,Atta Galatta,043dd346-cb7c-4eec-9bc1-9aa4a14898d8,Selfish Gene,Dawkins,Unknown,
12,27/05/2018,BBB Meetup #12,Atta Galatta,bde2bb16-bbf9-43f8-85d9-3cb093809d8a,The Bicentennial Man,Isaac Asimov,Unknown,
12,27/05/2018,BBB Meetup #12,Atta Galatta,d4b25613-6e6e-4b84-9533-a3ae1bb8b5e3,The Complete Robot,Isaac Asimov,Unknown,
12,27/05/2018,BBB Meetup #12,Atta Galatta,e782d6b3-222f-4f8a-b8f6-4f97d4bcf713,The Crystal Trilogy,Max Harms,Unknown,
12,27/05/2018,BBB Meetup #12,Atta Galatta,c54d5a17-9709-45bf-bacb-370a66497f58,The Great Gatsby,F Scott Fitzgerald,Unknown,
12,27/05/2018,BBB Meetup #12,Atta Galatta,8e4d0f6b-b621-433e-bb08-ea7d73e83fb2,The Man who wasn’t There,Anil Ananthaswamy,Unknown,
12,27/05/2018,BBB Meetup #12,Atta Galatta,64c0a1ee-98e5-4d9d-a452-792b39d75655,The Nine Billion Names of God,Arthur C Clarke,Unknown,
12,27/05/2018,BBB Meetup #12,Atta Galatta,ab2a7944-863c-4fe2-8501-cdc444bd0ae3,The Quantum Thief Trilogy,Hannu Rajaniemi,Unknown,
12,27/05/2018,BBB Meetup #12,Atta Galatta,4f78207b-85b6-4e0d-ada6-4633e03451e8,The Rational Man,Unknown,Unknown,
12,27/05/2018,BBB Meetup #12,Atta Galatta,5a6b68dc-2f09-4f59-b25c-f66b6bfe7628,The Savage Sword of Conan + Short Stories,Marvel/Robert E Howard,Unknown,
12,27/05/2018,BBB Meetup #12,Atta Galatta,151e69ab-7e60-48ae-8e11-ae75898bc3d7,The Themis Files,Sylvain Neuvel,Unknown,
12,27/05/2018,BBB Meetup #12,Atta Galatta,2a115a4c-fbab-41e3-b0a1-c6d32f651f96,The Trigan Empire,Hamlyn (Publisher),Unknown,
12,27/05/2018,BBB Meetup #12,Atta Galatta,6b72721e-2041-4b60-9475-94c8b66973f6,Thinking Fast and Slow (,Unknown,Unknown,
12,27/05/2018,BBB Meetup #12,Atta Galatta,e7977f41-9259-4f98-8a31-3a1b99332eb0,This Alien Shore,Cecilia Friedman,Unknown,
12,27/05/2018,BBB Meetup #12,Atta Galatta,a7bb715b-234d-4e13-8c3e-8d2464ff9353,Three Body Problem,Cixin Liu,Unknown,
12,27/05/2018,BBB Meetup #12,Atta Galatta,1a426fa8-e221-4b6c-83a5-a01a7b809df0,Thursday Next Series,Jasper Fforde,Unknown,
12,27/05/2018,BBB Meetup #12,Atta Galatta,c2d4cff6-aa32-4abd-86a3-261b7ecb33c1,Time Machine,HG Wells,Unknown,
12,27/05/2018,BBB Meetup #12,Atta Galatta,d820f1d4-d7ad-40a5-ba07-e0a477c67a04,Twenty Thousand Leagues Under The Sea,Jules Verne,Unknown,
12,27/05/2018,BBB Meetup #12,Atta Galatta,1b0f9f45-b213-4e30-9394-a57f3fc2dda2,White Mars,Roger Penrose,Unknown,
12,27/05/2018,BBB Meetup #12,Atta Galatta,a923ba48-53fd-4e4b-9491-f7a089a5e4d1,Who fears Death,Nnedi Okorafor,Unknown,
12,27/05/2018,BBB Meetup #12,Atta Galatta,66d2e0b4-a013-4ab7-abc5-af026d913aa8,Wild Sheep Chase,Haruki Murakami,Unknown,
12,27/05/2018,BBB Meetup #12,Atta Galatta,94d3c337-3e82-48d9-bdc9-d6bf2e2c813c,Yaana,S L Bhyrappa,Unknown,
12,27/05/2018,BBB Meetup #12,Atta Galatta,9152555a-6f8b-4b36-918c-ac3da445d33c,Zero to One,Peter Thiel,Unknown,
11,22/04/2018,BBB Meetup #11,Atta Galatta,2500312f-ea61-4316-b35c-d61a8466db03,A thousand splendid suns,Khaled Hosseini,Unknown,
11,22/04/2018,BBB Meetup #11,Atta Galatta,f0c5d730-5795-4c97-8336-c0e4624cc344,Create Dangerously,Albert camus,Unknown,
11,22/04/2018,BBB Meetup #11,Atta Galatta,6e430389-c401-47d3-ad73-9c47ca6a539a,Essays on Nationalalism,George Orwell,Unknown,
11,22/04/2018,BBB Meetup #11,Atta Galatta,1b534f5c-c529-45fe-9930-6335dfe3c47c,Guards Guards,Terry Pratchett,Unknown,
11,22/04/2018,BBB Meetup #11,Atta Galatta,5bbef058-e5b9-4b93-a7cc-c52414991741,Mid-Wicket Tales: From Trumper to Tendulkar,S Giridhar and V J Raghunath,Unknown,
11,22/04/2018,BBB Meetup #11,Atta Galatta,5153e646-bc23-473d-927a-e6bd1a4bcabd,Not that Kind of a Girl,Lenna Dunham,Unknown,
11,22/04/2018,BBB Meetup #11,Atta Galatta,800be123-bb1a-488b-80de-46bf4018c83d,The Book of Chocolate Saints,Jeet Thayil,Unknown,
11,22/04/2018,BBB Meetup #11,Atta Galatta,ea89372f-0c15-44bb-a155-50156e1f34b5,The Eye of the World,Robert Jordan,Unknown,
11,22/04/2018,BBB Meetup #11,Atta Galatta,5c65d2f9-3448-4e55-bed2-b42039b07237,The Game,Neil Strauss,Unknown,
11,22/04/2018,BBB Meetup #11,Atta Galatta,ee0551d9-2f91-43f4-8bf4-8fe44a731991,The Meursault Investigations,Kamel Daoud,Unknown,
11,22/04/2018,BBB Meetup #11,Atta Galatta,8b2da74e-0d06-4b17-8fd3-c01a6e98b9fe,Things Fall Apart,Chinua Achebe,Unknown,
9,24/02/2018,BBB Meetup #9,Atta Galatta,41b5b6aa-eaa8-435b-8ef0-8a67a5bac932,A Room of One’s Own,Virginia Woolf,Unknown,
9,24/02/2018,BBB Meetup #9,Atta Galatta,3b3acba3-b898-4e60-8bae-e33c2100e93d,Ready Player One,Unknown,Unknown,
9,24/02/2018,BBB Meetup #9,Atta Galatta,06c27582-a964-4103-89a5-539bfe709afc,Skin in the game,Nassim Nicholas Taleb,Unknown,
9,24/02/2018,BBB Meetup #9,Atta Galatta,922cb1f8-74f6-4a4e-a92a-6c18e8eae53b,The Elephant in the Brain,Kevin Simler,Unknown,
9,24/02/2018,BBB Meetup #9,Atta Galatta,f946aaa1-91bf-43de-acef-eb8584a98106,"We also had Rahul Kondi join us this time with his typewriter. You’re intrigued at the mention of a word you probably heard a decade ago. Yes, this boy sits at Church Street, in front of Blossoms every Saturday and types notes on his typewriter from 4 pm - 6 pm . I’m not sure if this counts as marketing but I should probably get a commission at this point……even If the whole thing is..you know.. free",Unknown,Unknown,
9,24/02/2018,BBB Meetup #9,Atta Galatta,cfc9b4e9-72fb-435e-89a6-33f3e3e24fe0,and a smattering of Murakami as always,Unknown,Unknown,
8,13/01/2018,BBB Meetup #8,Atta Galatta,21e0a77a-673a-487a-9f35-64f2582ed164,1984,George Orwell,Unknown,
8,13/01/2018,BBB Meetup #8,Atta Galatta,c1bca2d1-e644-421e-87ac-8008cee75287,9 lives,William Dalrymple,Unknown,
8,13/01/2018,BBB Meetup #8,Atta Galatta,86482396-5be1-464c-b5e5-30d2e1e1cddd,A horse and two goats,R K Narayan,Unknown,
8,13/01/2018,BBB Meetup #8,Atta Galatta,2500312f-ea61-4316-b35c-d61a8466db03,A thousand splendid suns,Khaled Hosseini,Unknown,
8,13/01/2018,BBB Meetup #8,Atta Galatta,722d999e-cb69-454e-a136-2f1c2329bbc9,Alex ferguson,Autobigraphy,Unknown,
8,13/01/2018,BBB Meetup #8,Atta Galatta,695d565c-36fb-4d51-bc74-47df87abc871,An ordinary life,Nawazuddin Siddiqui,Unknown,
8,13/01/2018,BBB Meetup #8,Atta Galatta,5b736fd7-a13c-490b-8c49-0af8b2dcb50c,Anna and the French Kiss,Stephanie Perkins,Unknown,
8,13/01/2018,BBB Meetup #8,Atta Galatta,4281c8a2-2037-4171-9730-a812e375aab3,Arguably,Christopher Hitchens,Unknown,
8,13/01/2018,BBB Meetup #8,Atta Galatta,6663706e-2f7f-4491-aa40-45e5d3718a73,Colorless Tsukuru Tazaki and His Years of Pilgrimage,Haruki Murakami,Unknown,
8,13/01/2018,BBB Meetup #8,Atta Galatta,03f13fd1-ec96-4055-8963-082a8a898ce0,Consent to Kill,Mitch Rapp,Unknown,
8,13/01/2018,BBB Meetup #8,Atta Galatta,b221b83e-8468-428f-ba1b-8bceab41826c,Em and the big Hoom,Jerry Pinto,Unknown,
8,13/01/2018,BBB Meetup #8,Atta Galatta,f8482653-bcc3-4da2-806c-a18226931c3c,Fangirl,Rainbow Rowell,Unknown,
8,13/01/2018,BBB Meetup #8,Atta Galatta,80a345f2-a922-4405-9e1f-d3678724908c,From Godmen to Tycoon,Priyanka Pathak,Unknown,
8,13/01/2018,BBB Meetup #8,Atta Galatta,08e9d46c-5d81-4c91-a0bf-83394766c6d2,Geetanjali,Rabindranath Tagore,Unknown,
8,13/01/2018,BBB Meetup #8,Atta Galatta,ef79ae71-6417-432b-8aa3-15fa29ea514d,Gujarat fights,Rana Ayyub,Unknown,
8,13/01/2018,BBB Meetup #8,Atta Galatta,97b6f5c1-9358-4207-9394-e4c870655c3a,How green was my valley,Richard Llewellyn,Unknown,
8,13/01/2018,BBB Meetup #8,Atta Galatta,f0067459-a470-4b8c-94fd-4e05fa0a4777,How to become a bawse,Lilly Singh,Unknown,
8,13/01/2018,BBB Meetup #8,Atta Galatta,ce70d271-502f-44f3-b52b-bf8bfe793934,I am Zlatan,Zlatan,Unknown,
8,13/01/2018,BBB Meetup #8,Atta Galatta,9911b70c-7493-4017-9d1b-b2f4096e5705,I could pee on that,Francesco Marciuliano,Unknown,
8,13/01/2018,BBB Meetup #8,Atta Galatta,f6a4b399-90d8-4d75-9119-dfd10b095fba,In the Shadow of the earth,JP Borders,Unknown,
8,13/01/2018,BBB Meetup #8,Atta Galatta,86f99c24-a86b-4599-a746-5441c8bba656,Milk and Honey,Rupi Kaur,Unknown,
8,13/01/2018,BBB Meetup #8,Atta Galatta,db995853-374e-4b8b-9d77-556dbc3129d7,Mistborn series,Brandon Sanderson,Unknown,
8,13/01/2018,BBB Meetup #8,Atta Galatta,7817666b-ce55-4edc-84fa-9818c72909a1,Mothering the Muslim,Nazia Erum,Unknown,
8,13/01/2018,BBB Meetup #8,Atta Galatta,f1429194-4a41-42c4-b3e4-da69ddad5586,Origin,Dan Brown,Unknown,
8,13/01/2018,BBB Meetup #8,Atta Galatta,409e3f70-0d78-4809-b516-4bab93610b9a,Paper Towns,John Green,Unknown,
8,13/01/2018,BBB Meetup #8,Atta Galatta,495ddc73-d753-4c25-96cc-ec6ca10dac18,Pillars of the Earth,Ken Follet,Unknown,
8,13/01/2018,BBB Meetup #8,Atta Galatta,d9f429e2-07f6-44c6-a84b-ba25e7993df2,Red Rising,Pierce Brown,Unknown,
8,13/01/2018,BBB Meetup #8,Atta Galatta,a19275e7-9623-4cd4-8a0f-f4aee1d1c571,"Screw it, let’s do it",Richard Branson,Unknown,
8,13/01/2018,BBB Meetup #8,Atta Galatta,8901791a-8b7b-4da2-a5b0-28a35b4d398b,The Alcatraz series,Brandon Sanderson,Unknown,
8,13/01/2018,BBB Meetup #8,Atta Galatta,1142bd1c-20ed-4a41-a0da-3b077ffbca98,The Cursed child,Unknown,Unknown,
8,13/01/2018,BBB Meetup #8,Atta Galatta,5c65d2f9-3448-4e55-bed2-b42039b07237,The Game,Neil Strauss,Unknown,
8,13/01/2018,BBB Meetup #8,Atta Galatta,de1a8b54-8131-4cd5-aace-26b81281f9e0,The Gene,Siddhartha Mukherjee,Unknown,
8,13/01/2018,BBB Meetup #8,Atta Galatta,f953b44e-f64b-4039-9446-881f91eddfd6,The God of small things,Arundhati Roy,Unknown,
8,13/01/2018,BBB Meetup #8,Atta Galatta,82edb7fa-aa0a-41af-8df5-7a2386f018f5,The Martian,Unknown,Unknown,
8,13/01/2018,BBB Meetup #8,Atta Galatta,b8b5ce05-567d-4cb7-96b5-e163aa4be5cd,The Peculiar Life of a lonely Postman,Denis Theriault,Unknown,
8,13/01/2018,BBB Meetup #8,Atta Galatta,e3ca3b6e-dd0d-4b62-bbec-d4bc3686437c,The boy who loved,Durjoy Dutta,Unknown,
8,13/01/2018,BBB Meetup #8,Atta Galatta,8a3b8ae3-ed93-4497-92ed-ad4ede75f722,The castle,Kafka,Unknown,
8,13/01/2018,BBB Meetup #8,Atta Galatta,10e1aea8-4fdb-42a8-9bed-5c984054a77d,The hunger games,Suzanne Collins,Unknown,
8,13/01/2018,BBB Meetup #8,Atta Galatta,44932536-6d09-436e-8761-0fe70f01574b,The ministry of utmost happiness,Arundhati Roy,Unknown,
8,13/01/2018,BBB Meetup #8,Atta Galatta,11819fb4-dc85-4a56-b485-a8eb4aaea84d,The postman’s fiance,Denis Theriault,Unknown,
8,13/01/2018,BBB Meetup #8,Atta Galatta,456df79d-499b-42a3-a8f0-41a07229fa7a,The quantum Thief,Hannu Rajaniemi,Unknown,
8,13/01/2018,BBB Meetup #8,Atta Galatta,351e3112-05d6-432d-a6b8-0573187afbb7,The stranger,Albert camus,Unknown,
8,13/01/2018,BBB Meetup #8,Atta Galatta,ea0751db-b478-468c-ad2c-8cdd5fb847ff,The summer requiem,Vikramn Seth,Unknown,
8,13/01/2018,BBB Meetup #8,Atta Galatta,bfc20da6-47cc-4476-b6f3-e4eae89030db,The vegetarian,Han Kang,Unknown,
8,13/01/2018,BBB Meetup #8,Atta Galatta,a8ecba9b-db3c-4fda-8b73-eaee91919612,The wind in the willows,Kenneth Grahame,Unknown,
8,13/01/2018,BBB Meetup #8,Atta Galatta,27c5a503-1d2e-4179-97f0-4b2a814c2e50,The wind up bird chronicle,Haruki Murakami,Unknown,
8,13/01/2018,BBB Meetup #8,Atta Galatta,92ab5016-c27d-4966-b72e-e7b35d9897d5,There’s someone inside your house,Stephanie Perkins,Unknown,
8,13/01/2018,BBB Meetup #8,Atta Galatta,f7eac406-92c7-48ba-9c41-cd25355e4166,Turtles all the way,John Green,Unknown,
8,13/01/2018,BBB Meetup #8,Atta Galatta,7355f0c6-5dd2-4197-81ae-febfc2ea6429,Why poetry,Matthew Zapruder,Unknown,
8,13/01/2018,BBB Meetup #8,Atta Galatta,42e06aad-e189-4ce1-859f-2deee430a8da,Winter of the World,Ken Follet,Unknown,
8,13/01/2018,BBB Meetup #8,Atta Galatta,39932b9e-2322-40ea-a7b2-2fde18419e8a,Wolves of the Calla (The Dark Tower #5),Stephen King,Unknown,
8,13/01/2018,BBB Meetup #8,Atta Galatta,2fb4fe99-36e4-4197-8fef-c05341cad5e3,∙ In Search of Lost Time,Marcel Proust,Unknown,
5,30/09/2017,BBB Meetup #5,Atta Galatta,306aa7db-868b-4508-8152-f595ee98e397,11/22/63,Stephen King,Unknown,
5,30/09/2017,BBB Meetup #5,Atta Galatta,965ee342-4d76-49c8-a638-d9725cee77a0,Americanah,Chimamanda Ngozi Adichie,Unknown,
5,30/09/2017,BBB Meetup #5,Atta Galatta,9c9ad28a-3177-4bf4-8142-100bf6b46e39,"Another good meetup :) Thank you, those of you who could make it!",Unknown,Unknown,
5,30/09/2017,BBB Meetup #5,Atta Galatta,9a6a63ce-7722-41da-985e-075a4a59acac,Aristotle and Dante Discover the Secrets of the Universe,Benjamin Alire Sáenz,Unknown,
5,30/09/2017,BBB Meetup #5,Atta Galatta,5f834a40-51ed-4b4b-96b4-97ed201db1cf,Capital: The Eruption of Delhi,Rana Dasgupta,Unknown,
5,30/09/2017,BBB Meetup #5,Atta Galatta,279976e0-d87d-4d17-8418-e439c6cfd5bf,City Adrift : A Short Biography of Bombay,Naresh Fernandes,Unknown,
5,30/09/2017,BBB Meetup #5,Atta Galatta,92f079a0-f36c-4267-a23f-22e4664b31bf,City of Djinns: A Year in Delhi,William Dalrymple,Unknown,
5,30/09/2017,BBB Meetup #5,Atta Galatta,2d4b43a1-8c99-4dd6-a952-794a1350c84e,D This was quite the list to compile and as I was listing them out I felt a twinge of guilt at not having recognised close to half of the books :) I’m sure you will too. Pick up a book today! :D,Unknown,Unknown,
5,30/09/2017,BBB Meetup #5,Atta Galatta,23ede9be-54eb-49ec-b510-71af41307104,Eleanor & Park,Rainbow Rowell,Unknown,
5,30/09/2017,BBB Meetup #5,Atta Galatta,3d62da47-2bc1-4b05-b76d-82a909320b2d,Empire of Cotton: A Global History,Sven Beckert,Unknown,
5,30/09/2017,BBB Meetup #5,Atta Galatta,19b12047-da7e-4e30-9be3-c2e9287c0cf8,Hope to see some of the rest of you next time :),Unknown,Unknown,
5,30/09/2017,BBB Meetup #5,Atta Galatta,bdc95c8c-69b8-4868-b607-c46df2d53f3d,Hot Tea Across India,Rishad Saam Mehta,Unknown,
5,30/09/2017,BBB Meetup #5,Atta Galatta,22f6aa23-847e-4f89-9162-a957c0fc4494,India vs Pakistan: Why Can’t We Just Be Friends?,Husain Haqqani,Unknown,
5,30/09/2017,BBB Meetup #5,Atta Galatta,e43024e9-f8b3-4c72-bc46-bb41a993de8e,Malazan Book of the Fallen Series,Steven Erikson,Unknown,
5,30/09/2017,BBB Meetup #5,Atta Galatta,755f387a-2614-4407-9c8e-7fa5fb357a3a,Oh and we wound down the meetup by running across the road from Atta Galatta to Dyu Art Cafe where we wolfed down some good eatables,Unknown,Unknown,
5,30/09/2017,BBB Meetup #5,Atta Galatta,cd3e1735-655c-4721-9c0e-ff9750f3c5d1,Purple Hibiscus,Chimamanda Ngozi Adichie,Unknown,
5,30/09/2017,BBB Meetup #5,Atta Galatta,d12ee391-5885-45f9-9bc0-0173aa7b8964,"Quantum: Einstein, Bohr and the Great Debate About the Nature of Reality",Manjit Kumar,Unknown,
5,30/09/2017,BBB Meetup #5,Atta Galatta,cf29e284-c41f-42df-bd6a-a77065ff9d7c,Robot Series,Isaac Asimov,Unknown,
5,30/09/2017,BBB Meetup #5,Atta Galatta,ee90ab60-12fc-4974-8955-f42ba12b6c9f,Sapiens: A Brief History of Humankind,Yuval Noah Harari,Unknown,
5,30/09/2017,BBB Meetup #5,Atta Galatta,5c7ba6c5-0f3d-49e6-98ee-71548dd0bef9,Shades of Darkness,A.R. Kahler,Unknown,
5,30/09/2017,BBB Meetup #5,Atta Galatta,a4c68254-7d87-41fb-967c-ff4c43663632,Shibumi,Trevanian,Unknown,
5,30/09/2017,BBB Meetup #5,Atta Galatta,70a47048-bc05-4a22-bbe1-5efb5ebcac3b,Shikhandi and Other Stories They Don’t Tell You,Devdutt Pattanaik,Unknown,
5,30/09/2017,BBB Meetup #5,Atta Galatta,62f4b8a8-facc-406d-8e88-82264f5e50e6,Shoe Dog: A Memoir,the Creator of NIKE by Phil Knight,Unknown,
5,30/09/2017,BBB Meetup #5,Atta Galatta,3077bdc1-be35-4667-a4ab-7af51ea29767,Sputnik Sweetheart,Haruki Murakami,Unknown,
5,30/09/2017,BBB Meetup #5,Atta Galatta,44c1a9f3-e0aa-4b62-ac7c-b16421f143a8,Storm Born,Richelle Mead,Unknown,
5,30/09/2017,BBB Meetup #5,Atta Galatta,38d85e72-9e02-493b-97e3-7127b4145e24,"The Blaft Anthology of Tamil Pulp Fiction, Vol. I",Rakesh Khanna,Unknown,
5,30/09/2017,BBB Meetup #5,Atta Galatta,d597acf5-f134-4386-b2f2-0115de97eb43,The Final Empire,Brandon Sanderson,Unknown,
5,30/09/2017,BBB Meetup #5,Atta Galatta,100709d3-9e90-4d62-b7ba-39801a287461,The Fry Chronicles,Unknown,Unknown,
5,30/09/2017,BBB Meetup #5,Atta Galatta,0930c224-9e30-49b7-81a3-d2340d3ba189,The Kingkiller Chronicle Series,Patrick Rothfuss,Unknown,
5,30/09/2017,BBB Meetup #5,Atta Galatta,2a066ca3-cef2-4395-b11c-3e14a0b02eca,The Pregnant King,Devdutt Pattanaik,Unknown,
5,30/09/2017,BBB Meetup #5,Atta Galatta,f334112f-dadc-4a68-a97b-32c5f539129f,The Ruby in the Smoke,Philip Pullman,Unknown,
5,30/09/2017,BBB Meetup #5,Atta Galatta,50f25aa0-8d5d-4e07-be2e-4c9912e44677,The Way of Kings,Brandon Sanderson,Unknown,
5,30/09/2017,BBB Meetup #5,Atta Galatta,8c5daa31-cd4b-42c6-a766-e09e504e6fbd,The Wheel of Time Series,Robert Jordan,Unknown,
5,30/09/2017,BBB Meetup #5,Atta Galatta,e4bd4e66-73c1-4255-aed8-03684e48cfb9,Throne of Glass Series,Sarah J. Maas,Unknown,
5,30/09/2017,BBB Meetup #5,Atta Galatta,5101116f-9bf0-4835-9166-d701033cd0e4,We Should All Be Feminists,Chimamanda Ngozi Adichie,Unknown,
4,26/08/2017,BBB Meetup #4,Atta Galatta,db23293f-f6b1-46c0-9b07-0cec3dd23fe8,"After this, a couple of us went to Bookworm and Blossoms and got ourselves a humble haul of books.....thats it....THIS IS ALL THE DATA I HAVE FROM THE MEETUPS...i know some meetups there is not data available",Unknown,Unknown,
4,26/08/2017,BBB Meetup #4,Atta Galatta,cc63a922-4374-42b6-8539-9624e015ff1b,An association of small bombs,Unknown,Unknown,
4,26/08/2017,BBB Meetup #4,Atta Galatta,ad01f29a-0e81-4352-8d3b-0cbc87721733,Askew,Unknown,Unknown,
4,26/08/2017,BBB Meetup #4,Atta Galatta,5f67db08-8f20-4948-9eba-070cff96d015,Before we visit the Goddess,Unknown,Unknown,
4,26/08/2017,BBB Meetup #4,Atta Galatta,1b3a4898-bf35-4689-bbd3-ce8e0b03d870,Cuckold (,Unknown,Unknown,
4,26/08/2017,BBB Meetup #4,Atta Galatta,3e068b4e-d334-4f4d-96ae-11d0c60c48f0,Elon Musk,Unknown,Unknown,
4,26/08/2017,BBB Meetup #4,Atta Galatta,064f4f64-6fd2-43b1-8e3e-c24cd246689b,Nine Lives,Unknown,Unknown,
4,26/08/2017,BBB Meetup #4,Atta Galatta,917b5fca-9174-4a7f-abac-93dc80fc5568,Tamil,Unknown,Unknown,
4,26/08/2017,BBB Meetup #4,Atta Galatta,c12a844f-a4e8-472b-afaa-a5e81bb867cd,The Dark Tower,Unknown,Unknown,
4,26/08/2017,BBB Meetup #4,Atta Galatta,2a52d07c-99d3-40fe-a557-016c5d858b1d,The Liberation of Sita (,Unknown,Unknown,
4,26/08/2017,BBB Meetup #4,Atta Galatta,06286e86-f640-428f-8db7-d9ae3016cc7e,The Night Circus,Unknown,Unknown,
4,26/08/2017,BBB Meetup #4,Atta Galatta,97591e87-7f0c-4a53-8334-b3224446c114,The Sellout,Unknown,Unknown,
4,26/08/2017,BBB Meetup #4,Atta Galatta,43b780b8-2689-4841-8f33-debea4474c91,The Shadow Throne,Unknown,Unknown,
4,26/08/2017,BBB Meetup #4,Atta Galatta,a38cb376-4e7e-4d2d-a3ac-8b02dcbf1fca,The Wealth of Nations,Unknown,Unknown,
